driver_id,timestamp,status
D101,2023-10-02 00:00:00,Online
D101,2023-10-02 00:32:00,Idle
D101,2023-10-02 01:35:00,Idle
D101,2023-10-02 03:15:00,Busy
D101,2023-10-02 04:00:00,Idle
D101,2023-10-02 04:15:00,Busy
D101,2023-10-02 06:00:00,Idle
D101,2023-10-02 07:29:00,Idle
D101,2023-10-02 08:53:00,Busy
D101,2023-10-02 09:43:00,Busy
D101,2023-10-02 10:41:00,Busy
D101,2023-10-02 11:05:00,Offline
D101,2023-10-03 04:05:00,Online
D101,2023-10-03 05:01:00,Idle
D101,2023-10-03 07:01:00,Busy
D101,2023-10-03 07:36:00,Idle
D101,2023-10-03 08:39:00,Busy
D101,2023-10-03 09:42:00,Idle
D101,2023-10-03 11:40:00,Idle
D101,2023-10-03 12:09:00,Busy
D101,2023-10-03 12:50:00,Busy
D101,2023-10-03 13:36:00,Busy
D101,2023-10-03 14:09:00,Busy
D101,2023-10-03 14:48:00,Offline
D101,2023-10-04 05:48:00,Online
D101,2023-10-04 06:12:00,Busy
D101,2023-10-04 06:34:00,Idle
D101,2023-10-04 06:50:00,Idle
D101,2023-10-04 07:35:00,Offline
D101,2023-10-05 03:35:00,Online
D101,2023-10-05 05:30:00,Idle
D101,2023-10-05 05:53:00,Idle
D101,2023-10-05 06:28:00,Idle
D101,2023-10-05 07:15:00,Busy
D101,2023-10-05 07:51:00,Offline
D101,2023-10-06 07:51:00,Online
D101,2023-10-06 08:46:00,Busy
D101,2023-10-06 10:37:00,Idle
D101,2023-10-06 11:37:00,Idle
D101,2023-10-06 13:12:00,Idle
D101,2023-10-06 13:40:00,Busy
D101,2023-10-06 14:17:00,Idle
D101,2023-10-06 14:36:00,Busy
D101,2023-10-06 15:25:00,Offline
D101,2023-10-07 15:25:00,Online
D101,2023-10-07 17:02:00,Busy
D101,2023-10-07 18:57:00,Busy
D101,2023-10-07 20:42:00,Idle
D101,2023-10-07 20:59:00,Offline
D101,2023-10-08 15:59:00,Online
D101,2023-10-08 17:51:00,Idle
D101,2023-10-08 19:46:00,Busy
D101,2023-10-08 21:24:00,Busy
D101,2023-10-08 22:46:00,Busy
D101,2023-10-09 00:09:00,Idle
D101,2023-10-09 00:34:00,Idle
D101,2023-10-09 02:09:00,Idle
D101,2023-10-09 03:59:00,Busy
D101,2023-10-09 04:18:00,Busy
D101,2023-10-09 05:37:00,Idle
D101,2023-10-09 06:11:00,Offline
D102,2023-10-01 00:00:00,Online
D102,2023-10-01 01:27:00,Idle
D102,2023-10-01 02:45:00,Idle
D102,2023-10-01 04:24:00,Idle
D102,2023-10-01 05:07:00,Busy
D102,2023-10-01 06:38:00,Idle
D102,2023-10-01 07:28:00,Idle
D102,2023-10-01 08:04:00,Idle
D102,2023-10-01 09:32:00,Idle
D102,2023-10-01 10:26:00,Busy
D102,2023-10-01 11:02:00,Idle
D102,2023-10-01 11:52:00,Offline
D102,2023-10-02 11:52:00,Online
D102,2023-10-02 13:04:00,Idle
D102,2023-10-02 14:37:00,Busy
D102,2023-10-02 16:03:00,Idle
D102,2023-10-02 16:41:00,Idle
D102,2023-10-02 18:30:00,Busy
D102,2023-10-02 18:53:00,Offline
D102,2023-10-03 17:53:00,Online
D102,2023-10-03 19:23:00,Idle
D102,2023-10-03 20:01:00,Busy
D102,2023-10-03 20:40:00,Idle
D102,2023-10-03 21:20:00,Idle
D102,2023-10-03 21:37:00,Busy
D102,2023-10-03 22:35:00,Busy
D102,2023-10-04 00:21:00,Busy
D102,2023-10-04 01:00:00,Busy
D102,2023-10-04 01:34:00,Busy
D102,2023-10-04 01:57:00,Busy
D102,2023-10-04 02:52:00,Offline
D102,2023-10-04 15:52:00,Online
D102,2023-10-04 17:00:00,Busy
D102,2023-10-04 18:39:00,Busy
D102,2023-10-04 19:34:00,Busy
D102,2023-10-04 21:01:00,Busy
D102,2023-10-04 22:59:00,Busy
D102,2023-10-04 23:40:00,Busy
D102,2023-10-05 00:05:00,Busy
D102,2023-10-05 00:30:00,Busy
D102,2023-10-05 01:45:00,Idle
D102,2023-10-05 02:31:00,Offline
D102,2023-10-05 18:31:00,Online
D102,2023-10-05 20:04:00,Busy
D102,2023-10-05 21:28:00,Busy
D102,2023-10-05 23:14:00,Busy
D102,2023-10-06 00:31:00,Busy
D102,2023-10-06 01:55:00,Idle
D102,2023-10-06 03:02:00,Idle
D102,2023-10-06 03:20:00,Offline
D102,2023-10-07 02:20:00,Online
D102,2023-10-07 03:50:00,Busy
D102,2023-10-07 04:29:00,Busy
D102,2023-10-07 05:25:00,Busy
D102,2023-10-07 06:59:00,Idle
D102,2023-10-07 07:49:00,Offline
D102,2023-10-08 06:49:00,Online
D102,2023-10-08 08:29:00,Busy
D102,2023-10-08 08:53:00,Busy
D102,2023-10-08 09:57:00,Busy
D102,2023-10-08 10:34:00,Busy
D102,2023-10-08 11:59:00,Idle
D102,2023-10-08 13:55:00,Idle
D102,2023-10-08 14:32:00,Busy
D102,2023-10-08 15:13:00,Busy
D102,2023-10-08 16:04:00,Offline
D102,2023-10-09 04:04:00,Online
D102,2023-10-09 04:36:00,Busy
D102,2023-10-09 06:18:00,Busy
D102,2023-10-09 07:04:00,Idle
D102,2023-10-09 07:50:00,Idle
D102,2023-10-09 09:35:00,Busy
D102,2023-10-09 10:24:00,Idle
D102,2023-10-09 10:40:00,Busy
D102,2023-10-09 11:21:00,Offline
D102,2023-10-10 00:21:00,Online
D102,2023-10-10 01:10:00,Busy
D102,2023-10-10 01:45:00,Busy
D102,2023-10-10 03:42:00,Idle
D102,2023-10-10 05:19:00,Busy
D102,2023-10-10 06:26:00,Busy
D102,2023-10-10 07:51:00,Busy
D102,2023-10-10 08:34:00,Offline
D102,2023-10-11 07:34:00,Online
D102,2023-10-11 09:20:00,Busy
D102,2023-10-11 10:33:00,Busy
D102,2023-10-11 12:29:00,Idle
D102,2023-10-11 14:04:00,Idle
D102,2023-10-11 15:00:00,Idle
D102,2023-10-11 16:08:00,Busy
D102,2023-10-11 16:32:00,Idle
D102,2023-10-11 18:05:00,Idle
D102,2023-10-11 18:37:00,Busy
D102,2023-10-11 19:14:00,Offline
D102,2023-10-12 09:14:00,Online
D102,2023-10-12 09:48:00,Idle
D102,2023-10-12 11:42:00,Idle
D102,2023-10-12 13:31:00,Idle
D102,2023-10-12 15:00:00,Busy
D102,2023-10-12 15:25:00,Offline
D102,2023-10-13 04:25:00,Online
D102,2023-10-13 05:42:00,Busy
D102,2023-10-13 06:24:00,Busy
D102,2023-10-13 07:46:00,Busy
D102,2023-10-13 09:06:00,Busy
D102,2023-10-13 09:57:00,Busy
D102,2023-10-13 10:50:00,Busy
D102,2023-10-13 12:02:00,Idle
D102,2023-10-13 13:48:00,Idle
D102,2023-10-13 14:39:00,Offline
D103,2023-10-03 00:00:00,Online
D103,2023-10-03 00:37:00,Idle
D103,2023-10-03 01:04:00,Busy
D103,2023-10-03 01:39:00,Busy
D103,2023-10-03 02:47:00,Idle
D103,2023-10-03 04:31:00,Busy
D103,2023-10-03 04:53:00,Idle
D103,2023-10-03 05:46:00,Offline
D103,2023-10-03 20:46:00,Online
D103,2023-10-03 22:16:00,Busy
D103,2023-10-03 23:06:00,Idle
D103,2023-10-04 00:43:00,Busy
D103,2023-10-04 01:24:00,Idle
D103,2023-10-04 02:57:00,Idle
D103,2023-10-04 03:54:00,Busy
D103,2023-10-04 05:25:00,Idle
D103,2023-10-04 07:20:00,Busy
D103,2023-10-04 07:30:00,Offline
D103,2023-10-04 23:30:00,Online
D103,2023-10-05 01:20:00,Busy
D103,2023-10-05 02:09:00,Busy
D103,2023-10-05 03:56:00,Busy
D103,2023-10-05 05:12:00,Idle
D103,2023-10-05 05:32:00,Idle
D103,2023-10-05 07:26:00,Idle
D103,2023-10-05 09:22:00,Busy
D103,2023-10-05 10:21:00,Offline
D103,2023-10-05 23:21:00,Online
D103,2023-10-05 23:43:00,Idle
D103,2023-10-06 01:00:00,Idle
D103,2023-10-06 01:41:00,Busy
D103,2023-10-06 02:56:00,Busy
D103,2023-10-06 03:23:00,Idle
D103,2023-10-06 05:17:00,Busy
D103,2023-10-06 05:50:00,Offline
D103,2023-10-07 01:50:00,Online
D103,2023-10-07 03:23:00,Busy
D103,2023-10-07 04:54:00,Idle
D103,2023-10-07 05:37:00,Busy
D103,2023-10-07 06:09:00,Busy
D103,2023-10-07 07:00:00,Busy
D103,2023-10-07 08:02:00,Busy
D103,2023-10-07 09:43:00,Busy
D103,2023-10-07 11:26:00,Idle
D103,2023-10-07 12:28:00,Idle
D103,2023-10-07 13:14:00,Offline
D103,2023-10-08 11:14:00,Online
D103,2023-10-08 11:38:00,Idle
D103,2023-10-08 13:06:00,Idle
D103,2023-10-08 14:35:00,Idle
D103,2023-10-08 15:27:00,Offline
D103,2023-10-09 08:27:00,Online
D103,2023-10-09 10:08:00,Busy
D103,2023-10-09 11:06:00,Busy
D103,2023-10-09 12:13:00,Idle
D103,2023-10-09 12:46:00,Busy
D103,2023-10-09 13:35:00,Idle
D103,2023-10-09 14:32:00,Busy
D103,2023-10-09 15:32:00,Busy
D103,2023-10-09 16:15:00,Offline
D103,2023-10-10 08:15:00,Online
D103,2023-10-10 10:10:00,Idle
D103,2023-10-10 10:42:00,Busy
D103,2023-10-10 11:01:00,Idle
D103,2023-10-10 12:30:00,Idle
D103,2023-10-10 13:12:00,Offline
D104,2023-10-06 00:00:00,Online
D104,2023-10-06 00:54:00,Idle
D104,2023-10-06 02:13:00,Busy
D104,2023-10-06 04:06:00,Idle
D104,2023-10-06 04:21:00,Idle
D104,2023-10-06 05:46:00,Busy
D104,2023-10-06 07:20:00,Idle
D104,2023-10-06 09:01:00,Idle
D104,2023-10-06 09:16:00,Offline
D104,2023-10-06 22:16:00,Online
D104,2023-10-06 22:52:00,Idle
D104,2023-10-07 00:13:00,Busy
D104,2023-10-07 00:56:00,Busy
D104,2023-10-07 02:35:00,Idle
D104,2023-10-07 04:18:00,Idle
D104,2023-10-07 05:59:00,Idle
D104,2023-10-07 07:10:00,Idle
D104,2023-10-07 07:59:00,Offline
D104,2023-10-08 04:59:00,Online
D104,2023-10-08 05:42:00,Busy
D104,2023-10-08 06:19:00,Busy
D104,2023-10-08 08:19:00,Idle
D104,2023-10-08 09:46:00,Busy
D104,2023-10-08 10:06:00,Busy
D104,2023-10-08 11:08:00,Busy
D104,2023-10-08 11:50:00,Idle
D104,2023-10-08 13:06:00,Idle
D104,2023-10-08 13:41:00,Offline
D104,2023-10-09 03:41:00,Online
D104,2023-10-09 03:58:00,Busy
D104,2023-10-09 04:23:00,Busy
D104,2023-10-09 05:04:00,Busy
D104,2023-10-09 05:40:00,Offline
D104,2023-10-09 21:40:00,Online
D104,2023-10-09 22:03:00,Idle
D104,2023-10-09 22:25:00,Idle
D104,2023-10-09 23:31:00,Idle
D104,2023-10-10 01:31:00,Busy
D104,2023-10-10 02:43:00,Idle
D104,2023-10-10 03:03:00,Idle
D104,2023-10-10 03:42:00,Offline
D104,2023-10-11 00:42:00,Online
D104,2023-10-11 02:19:00,Idle
D104,2023-10-11 04:18:00,Busy
D104,2023-10-11 05:38:00,Busy
D104,2023-10-11 07:28:00,Busy
D104,2023-10-11 07:46:00,Idle
D104,2023-10-11 08:22:00,Idle
D104,2023-10-11 08:44:00,Busy
D104,2023-10-11 10:32:00,Idle
D104,2023-10-11 11:31:00,Busy
D104,2023-10-11 11:53:00,Busy
D104,2023-10-11 12:33:00,Offline
D104,2023-10-12 05:33:00,Online
D104,2023-10-12 06:43:00,Busy
D104,2023-10-12 07:33:00,Busy
D104,2023-10-12 08:33:00,Idle
D104,2023-10-12 10:25:00,Busy
D104,2023-10-12 10:59:00,Idle
D104,2023-10-12 11:28:00,Idle
D104,2023-10-12 12:21:00,Idle
D104,2023-10-12 12:46:00,Busy
D104,2023-10-12 13:41:00,Busy
D104,2023-10-12 15:33:00,Busy
D104,2023-10-12 16:30:00,Offline
D104,2023-10-13 05:30:00,Online
D104,2023-10-13 06:38:00,Idle
D104,2023-10-13 07:28:00,Busy
D104,2023-10-13 09:21:00,Idle
D104,2023-10-13 10:00:00,Busy
D104,2023-10-13 10:30:00,Idle
D104,2023-10-13 12:05:00,Idle
D104,2023-10-13 13:57:00,Busy
D104,2023-10-13 15:05:00,Busy
D104,2023-10-13 16:22:00,Busy
D104,2023-10-13 17:07:00,Offline
D104,2023-10-14 13:07:00,Online
D104,2023-10-14 14:23:00,Idle
D104,2023-10-14 15:08:00,Idle
D104,2023-10-14 17:04:00,Idle
D104,2023-10-14 18:31:00,Idle
D104,2023-10-14 20:05:00,Idle
D104,2023-10-14 21:04:00,Offline
D104,2023-10-15 19:04:00,Online
D104,2023-10-15 20:49:00,Busy
D104,2023-10-15 22:16:00,Busy
D104,2023-10-15 23:01:00,Idle
D104,2023-10-15 23:36:00,Idle
D104,2023-10-16 00:35:00,Idle
D104,2023-10-16 01:46:00,Idle
D104,2023-10-16 02:23:00,Offline
D104,2023-10-16 18:23:00,Online
D104,2023-10-16 19:05:00,Idle
D104,2023-10-16 20:49:00,Idle
D104,2023-10-16 21:28:00,Idle
D104,2023-10-16 21:49:00,Offline
D104,2023-10-17 12:49:00,Online
D104,2023-10-17 14:46:00,Busy
D104,2023-10-17 15:45:00,Busy
D104,2023-10-17 17:40:00,Idle
D104,2023-10-17 18:18:00,Idle
D104,2023-10-17 20:07:00,Idle
D104,2023-10-17 21:53:00,Idle
D104,2023-10-17 22:44:00,Idle
D104,2023-10-17 23:42:00,Idle
D104,2023-10-18 00:53:00,Busy
D104,2023-10-18 01:12:00,Idle
D104,2023-10-18 01:35:00,Offline
D104,2023-10-18 15:35:00,Online
D104,2023-10-18 17:17:00,Busy
D104,2023-10-18 19:08:00,Busy
D104,2023-10-18 19:36:00,Busy
D104,2023-10-18 21:03:00,Busy
D104,2023-10-18 22:44:00,Busy
D104,2023-10-18 23:42:00,Idle
D104,2023-10-19 00:52:00,Idle
D104,2023-10-19 01:50:00,Busy
D104,2023-10-19 02:34:00,Offline
D104,2023-10-19 19:34:00,Online
D104,2023-10-19 20:28:00,Idle
D104,2023-10-19 21:35:00,Idle
D104,2023-10-19 22:32:00,Idle
D104,2023-10-19 22:51:00,Offline
D104,2023-10-20 20:51:00,Online
D104,2023-10-20 21:26:00,Idle
D104,2023-10-20 22:04:00,Busy
D104,2023-10-20 23:18:00,Idle
D104,2023-10-20 23:57:00,Offline
D105,2023-10-05 00:00:00,Online
D105,2023-10-05 00:18:00,Busy
D105,2023-10-05 00:45:00,Idle
D105,2023-10-05 01:50:00,Idle
D105,2023-10-05 02:50:00,Busy
D105,2023-10-05 04:09:00,Idle
D105,2023-10-05 04:53:00,Idle
D105,2023-10-05 05:25:00,Idle
D105,2023-10-05 06:22:00,Busy
D105,2023-10-05 07:06:00,Idle
D105,2023-10-05 07:31:00,Busy
D105,2023-10-05 08:15:00,Offline
D105,2023-10-06 08:15:00,Online
D105,2023-10-06 09:16:00,Idle
D105,2023-10-06 11:15:00,Busy
D105,2023-10-06 12:56:00,Busy
D105,2023-10-06 14:01:00,Idle
D105,2023-10-06 15:48:00,Busy
D105,2023-10-06 16:59:00,Busy
D105,2023-10-06 17:34:00,Busy
D105,2023-10-06 17:49:00,Offline
D105,2023-10-07 09:49:00,Online
D105,2023-10-07 11:28:00,Idle
D105,2023-10-07 12:43:00,Idle
D105,2023-10-07 13:05:00,Idle
D105,2023-10-07 14:08:00,Idle
D105,2023-10-07 15:35:00,Idle
D105,2023-10-07 16:33:00,Busy
D105,2023-10-07 16:57:00,Offline
D105,2023-10-08 04:57:00,Online
D105,2023-10-08 06:12:00,Busy
D105,2023-10-08 08:10:00,Busy
D105,2023-10-08 10:04:00,Idle
D105,2023-10-08 10:23:00,Idle
D105,2023-10-08 11:48:00,Idle
D105,2023-10-08 12:04:00,Busy
D105,2023-10-08 13:55:00,Idle
D105,2023-10-08 15:43:00,Busy
D105,2023-10-08 16:23:00,Offline
D105,2023-10-09 06:23:00,Online
D105,2023-10-09 06:43:00,Idle
D105,2023-10-09 07:55:00,Idle
D105,2023-10-09 08:21:00,Busy
D105,2023-10-09 08:58:00,Idle
D105,2023-10-09 10:38:00,Busy
D105,2023-10-09 11:44:00,Busy
D105,2023-10-09 12:40:00,Offline
D105,2023-10-10 06:40:00,Online
D105,2023-10-10 06:57:00,Busy
D105,2023-10-10 08:07:00,Busy
D105,2023-10-10 08:44:00,Idle
D105,2023-10-10 08:59:00,Busy
D105,2023-10-10 10:33:00,Busy
D105,2023-10-10 11:13:00,Busy
D105,2023-10-10 12:01:00,Offline
D105,2023-10-11 11:01:00,Online
D105,2023-10-11 11:54:00,Busy
D105,2023-10-11 13:35:00,Busy
D105,2023-10-11 14:53:00,Busy
D105,2023-10-11 16:41:00,Idle
D105,2023-10-11 17:28:00,Idle
D105,2023-10-11 18:26:00,Busy
D105,2023-10-11 18:43:00,Busy
D105,2023-10-11 19:19:00,Idle
D105,2023-10-11 20:11:00,Busy
D105,2023-10-11 21:17:00,Idle
D105,2023-10-11 22:01:00,Offline
D106,2023-10-01 00:00:00,Online
D106,2023-10-01 00:31:00,Busy
D106,2023-10-01 00:52:00,Busy
D106,2023-10-01 01:19:00,Idle
D106,2023-10-01 02:53:00,Busy
D106,2023-10-01 03:26:00,Idle
D106,2023-10-01 05:00:00,Busy
D106,2023-10-01 06:02:00,Idle
D106,2023-10-01 06:25:00,Busy
D106,2023-10-01 08:06:00,Busy
D106,2023-10-01 08:32:00,Busy
D106,2023-10-01 08:56:00,Offline
D106,2023-10-02 07:56:00,Online
D106,2023-10-02 09:09:00,Idle
D106,2023-10-02 10:58:00,Busy
D106,2023-10-02 11:29:00,Idle
D106,2023-10-02 12:18:00,Offline
D106,2023-10-03 05:18:00,Online
D106,2023-10-03 06:24:00,Idle
D106,2023-10-03 06:58:00,Idle
D106,2023-10-03 08:35:00,Busy
D106,2023-10-03 09:17:00,Idle
D106,2023-10-03 09:53:00,Offline
D106,2023-10-03 22:53:00,Online
D106,2023-10-04 00:08:00,Busy
D106,2023-10-04 01:18:00,Busy
D106,2023-10-04 02:31:00,Busy
D106,2023-10-04 03:54:00,Busy
D106,2023-10-04 04:50:00,Busy
D106,2023-10-04 05:28:00,Offline
D106,2023-10-04 19:28:00,Online
D106,2023-10-04 20:35:00,Busy
D106,2023-10-04 21:57:00,Idle
D106,2023-10-04 23:12:00,Busy
D106,2023-10-05 00:03:00,Idle
D106,2023-10-05 01:22:00,Idle
D106,2023-10-05 01:50:00,Offline
D106,2023-10-05 22:50:00,Online
D106,2023-10-05 23:34:00,Busy
D106,2023-10-06 01:30:00,Busy
D106,2023-10-06 02:17:00,Busy
D106,2023-10-06 02:38:00,Offline
D107,2023-10-02 00:00:00,Online
D107,2023-10-02 01:36:00,Idle
D107,2023-10-02 03:08:00,Busy
D107,2023-10-02 03:44:00,Idle
D107,2023-10-02 04:22:00,Idle
D107,2023-10-02 05:53:00,Busy
D107,2023-10-02 07:13:00,Idle
D107,2023-10-02 08:30:00,Idle
D107,2023-10-02 09:50:00,Busy
D107,2023-10-02 10:50:00,Offline
D107,2023-10-02 22:50:00,Online
D107,2023-10-03 00:08:00,Idle
D107,2023-10-03 01:58:00,Idle
D107,2023-10-03 03:45:00,Busy
D107,2023-10-03 04:50:00,Idle
D107,2023-10-03 06:48:00,Busy
D107,2023-10-03 08:04:00,Busy
D107,2023-10-03 09:43:00,Idle
D107,2023-10-03 10:20:00,Idle
D107,2023-10-03 10:36:00,Offline
D107,2023-10-04 07:36:00,Online
D107,2023-10-04 09:20:00,Idle
D107,2023-10-04 10:40:00,Busy
D107,2023-10-04 11:16:00,Idle
D107,2023-10-04 13:09:00,Idle
D107,2023-10-04 15:01:00,Busy
D107,2023-10-04 16:29:00,Busy
D107,2023-10-04 17:55:00,Busy
D107,2023-10-04 18:54:00,Offline
D107,2023-10-05 07:54:00,Online
D107,2023-10-05 09:09:00,Busy
D107,2023-10-05 10:58:00,Busy
D107,2023-10-05 11:47:00,Idle
D107,2023-10-05 13:30:00,Idle
D107,2023-10-05 14:27:00,Idle
D107,2023-10-05 14:52:00,Offline
D107,2023-10-06 09:52:00,Online
D107,2023-10-06 11:01:00,Idle
D107,2023-10-06 12:53:00,Idle
D107,2023-10-06 14:45:00,Busy
D107,2023-10-06 15:12:00,Busy
D107,2023-10-06 16:30:00,Idle
D107,2023-10-06 17:01:00,Busy
D107,2023-10-06 17:16:00,Offline
D107,2023-10-07 12:16:00,Online
D107,2023-10-07 12:49:00,Idle
D107,2023-10-07 13:43:00,Busy
D107,2023-10-07 14:53:00,Idle
D107,2023-10-07 15:50:00,Busy
D107,2023-10-07 16:39:00,Busy
D107,2023-10-07 18:23:00,Idle
D107,2023-10-07 19:18:00,Idle
D107,2023-10-07 21:06:00,Busy
D107,2023-10-07 22:04:00,Idle
D107,2023-10-07 23:04:00,Offline
D107,2023-10-08 12:04:00,Online
D107,2023-10-08 12:40:00,Busy
D107,2023-10-08 13:42:00,Busy
D107,2023-10-08 14:07:00,Busy
D107,2023-10-08 14:52:00,Busy
D107,2023-10-08 16:06:00,Busy
D107,2023-10-08 16:23:00,Busy
D107,2023-10-08 18:21:00,Busy
D107,2023-10-08 18:49:00,Busy
D107,2023-10-08 20:26:00,Idle
D107,2023-10-08 22:00:00,Busy
D107,2023-10-08 22:37:00,Offline
D107,2023-10-09 20:37:00,Online
D107,2023-10-09 22:24:00,Busy
D107,2023-10-10 00:05:00,Busy
D107,2023-10-10 00:39:00,Idle
D107,2023-10-10 02:39:00,Busy
D107,2023-10-10 03:19:00,Busy
D107,2023-10-10 04:54:00,Idle
D107,2023-10-10 06:46:00,Idle
D107,2023-10-10 07:53:00,Idle
D107,2023-10-10 09:02:00,Busy
D107,2023-10-10 09:21:00,Offline
D107,2023-10-11 00:21:00,Online
D107,2023-10-11 00:47:00,Idle
D107,2023-10-11 01:15:00,Idle
D107,2023-10-11 02:30:00,Idle
D107,2023-10-11 03:30:00,Idle
D107,2023-10-11 04:51:00,Busy
D107,2023-10-11 05:36:00,Idle
D107,2023-10-11 07:03:00,Busy
D107,2023-10-11 07:59:00,Offline
D107,2023-10-12 06:59:00,Online
D107,2023-10-12 08:30:00,Busy
D107,2023-10-12 09:04:00,Busy
D107,2023-10-12 10:55:00,Idle
D107,2023-10-12 12:19:00,Busy
D107,2023-10-12 13:43:00,Busy
D107,2023-10-12 14:13:00,Idle
D107,2023-10-12 15:22:00,Idle
D107,2023-10-12 16:34:00,Busy
D107,2023-10-12 17:30:00,Busy
D107,2023-10-12 17:46:00,Idle
D107,2023-10-12 18:25:00,Offline
D107,2023-10-13 10:25:00,Online
D107,2023-10-13 11:07:00,Busy
D107,2023-10-13 13:07:00,Idle
D107,2023-10-13 14:34:00,Busy
D107,2023-10-13 16:20:00,Busy
D107,2023-10-13 17:56:00,Busy
D107,2023-10-13 18:52:00,Idle
D107,2023-10-13 19:36:00,Idle
D107,2023-10-13 19:52:00,Busy
D107,2023-10-13 21:01:00,Busy
D107,2023-10-13 21:28:00,Offline
D109,2023-10-04 00:00:00,Online
D109,2023-10-04 00:29:00,Busy
D109,2023-10-04 01:34:00,Busy
D109,2023-10-04 02:59:00,Busy
D109,2023-10-04 04:39:00,Busy
D109,2023-10-04 05:40:00,Idle
D109,2023-10-04 06:49:00,Idle
D109,2023-10-04 07:55:00,Busy
D109,2023-10-04 08:58:00,Busy
D109,2023-10-04 10:47:00,Idle
D109,2023-10-04 11:08:00,Offline
D109,2023-10-05 04:08:00,Online
D109,2023-10-05 05:46:00,Idle
D109,2023-10-05 06:49:00,Idle
D109,2023-10-05 08:37:00,Idle
D109,2023-10-05 08:53:00,Busy
D109,2023-10-05 09:53:00,Busy
D109,2023-10-05 10:26:00,Offline
D109,2023-10-06 01:26:00,Online
D109,2023-10-06 02:59:00,Idle
D109,2023-10-06 04:59:00,Idle
D109,2023-10-06 06:42:00,Busy
D109,2023-10-06 07:16:00,Idle
D109,2023-10-06 08:54:00,Busy
D109,2023-10-06 10:44:00,Idle
D109,2023-10-06 11:01:00,Idle
D109,2023-10-06 11:17:00,Idle
D109,2023-10-06 11:38:00,Idle
D109,2023-10-06 12:31:00,Busy
D109,2023-10-06 13:02:00,Offline
D109,2023-10-07 05:02:00,Online
D109,2023-10-07 06:11:00,Idle
D109,2023-10-07 06:45:00,Idle
D109,2023-10-07 08:04:00,Busy
D109,2023-10-07 09:30:00,Idle
D109,2023-10-07 10:11:00,Busy
D109,2023-10-07 11:40:00,Busy
D109,2023-10-07 13:36:00,Busy
D109,2023-10-07 15:03:00,Idle
D109,2023-10-07 17:00:00,Idle
D109,2023-10-07 17:34:00,Offline
D109,2023-10-08 06:34:00,Online
D109,2023-10-08 08:32:00,Busy
D109,2023-10-08 09:28:00,Busy
D109,2023-10-08 11:02:00,Idle
D109,2023-10-08 13:01:00,Idle
D109,2023-10-08 14:49:00,Busy
D109,2023-10-08 15:34:00,Idle
D109,2023-10-08 16:22:00,Offline
D109,2023-10-09 12:22:00,Online
D109,2023-10-09 13:38:00,Busy
D109,2023-10-09 14:10:00,Busy
D109,2023-10-09 15:08:00,Busy
D109,2023-10-09 16:32:00,Busy
D109,2023-10-09 16:59:00,Idle
D109,2023-10-09 18:14:00,Busy
D109,2023-10-09 20:12:00,Busy
D109,2023-10-09 21:19:00,Idle
D109,2023-10-09 22:12:00,Offline
D109,2023-10-10 10:12:00,Online
D109,2023-10-10 12:05:00,Busy
D109,2023-10-10 12:44:00,Busy
D109,2023-10-10 13:53:00,Idle
D109,2023-10-10 15:23:00,Busy
D109,2023-10-10 17:22:00,Busy
D109,2023-10-10 18:14:00,Offline
D109,2023-10-11 13:14:00,Online
D109,2023-10-11 14:56:00,Idle
D109,2023-10-11 15:56:00,Busy
D109,2023-10-11 17:37:00,Busy
D109,2023-10-11 18:14:00,Busy
D109,2023-10-11 18:44:00,Offline
D109,2023-10-12 16:44:00,Online
D109,2023-10-12 17:23:00,Idle
D109,2023-10-12 19:01:00,Idle
D109,2023-10-12 20:16:00,Busy
D109,2023-10-12 20:32:00,Idle
D109,2023-10-12 20:59:00,Busy
D109,2023-10-12 22:08:00,Busy
D109,2023-10-12 23:18:00,Busy
D109,2023-10-13 00:02:00,Busy
D109,2023-10-13 01:53:00,Busy
D109,2023-10-13 03:41:00,Idle
D109,2023-10-13 04:28:00,Offline
D109,2023-10-14 04:28:00,Online
D109,2023-10-14 05:45:00,Idle
D109,2023-10-14 07:11:00,Idle
D109,2023-10-14 09:05:00,Busy
D109,2023-10-14 09:47:00,Idle
D109,2023-10-14 11:39:00,Idle
D109,2023-10-14 13:21:00,Idle
D109,2023-10-14 13:42:00,Idle
D109,2023-10-14 14:37:00,Idle
D109,2023-10-14 16:02:00,Idle
D109,2023-10-14 16:38:00,Offline
D109,2023-10-15 12:38:00,Online
D109,2023-10-15 13:31:00,Idle
D109,2023-10-15 14:32:00,Idle
D109,2023-10-15 16:01:00,Idle
D109,2023-10-15 16:42:00,Idle
D109,2023-10-15 17:34:00,Busy
D109,2023-10-15 19:23:00,Busy
D109,2023-10-15 20:51:00,Idle
D109,2023-10-15 21:54:00,Idle
D109,2023-10-15 22:09:00,Idle
D109,2023-10-15 23:58:00,Busy
D109,2023-10-16 00:30:00,Offline
D109,2023-10-17 00:30:00,Online
D109,2023-10-17 02:13:00,Idle
D109,2023-10-17 02:42:00,Idle
D109,2023-10-17 03:10:00,Busy
D109,2023-10-17 04:41:00,Idle
D109,2023-10-17 05:18:00,Idle
D109,2023-10-17 05:34:00,Idle
D109,2023-10-17 07:03:00,Idle
D109,2023-10-17 07:23:00,Offline
D109,2023-10-18 02:23:00,Online
D109,2023-10-18 03:05:00,Idle
D109,2023-10-18 03:23:00,Idle
D109,2023-10-18 03:47:00,Busy
D109,2023-10-18 05:35:00,Idle
D109,2023-10-18 06:56:00,Busy
D109,2023-10-18 08:36:00,Idle
D109,2023-10-18 08:52:00,Idle
D109,2023-10-18 09:18:00,Busy
D109,2023-10-18 10:22:00,Busy
D109,2023-10-18 11:37:00,Idle
D109,2023-10-18 11:53:00,Offline
D112,2023-10-02 00:00:00,Online
D112,2023-10-02 00:51:00,Busy
D112,2023-10-02 02:18:00,Idle
D112,2023-10-02 02:51:00,Idle
D112,2023-10-02 04:46:00,Idle
D112,2023-10-02 06:08:00,Idle
D112,2023-10-02 07:51:00,Busy
D112,2023-10-02 08:42:00,Offline
D112,2023-10-02 21:42:00,Online
D112,2023-10-02 22:00:00,Idle
D112,2023-10-02 23:25:00,Busy
D112,2023-10-03 00:28:00,Busy
D112,2023-10-03 00:45:00,Idle
D112,2023-10-03 02:32:00,Busy
D112,2023-10-03 03:26:00,Idle
D112,2023-10-03 04:53:00,Busy
D112,2023-10-03 06:06:00,Idle
D112,2023-10-03 06:48:00,Busy
D112,2023-10-03 08:38:00,Busy
D112,2023-10-03 09:14:00,Offline
D112,2023-10-04 08:14:00,Online
D112,2023-10-04 09:35:00,Idle
D112,2023-10-04 10:18:00,Busy
D112,2023-10-04 11:41:00,Idle
D112,2023-10-04 12:53:00,Busy
D112,2023-10-04 13:22:00,Busy
D112,2023-10-04 13:52:00,Offline
D112,2023-10-05 12:52:00,Online
D112,2023-10-05 13:11:00,Busy
D112,2023-10-05 14:56:00,Busy
D112,2023-10-05 16:28:00,Busy
D112,2023-10-05 17:44:00,Idle
D112,2023-10-05 18:29:00,Offline
D112,2023-10-06 16:29:00,Online
D112,2023-10-06 16:44:00,Idle
D112,2023-10-06 18:34:00,Idle
D112,2023-10-06 19:26:00,Busy
D112,2023-10-06 21:11:00,Busy
D112,2023-10-06 22:17:00,Idle
D112,2023-10-06 23:37:00,Idle
D112,2023-10-06 23:50:00,Offline
D113,2023-10-04 00:00:00,Online
D113,2023-10-04 00:25:00,Busy
D113,2023-10-04 02:08:00,Idle
D113,2023-10-04 03:20:00,Idle
D113,2023-10-04 05:17:00,Idle
D113,2023-10-04 06:38:00,Idle
D113,2023-10-04 07:36:00,Idle
D113,2023-10-04 09:05:00,Idle
D113,2023-10-04 09:23:00,Offline
D113,2023-10-05 06:23:00,Online
D113,2023-10-05 07:09:00,Idle
D113,2023-10-05 07:46:00,Busy
D113,2023-10-05 08:29:00,Idle
D113,2023-10-05 09:24:00,Offline
D113,2023-10-05 23:24:00,Online
D113,2023-10-05 23:55:00,Idle
D113,2023-10-06 01:52:00,Busy
D113,2023-10-06 02:45:00,Idle
D113,2023-10-06 03:10:00,Busy
D113,2023-10-06 03:26:00,Idle
D113,2023-10-06 04:20:00,Idle
D113,2023-10-06 06:10:00,Idle
D113,2023-10-06 06:24:00,Offline
D113,2023-10-06 22:24:00,Online
D113,2023-10-06 22:45:00,Busy
D113,2023-10-06 23:23:00,Idle
D113,2023-10-06 23:38:00,Idle
D113,2023-10-07 00:40:00,Idle
D113,2023-10-07 01:24:00,Offline
D113,2023-10-07 17:24:00,Online
D113,2023-10-07 18:33:00,Idle
D113,2023-10-07 20:21:00,Busy
D113,2023-10-07 22:02:00,Idle
D113,2023-10-07 22:56:00,Offline
D113,2023-10-08 19:56:00,Online
D113,2023-10-08 21:46:00,Idle
D113,2023-10-08 23:06:00,Busy
D113,2023-10-09 00:47:00,Busy
D113,2023-10-09 01:34:00,Idle
D113,2023-10-09 02:35:00,Idle
D113,2023-10-09 03:29:00,Idle
D113,2023-10-09 05:12:00,Idle
D113,2023-10-09 06:19:00,Idle
D113,2023-10-09 06:53:00,Idle
D113,2023-10-09 07:31:00,Offline
D113,2023-10-10 02:31:00,Online
D113,2023-10-10 03:23:00,Idle
D113,2023-10-10 04:46:00,Busy
D113,2023-10-10 06:07:00,Idle
D113,2023-10-10 06:31:00,Idle
D113,2023-10-10 07:11:00,Offline
D114,2023-10-05 00:00:00,Online
D114,2023-10-05 00:28:00,Idle
D114,2023-10-05 01:23:00,Idle
D114,2023-10-05 03:05:00,Idle
D114,2023-10-05 03:39:00,Idle
D114,2023-10-05 04:41:00,Busy
D114,2023-10-05 05:59:00,Idle
D114,2023-10-05 06:38:00,Busy
D114,2023-10-05 07:31:00,Offline
D114,2023-10-06 06:31:00,Online
D114,2023-10-06 08:08:00,Busy
D114,2023-10-06 09:53:00,Busy
D114,2023-10-06 10:49:00,Idle
D114,2023-10-06 12:02:00,Idle
D114,2023-10-06 12:25:00,Idle
D114,2023-10-06 14:07:00,Idle
D114,2023-10-06 14:52:00,Offline
D114,2023-10-07 09:52:00,Online
D114,2023-10-07 10:28:00,Idle
D114,2023-10-07 11:39:00,Idle
D114,2023-10-07 13:20:00,Busy
D114,2023-10-07 13:55:00,Idle
D114,2023-10-07 14:29:00,Offline
D114,2023-10-08 10:29:00,Online
D114,2023-10-08 11:58:00,Busy
D114,2023-10-08 13:22:00,Busy
D114,2023-10-08 14:35:00,Idle
D114,2023-10-08 15:53:00,Busy
D114,2023-10-08 16:17:00,Offline
D114,2023-10-09 06:17:00,Online
D114,2023-10-09 07:53:00,Busy
D114,2023-10-09 09:37:00,Idle
D114,2023-10-09 10:01:00,Idle
D114,2023-10-09 11:18:00,Idle
D114,2023-10-09 11:42:00,Offline
D114,2023-10-10 07:42:00,Online
D114,2023-10-10 09:26:00,Idle
D114,2023-10-10 10:51:00,Idle
D114,2023-10-10 12:22:00,Busy
D114,2023-10-10 13:36:00,Idle
D114,2023-10-10 14:06:00,Busy
D114,2023-10-10 14:31:00,Idle
D114,2023-10-10 14:46:00,Offline
D114,2023-10-11 12:46:00,Online
D114,2023-10-11 13:36:00,Idle
D114,2023-10-11 15:19:00,Idle
D114,2023-10-11 16:19:00,Idle
D114,2023-10-11 17:28:00,Idle
D114,2023-10-11 17:53:00,Offline
D114,2023-10-12 07:53:00,Online
D114,2023-10-12 08:45:00,Busy
D114,2023-10-12 10:27:00,Busy
D114,2023-10-12 11:18:00,Busy
D114,2023-10-12 12:52:00,Busy
D114,2023-10-12 14:01:00,Idle
D114,2023-10-12 15:19:00,Idle
D114,2023-10-12 15:48:00,Idle
D114,2023-10-12 16:21:00,Idle
D114,2023-10-12 17:21:00,Idle
D114,2023-10-12 17:46:00,Offline
D114,2023-10-13 05:46:00,Online
D114,2023-10-13 06:41:00,Idle
D114,2023-10-13 08:41:00,Idle
D114,2023-10-13 09:52:00,Busy
D114,2023-10-13 10:17:00,Idle
D114,2023-10-13 11:08:00,Offline
D114,2023-10-14 00:08:00,Online
D114,2023-10-14 01:09:00,Busy
D114,2023-10-14 01:33:00,Idle
D114,2023-10-14 02:54:00,Busy
D114,2023-10-14 03:45:00,Busy
D114,2023-10-14 04:17:00,Idle
D114,2023-10-14 06:09:00,Busy
D114,2023-10-14 06:40:00,Idle
D114,2023-10-14 07:53:00,Idle
D114,2023-10-14 08:18:00,Offline
D114,2023-10-15 02:18:00,Online
D114,2023-10-15 02:51:00,Busy
D114,2023-10-15 04:08:00,Busy
D114,2023-10-15 05:01:00,Busy
D114,2023-10-15 05:35:00,Offline
D114,2023-10-15 22:35:00,Online
D114,2023-10-16 00:21:00,Idle
D114,2023-10-16 01:20:00,Idle
D114,2023-10-16 03:12:00,Idle
D114,2023-10-16 03:40:00,Busy
D114,2023-10-16 04:27:00,Busy
D114,2023-10-16 05:08:00,Busy
D114,2023-10-16 06:37:00,Idle
D114,2023-10-16 07:27:00,Offline
D115,2023-10-05 00:00:00,Online
D115,2023-10-05 00:25:00,Busy
D115,2023-10-05 01:21:00,Busy
D115,2023-10-05 01:43:00,Idle
D115,2023-10-05 02:32:00,Idle
D115,2023-10-05 03:58:00,Idle
D115,2023-10-05 05:04:00,Idle
D115,2023-10-05 06:36:00,Idle
D115,2023-10-05 08:09:00,Busy
D115,2023-10-05 08:23:00,Offline
D115,2023-10-06 00:23:00,Online
D115,2023-10-06 01:08:00,Busy
D115,2023-10-06 02:52:00,Idle
D115,2023-10-06 04:05:00,Busy
D115,2023-10-06 04:47:00,Idle
D115,2023-10-06 06:23:00,Busy
D115,2023-10-06 08:22:00,Busy
D115,2023-10-06 09:04:00,Idle
D115,2023-10-06 09:47:00,Idle
D115,2023-10-06 10:56:00,Idle
D115,2023-10-06 11:56:00,Offline
D115,2023-10-07 05:56:00,Online
D115,2023-10-07 06:57:00,Busy
D115,2023-10-07 08:38:00,Idle
D115,2023-10-07 09:26:00,Idle
D115,2023-10-07 11:20:00,Idle
D115,2023-10-07 11:46:00,Idle
D115,2023-10-07 12:07:00,Busy
D115,2023-10-07 12:51:00,Offline
D115,2023-10-08 01:51:00,Online
D115,2023-10-08 02:57:00,Busy
D115,2023-10-08 04:30:00,Busy
D115,2023-10-08 05:31:00,Busy
D115,2023-10-08 07:19:00,Idle
D115,2023-10-08 07:34:00,Offline
D115,2023-10-08 23:34:00,Online
D115,2023-10-08 23:57:00,Busy
D115,2023-10-09 00:42:00,Busy
D115,2023-10-09 02:28:00,Busy
D115,2023-10-09 02:56:00,Busy
D115,2023-10-09 04:30:00,Idle
D115,2023-10-09 05:36:00,Busy
D115,2023-10-09 06:20:00,Busy
D115,2023-10-09 06:39:00,Offline
D115,2023-10-10 00:39:00,Online
D115,2023-10-10 02:38:00,Idle
D115,2023-10-10 02:53:00,Idle
D115,2023-10-10 03:24:00,Idle
D115,2023-10-10 04:04:00,Busy
D115,2023-10-10 04:52:00,Offline
D115,2023-10-11 03:52:00,Online
D115,2023-10-11 04:57:00,Busy
D115,2023-10-11 06:04:00,Idle
D115,2023-10-11 06:26:00,Idle
D115,2023-10-11 07:19:00,Idle
D115,2023-10-11 09:10:00,Busy
D115,2023-10-11 09:50:00,Offline
D116,2023-10-04 00:00:00,Online
D116,2023-10-04 00:52:00,Idle
D116,2023-10-04 01:33:00,Busy
D116,2023-10-04 03:03:00,Idle
D116,2023-10-04 04:52:00,Idle
D116,2023-10-04 05:17:00,Idle
D116,2023-10-04 06:55:00,Idle
D116,2023-10-04 07:11:00,Offline
D116,2023-10-04 19:11:00,Online
D116,2023-10-04 20:48:00,Busy
D116,2023-10-04 21:12:00,Busy
D116,2023-10-04 22:41:00,Busy
D116,2023-10-04 23:41:00,Busy
D116,2023-10-05 01:18:00,Busy
D116,2023-10-05 01:38:00,Offline
D116,2023-10-05 13:38:00,Online
D116,2023-10-05 14:20:00,Busy
D116,2023-10-05 16:08:00,Busy
D116,2023-10-05 17:17:00,Idle
D116,2023-10-05 17:40:00,Offline
D116,2023-10-06 17:40:00,Online
D116,2023-10-06 19:29:00,Idle
D116,2023-10-06 19:56:00,Busy
D116,2023-10-06 21:03:00,Idle
D116,2023-10-06 21:35:00,Busy
D116,2023-10-06 22:30:00,Busy
D116,2023-10-06 23:45:00,Idle
D116,2023-10-07 00:15:00,Busy
D116,2023-10-07 00:37:00,Idle
D116,2023-10-07 01:25:00,Idle
D116,2023-10-07 01:55:00,Offline
D116,2023-10-07 22:55:00,Online
D116,2023-10-07 23:31:00,Busy
D116,2023-10-08 00:46:00,Busy
D116,2023-10-08 02:14:00,Busy
D116,2023-10-08 04:05:00,Busy
D116,2023-10-08 05:29:00,Idle
D116,2023-10-08 06:16:00,Busy
D116,2023-10-08 07:34:00,Idle
D116,2023-10-08 08:37:00,Busy
D116,2023-10-08 09:06:00,Offline
D116,2023-10-08 21:06:00,Online
D116,2023-10-08 22:57:00,Busy
D116,2023-10-09 00:08:00,Busy
D116,2023-10-09 01:02:00,Idle
D116,2023-10-09 02:31:00,Idle
D116,2023-10-09 04:18:00,Busy
D116,2023-10-09 05:45:00,Idle
D116,2023-10-09 07:33:00,Busy
D116,2023-10-09 08:05:00,Offline
D116,2023-10-10 07:05:00,Online
D116,2023-10-10 07:31:00,Idle
D116,2023-10-10 08:33:00,Idle
D116,2023-10-10 09:33:00,Idle
D116,2023-10-10 11:17:00,Idle
D116,2023-10-10 12:45:00,Busy
D116,2023-10-10 14:44:00,Busy
D116,2023-10-10 15:00:00,Busy
D116,2023-10-10 15:46:00,Offline
D116,2023-10-11 05:46:00,Online
D116,2023-10-11 07:19:00,Busy
D116,2023-10-11 09:15:00,Busy
D116,2023-10-11 11:12:00,Busy
D116,2023-10-11 11:43:00,Idle
D116,2023-10-11 12:59:00,Idle
D116,2023-10-11 13:16:00,Idle
D116,2023-10-11 15:13:00,Busy
D116,2023-10-11 16:12:00,Busy
D116,2023-10-11 17:09:00,Offline
D116,2023-10-12 15:09:00,Online
D116,2023-10-12 16:23:00,Busy
D116,2023-10-12 17:33:00,Idle
D116,2023-10-12 18:06:00,Busy
D116,2023-10-12 18:54:00,Busy
D116,2023-10-12 19:21:00,Idle
D116,2023-10-12 21:05:00,Idle
D116,2023-10-12 23:02:00,Busy
D116,2023-10-12 23:39:00,Offline
D116,2023-10-13 15:39:00,Online
D116,2023-10-13 16:13:00,Idle
D116,2023-10-13 17:30:00,Idle
D116,2023-10-13 18:59:00,Idle
D116,2023-10-13 20:51:00,Busy
D116,2023-10-13 21:27:00,Offline
D116,2023-10-14 18:27:00,Online
D116,2023-10-14 20:17:00,Idle
D116,2023-10-14 21:58:00,Busy
D116,2023-10-14 23:44:00,Busy
D116,2023-10-15 00:09:00,Busy
D116,2023-10-15 00:26:00,Offline
D116,2023-10-15 18:26:00,Online
D116,2023-10-15 19:17:00,Idle
D116,2023-10-15 19:43:00,Busy
D116,2023-10-15 21:42:00,Idle
D116,2023-10-15 22:31:00,Idle
D116,2023-10-16 00:03:00,Idle
D116,2023-10-16 00:37:00,Busy
D116,2023-10-16 02:08:00,Busy
D116,2023-10-16 03:36:00,Busy
D116,2023-10-16 04:04:00,Offline
D116,2023-10-16 20:04:00,Online
D116,2023-10-16 20:39:00,Busy
D116,2023-10-16 21:28:00,Busy
D116,2023-10-16 22:31:00,Busy
D116,2023-10-16 23:37:00,Busy
D116,2023-10-17 01:22:00,Busy
D116,2023-10-17 02:37:00,Busy
D116,2023-10-17 03:47:00,Busy
D116,2023-10-17 04:20:00,Busy
D116,2023-10-17 05:34:00,Busy
D116,2023-10-17 06:10:00,Busy
D116,2023-10-17 07:06:00,Offline
D117,2023-10-05 00:00:00,Online
D117,2023-10-05 00:44:00,Idle
D117,2023-10-05 01:59:00,Busy
D117,2023-10-05 02:42:00,Idle
D117,2023-10-05 04:21:00,Idle
D117,2023-10-05 06:07:00,Busy
D117,2023-10-05 07:10:00,Idle
D117,2023-10-05 07:34:00,Idle
D117,2023-10-05 08:49:00,Busy
D117,2023-10-05 09:20:00,Idle
D117,2023-10-05 09:55:00,Offline
D117,2023-10-06 02:55:00,Online
D117,2023-10-06 04:02:00,Idle
D117,2023-10-06 04:33:00,Idle
D117,2023-10-06 06:13:00,Busy
D117,2023-10-06 07:21:00,Busy
D117,2023-10-06 09:11:00,Busy
D117,2023-10-06 09:43:00,Idle
D117,2023-10-06 10:47:00,Busy
D117,2023-10-06 11:09:00,Idle
D117,2023-10-06 12:07:00,Idle
D117,2023-10-06 13:56:00,Busy
D117,2023-10-06 14:36:00,Offline
D117,2023-10-07 11:36:00,Online
D117,2023-10-07 12:23:00,Busy
D117,2023-10-07 13:33:00,Idle
D117,2023-10-07 14:25:00,Busy
D117,2023-10-07 15:19:00,Busy
D117,2023-10-07 16:47:00,Busy
D117,2023-10-07 17:50:00,Busy
D117,2023-10-07 19:26:00,Idle
D117,2023-10-07 21:26:00,Busy
D117,2023-10-07 22:06:00,Offline
D117,2023-10-08 13:06:00,Online
D117,2023-10-08 14:27:00,Busy
D117,2023-10-08 14:43:00,Busy
D117,2023-10-08 16:05:00,Busy
D117,2023-10-08 16:41:00,Busy
D117,2023-10-08 17:36:00,Idle
D117,2023-10-08 18:19:00,Busy
D117,2023-10-08 18:32:00,Offline
D117,2023-10-09 07:32:00,Online
D117,2023-10-09 08:56:00,Busy
D117,2023-10-09 10:31:00,Idle
D117,2023-10-09 12:04:00,Busy
D117,2023-10-09 13:25:00,Idle
D117,2023-10-09 14:57:00,Idle
D117,2023-10-09 16:34:00,Busy
D117,2023-10-09 17:25:00,Busy
D117,2023-10-09 18:05:00,Offline
D117,2023-10-10 11:05:00,Online
D117,2023-10-10 11:32:00,Busy
D117,2023-10-10 13:28:00,Busy
D117,2023-10-10 13:56:00,Idle
D117,2023-10-10 15:49:00,Busy
D117,2023-10-10 16:44:00,Idle
D117,2023-10-10 18:33:00,Busy
D117,2023-10-10 20:02:00,Busy
D117,2023-10-10 22:00:00,Busy
D117,2023-10-10 22:34:00,Offline
D117,2023-10-11 15:34:00,Online
D117,2023-10-11 17:34:00,Idle
D117,2023-10-11 18:15:00,Busy
D117,2023-10-11 19:49:00,Idle
D117,2023-10-11 21:37:00,Busy
D117,2023-10-11 22:39:00,Idle
D117,2023-10-11 23:47:00,Busy
D117,2023-10-12 01:14:00,Busy
D117,2023-10-12 02:47:00,Busy
D117,2023-10-12 03:51:00,Idle
D117,2023-10-12 04:32:00,Offline
D118,2023-10-04 00:00:00,Online
D118,2023-10-04 00:57:00,Busy
D118,2023-10-04 02:27:00,Idle
D118,2023-10-04 03:57:00,Busy
D118,2023-10-04 05:53:00,Idle
D118,2023-10-04 06:16:00,Busy
D118,2023-10-04 07:11:00,Offline
D118,2023-10-05 03:11:00,Online
D118,2023-10-05 04:11:00,Idle
D118,2023-10-05 04:47:00,Busy
D118,2023-10-05 05:45:00,Busy
D118,2023-10-05 06:59:00,Busy
D118,2023-10-05 07:28:00,Idle
D118,2023-10-05 08:19:00,Offline
D118,2023-10-06 03:19:00,Online
D118,2023-10-06 04:31:00,Busy
D118,2023-10-06 05:00:00,Idle
D118,2023-10-06 06:17:00,Busy
D118,2023-10-06 07:09:00,Busy
D118,2023-10-06 07:24:00,Offline
D118,2023-10-06 22:24:00,Online
D118,2023-10-07 00:10:00,Busy
D118,2023-10-07 00:42:00,Busy
D118,2023-10-07 01:29:00,Busy
D118,2023-10-07 01:55:00,Idle
D118,2023-10-07 02:18:00,Offline
D118,2023-10-07 14:18:00,Online
D118,2023-10-07 14:56:00,Busy
D118,2023-10-07 16:37:00,Idle
D118,2023-10-07 18:25:00,Idle
D118,2023-10-07 19:50:00,Busy
D118,2023-10-07 20:59:00,Busy
D118,2023-10-07 21:32:00,Offline
D118,2023-10-08 15:32:00,Online
D118,2023-10-08 16:06:00,Busy
D118,2023-10-08 17:30:00,Busy
D118,2023-10-08 19:05:00,Busy
D118,2023-10-08 19:38:00,Idle
D118,2023-10-08 21:12:00,Busy
D118,2023-10-08 23:00:00,Idle
D118,2023-10-08 23:46:00,Idle
D118,2023-10-09 00:50:00,Busy
D118,2023-10-09 01:09:00,Busy
D118,2023-10-09 03:09:00,Idle
D118,2023-10-09 03:52:00,Offline
D118,2023-10-09 17:52:00,Online
D118,2023-10-09 18:37:00,Idle
D118,2023-10-09 20:37:00,Busy
D118,2023-10-09 22:22:00,Idle
D118,2023-10-10 00:22:00,Idle
D118,2023-10-10 00:47:00,Busy
D118,2023-10-10 02:24:00,Idle
D118,2023-10-10 03:18:00,Busy
D118,2023-10-10 03:39:00,Offline
D119,2023-10-02 00:00:00,Online
D119,2023-10-02 01:43:00,Busy
D119,2023-10-02 03:36:00,Idle
D119,2023-10-02 04:40:00,Idle
D119,2023-10-02 05:18:00,Offline
D119,2023-10-03 02:18:00,Online
D119,2023-10-03 03:11:00,Busy
D119,2023-10-03 03:40:00,Idle
D119,2023-10-03 03:58:00,Busy
D119,2023-10-03 05:16:00,Idle
D119,2023-10-03 05:53:00,Busy
D119,2023-10-03 06:47:00,Offline
D119,2023-10-03 18:47:00,Online
D119,2023-10-03 20:03:00,Busy
D119,2023-10-03 20:38:00,Idle
D119,2023-10-03 21:56:00,Busy
D119,2023-10-03 23:34:00,Idle
D119,2023-10-04 00:43:00,Idle
D119,2023-10-04 00:55:00,Offline
D119,2023-10-04 13:55:00,Online
D119,2023-10-04 15:47:00,Idle
D119,2023-10-04 17:43:00,Busy
D119,2023-10-04 18:50:00,Idle
D119,2023-10-04 20:27:00,Busy
D119,2023-10-04 22:09:00,Busy
D119,2023-10-04 22:44:00,Idle
D119,2023-10-04 23:12:00,Idle
D119,2023-10-04 23:26:00,Offline
D119,2023-10-05 22:26:00,Online
D119,2023-10-05 23:31:00,Busy
D119,2023-10-06 00:39:00,Idle
D119,2023-10-06 02:12:00,Busy
D119,2023-10-06 03:31:00,Busy
D119,2023-10-06 05:29:00,Busy
D119,2023-10-06 05:52:00,Idle
D119,2023-10-06 06:46:00,Busy
D119,2023-10-06 07:02:00,Offline
D121,2023-10-02 00:00:00,Online
D121,2023-10-02 01:34:00,Busy
D121,2023-10-02 02:11:00,Idle
D121,2023-10-02 03:39:00,Idle
D121,2023-10-02 04:59:00,Idle
D121,2023-10-02 05:15:00,Idle
D121,2023-10-02 06:41:00,Idle
D121,2023-10-02 07:38:00,Busy
D121,2023-10-02 08:07:00,Offline
D121,2023-10-02 20:07:00,Online
D121,2023-10-02 20:25:00,Idle
D121,2023-10-02 20:58:00,Idle
D121,2023-10-02 22:50:00,Idle
D121,2023-10-02 23:47:00,Busy
D121,2023-10-03 00:32:00,Idle
D121,2023-10-03 01:07:00,Idle
D121,2023-10-03 02:54:00,Idle
D121,2023-10-03 03:34:00,Offline
D121,2023-10-03 17:34:00,Online
D121,2023-10-03 18:06:00,Idle
D121,2023-10-03 18:45:00,Busy
D121,2023-10-03 20:45:00,Idle
D121,2023-10-03 22:12:00,Busy
D121,2023-10-03 23:47:00,Idle
D121,2023-10-04 01:22:00,Idle
D121,2023-10-04 03:01:00,Busy
D121,2023-10-04 03:47:00,Busy
D121,2023-10-04 03:59:00,Offline
D121,2023-10-04 18:59:00,Online
D121,2023-10-04 20:11:00,Busy
D121,2023-10-04 21:59:00,Idle
D121,2023-10-04 23:29:00,Idle
D121,2023-10-05 00:15:00,Busy
D121,2023-10-05 02:07:00,Busy
D121,2023-10-05 02:23:00,Offline
D121,2023-10-05 16:23:00,Online
D121,2023-10-05 17:25:00,Busy
D121,2023-10-05 19:05:00,Idle
D121,2023-10-05 20:49:00,Idle
D121,2023-10-05 21:07:00,Idle
D121,2023-10-05 22:19:00,Idle
D121,2023-10-06 00:06:00,Idle
D121,2023-10-06 01:42:00,Idle
D121,2023-10-06 02:23:00,Offline
D121,2023-10-06 18:23:00,Online
D121,2023-10-06 19:06:00,Idle
D121,2023-10-06 19:46:00,Idle
D121,2023-10-06 20:19:00,Idle
D121,2023-10-06 20:50:00,Offline
D121,2023-10-07 19:50:00,Online
D121,2023-10-07 21:14:00,Idle
D121,2023-10-07 22:47:00,Idle
D121,2023-10-07 23:51:00,Busy
D121,2023-10-08 00:58:00,Busy
D121,2023-10-08 02:44:00,Busy
D121,2023-10-08 03:24:00,Offline
D121,2023-10-09 00:24:00,Online
D121,2023-10-09 01:41:00,Busy
D121,2023-10-09 02:14:00,Idle
D121,2023-10-09 02:37:00,Busy
D121,2023-10-09 03:55:00,Idle
D121,2023-10-09 04:30:00,Offline
D122,2023-10-06 00:00:00,Online
D122,2023-10-06 01:31:00,Idle
D122,2023-10-06 03:11:00,Idle
D122,2023-10-06 04:37:00,Busy
D122,2023-10-06 05:55:00,Idle
D122,2023-10-06 06:23:00,Offline
D122,2023-10-07 00:23:00,Online
D122,2023-10-07 00:51:00,Busy
D122,2023-10-07 01:15:00,Idle
D122,2023-10-07 02:37:00,Busy
D122,2023-10-07 03:18:00,Offline
D122,2023-10-07 22:18:00,Online
D122,2023-10-07 23:52:00,Busy
D122,2023-10-08 00:41:00,Idle
D122,2023-10-08 02:10:00,Busy
D122,2023-10-08 02:37:00,Busy
D122,2023-10-08 03:52:00,Busy
D122,2023-10-08 04:27:00,Offline
D122,2023-10-08 19:27:00,Online
D122,2023-10-08 20:52:00,Busy
D122,2023-10-08 21:47:00,Busy
D122,2023-10-08 22:20:00,Idle
D122,2023-10-08 22:55:00,Busy
D122,2023-10-09 00:36:00,Idle
D122,2023-10-09 01:36:00,Busy
D122,2023-10-09 02:29:00,Busy
D122,2023-10-09 02:49:00,Offline
D122,2023-10-09 23:49:00,Online
D122,2023-10-10 00:28:00,Idle
D122,2023-10-10 01:15:00,Idle
D122,2023-10-10 02:33:00,Idle
D122,2023-10-10 03:29:00,Offline
D122,2023-10-10 20:29:00,Online
D122,2023-10-10 21:33:00,Idle
D122,2023-10-10 23:33:00,Idle
D122,2023-10-11 00:50:00,Busy
D122,2023-10-11 01:25:00,Offline
D122,2023-10-11 17:25:00,Online
D122,2023-10-11 17:52:00,Idle
D122,2023-10-11 18:26:00,Idle
D122,2023-10-11 18:53:00,Busy
D122,2023-10-11 19:24:00,Offline
D122,2023-10-12 13:24:00,Online
D122,2023-10-12 14:36:00,Busy
D122,2023-10-12 15:49:00,Busy
D122,2023-10-12 16:06:00,Busy
D122,2023-10-12 17:08:00,Idle
D122,2023-10-12 17:29:00,Busy
D122,2023-10-12 19:19:00,Idle
D122,2023-10-12 19:57:00,Offline
D122,2023-10-13 17:57:00,Online
D122,2023-10-13 19:01:00,Busy
D122,2023-10-13 19:46:00,Busy
D122,2023-10-13 20:22:00,Idle
D122,2023-10-13 20:39:00,Busy
D122,2023-10-13 21:21:00,Busy
D122,2023-10-13 23:14:00,Busy
D122,2023-10-14 00:40:00,Idle
D122,2023-10-14 01:14:00,Busy
D122,2023-10-14 01:39:00,Offline
D122,2023-10-14 18:39:00,Online
D122,2023-10-14 19:18:00,Busy
D122,2023-10-14 19:35:00,Busy
D122,2023-10-14 20:02:00,Busy
D122,2023-10-14 22:01:00,Idle
D122,2023-10-14 23:43:00,Busy
D122,2023-10-15 01:03:00,Busy
D122,2023-10-15 02:50:00,Busy
D122,2023-10-15 03:41:00,Offline
D122,2023-10-15 20:41:00,Online
D122,2023-10-15 21:59:00,Idle
D122,2023-10-15 23:12:00,Busy
D122,2023-10-16 01:08:00,Busy
D122,2023-10-16 01:48:00,Offline
D122,2023-10-16 21:48:00,Online
D122,2023-10-16 23:25:00,Idle
D122,2023-10-17 00:14:00,Idle
D122,2023-10-17 00:42:00,Idle
D122,2023-10-17 01:10:00,Busy
D122,2023-10-17 02:47:00,Idle
D122,2023-10-17 04:29:00,Busy
D122,2023-10-17 05:25:00,Offline
D123,2023-10-03 00:00:00,Online
D123,2023-10-03 01:18:00,Busy
D123,2023-10-03 02:09:00,Busy
D123,2023-10-03 03:46:00,Busy
D123,2023-10-03 04:20:00,Offline
D123,2023-10-04 00:20:00,Online
D123,2023-10-04 01:00:00,Idle
D123,2023-10-04 01:44:00,Busy
D123,2023-10-04 03:22:00,Idle
D123,2023-10-04 04:45:00,Idle
D123,2023-10-04 06:04:00,Idle
D123,2023-10-04 06:54:00,Offline
D123,2023-10-05 02:54:00,Online
D123,2023-10-05 03:48:00,Idle
D123,2023-10-05 04:17:00,Idle
D123,2023-10-05 05:45:00,Busy
D123,2023-10-05 06:29:00,Busy
D123,2023-10-05 06:50:00,Busy
D123,2023-10-05 07:29:00,Idle
D123,2023-10-05 07:50:00,Busy
D123,2023-10-05 08:09:00,Busy
D123,2023-10-05 09:47:00,Busy
D123,2023-10-05 10:12:00,Offline
D123,2023-10-06 08:12:00,Online
D123,2023-10-06 09:31:00,Busy
D123,2023-10-06 09:52:00,Idle
D123,2023-10-06 11:52:00,Idle
D123,2023-10-06 13:33:00,Busy
D123,2023-10-06 14:36:00,Idle
D123,2023-10-06 14:59:00,Busy
D123,2023-10-06 15:33:00,Busy
D123,2023-10-06 15:49:00,Offline
D123,2023-10-07 10:49:00,Online
D123,2023-10-07 12:47:00,Busy
D123,2023-10-07 13:46:00,Idle
D123,2023-10-07 14:58:00,Idle
D123,2023-10-07 15:54:00,Offline
D123,2023-10-08 05:54:00,Online
D123,2023-10-08 06:38:00,Busy
D123,2023-10-08 07:29:00,Busy
D123,2023-10-08 08:50:00,Idle
D123,2023-10-08 09:25:00,Busy
D123,2023-10-08 11:03:00,Idle
D123,2023-10-08 12:17:00,Idle
D123,2023-10-08 13:44:00,Idle
D123,2023-10-08 15:22:00,Idle
D123,2023-10-08 15:56:00,Offline
D123,2023-10-09 09:56:00,Online
D123,2023-10-09 11:08:00,Busy
D123,2023-10-09 11:25:00,Idle
D123,2023-10-09 13:08:00,Busy
D123,2023-10-09 15:05:00,Idle
D123,2023-10-09 15:49:00,Offline
D123,2023-10-10 12:49:00,Online
D123,2023-10-10 13:33:00,Idle
D123,2023-10-10 15:04:00,Idle
D123,2023-10-10 16:08:00,Idle
D123,2023-10-10 16:59:00,Busy
D123,2023-10-10 18:20:00,Busy
D123,2023-10-10 19:02:00,Idle
D123,2023-10-10 19:32:00,Idle
D123,2023-10-10 20:15:00,Busy
D123,2023-10-10 22:07:00,Busy
D123,2023-10-10 22:39:00,Busy
D123,2023-10-10 23:36:00,Offline
D123,2023-10-11 12:36:00,Online
D123,2023-10-11 14:02:00,Idle
D123,2023-10-11 14:21:00,Busy
D123,2023-10-11 15:09:00,Busy
D123,2023-10-11 16:01:00,Idle
D123,2023-10-11 16:32:00,Busy
D123,2023-10-11 17:22:00,Offline
D123,2023-10-12 11:22:00,Online
D123,2023-10-12 11:40:00,Busy
D123,2023-10-12 12:03:00,Busy
D123,2023-10-12 13:54:00,Busy
D123,2023-10-12 15:13:00,Idle
D123,2023-10-12 16:49:00,Idle
D123,2023-10-12 18:14:00,Busy
D123,2023-10-12 19:08:00,Idle
D123,2023-10-12 19:23:00,Offline
D123,2023-10-13 18:23:00,Online
D123,2023-10-13 19:54:00,Busy
D123,2023-10-13 20:21:00,Idle
D123,2023-10-13 21:23:00,Idle
D123,2023-10-13 22:09:00,Busy
D123,2023-10-13 23:03:00,Offline
D124,2023-10-06 00:00:00,Online
D124,2023-10-06 01:25:00,Busy
D124,2023-10-06 03:24:00,Idle
D124,2023-10-06 05:16:00,Idle
D124,2023-10-06 05:46:00,Idle
D124,2023-10-06 07:44:00,Busy
D124,2023-10-06 08:26:00,Busy
D124,2023-10-06 10:18:00,Busy
D124,2023-10-06 12:02:00,Idle
D124,2023-10-06 13:51:00,Busy
D124,2023-10-06 15:16:00,Idle
D124,2023-10-06 16:13:00,Offline
D124,2023-10-07 07:13:00,Online
D124,2023-10-07 08:04:00,Busy
D124,2023-10-07 08:22:00,Idle
D124,2023-10-07 09:35:00,Busy
D124,2023-10-07 11:17:00,Idle
D124,2023-10-07 12:09:00,Offline
D124,2023-10-08 12:09:00,Online
D124,2023-10-08 14:05:00,Idle
D124,2023-10-08 15:54:00,Busy
D124,2023-10-08 16:42:00,Busy
D124,2023-10-08 18:39:00,Busy
D124,2023-10-08 19:55:00,Busy
D124,2023-10-08 20:49:00,Idle
D124,2023-10-08 21:19:00,Offline
D124,2023-10-09 15:19:00,Online
D124,2023-10-09 15:46:00,Idle
D124,2023-10-09 17:46:00,Idle
D124,2023-10-09 19:19:00,Idle
D124,2023-10-09 20:22:00,Busy
D124,2023-10-09 21:34:00,Busy
D124,2023-10-09 23:02:00,Busy
D124,2023-10-09 23:50:00,Busy
D124,2023-10-10 00:24:00,Offline
D124,2023-10-10 23:24:00,Online
D124,2023-10-11 01:21:00,Idle
D124,2023-10-11 02:15:00,Busy
D124,2023-10-11 03:09:00,Idle
D124,2023-10-11 05:07:00,Busy
D124,2023-10-11 06:46:00,Busy
D124,2023-10-11 08:12:00,Busy
D124,2023-10-11 09:01:00,Idle
D124,2023-10-11 10:08:00,Idle
D124,2023-10-11 10:48:00,Offline
D125,2023-10-04 00:00:00,Online
D125,2023-10-04 00:46:00,Idle
D125,2023-10-04 01:23:00,Idle
D125,2023-10-04 02:32:00,Idle
D125,2023-10-04 03:04:00,Busy
D125,2023-10-04 03:39:00,Offline
D125,2023-10-04 15:39:00,Online
D125,2023-10-04 16:17:00,Idle
D125,2023-10-04 17:06:00,Idle
D125,2023-10-04 17:39:00,Idle
D125,2023-10-04 18:24:00,Busy
D125,2023-10-04 18:43:00,Idle
D125,2023-10-04 20:24:00,Busy
D125,2023-10-04 21:22:00,Offline
D125,2023-10-05 09:22:00,Online
D125,2023-10-05 11:05:00,Idle
D125,2023-10-05 12:22:00,Idle
D125,2023-10-05 12:52:00,Idle
D125,2023-10-05 14:25:00,Idle
D125,2023-10-05 14:52:00,Busy
D125,2023-10-05 15:34:00,Idle
D125,2023-10-05 17:00:00,Idle
D125,2023-10-05 17:24:00,Idle
D125,2023-10-05 18:04:00,Offline
D125,2023-10-06 12:04:00,Online
D125,2023-10-06 14:04:00,Idle
D125,2023-10-06 14:51:00,Idle
D125,2023-10-06 15:51:00,Idle
D125,2023-10-06 16:24:00,Busy
D125,2023-10-06 18:15:00,Busy
D125,2023-10-06 19:03:00,Idle
D125,2023-10-06 19:46:00,Idle
D125,2023-10-06 20:17:00,Offline
D125,2023-10-07 17:17:00,Online
D125,2023-10-07 19:13:00,Busy
D125,2023-10-07 21:05:00,Busy
D125,2023-10-07 22:45:00,Idle
D125,2023-10-08 00:31:00,Idle
D125,2023-10-08 01:22:00,Busy
D125,2023-10-08 01:49:00,Busy
D125,2023-10-08 02:48:00,Idle
D125,2023-10-08 04:06:00,Busy
D125,2023-10-08 04:19:00,Offline
D125,2023-10-09 04:19:00,Online
D125,2023-10-09 05:49:00,Busy
D125,2023-10-09 06:43:00,Idle
D125,2023-10-09 08:19:00,Idle
D125,2023-10-09 10:01:00,Idle
D125,2023-10-09 10:54:00,Busy
D125,2023-10-09 11:59:00,Busy
D125,2023-10-09 13:10:00,Busy
D125,2023-10-09 15:01:00,Idle
D125,2023-10-09 15:24:00,Offline
D125,2023-10-10 14:24:00,Online
D125,2023-10-10 15:07:00,Idle
D125,2023-10-10 15:38:00,Idle
D125,2023-10-10 16:04:00,Idle
D125,2023-10-10 17:46:00,Busy
D125,2023-10-10 19:43:00,Busy
D125,2023-10-10 20:58:00,Busy
D125,2023-10-10 21:24:00,Offline
D125,2023-10-11 19:24:00,Online
D125,2023-10-11 21:10:00,Busy
D125,2023-10-11 22:58:00,Busy
D125,2023-10-12 00:31:00,Busy
D125,2023-10-12 01:07:00,Offline
D125,2023-10-12 18:07:00,Online
D125,2023-10-12 19:46:00,Idle
D125,2023-10-12 20:14:00,Busy
D125,2023-10-12 22:12:00,Busy
D125,2023-10-12 23:37:00,Busy
D125,2023-10-13 00:16:00,Busy
D125,2023-10-13 01:24:00,Busy
D125,2023-10-13 02:44:00,Busy
D125,2023-10-13 03:23:00,Idle
D125,2023-10-13 04:04:00,Offline
D125,2023-10-13 22:04:00,Online
D125,2023-10-13 23:03:00,Idle
D125,2023-10-14 00:02:00,Busy
D125,2023-10-14 01:07:00,Idle
D125,2023-10-14 01:48:00,Idle
D125,2023-10-14 02:43:00,Idle
D125,2023-10-14 04:29:00,Idle
D125,2023-10-14 05:36:00,Busy
D125,2023-10-14 07:00:00,Busy
D125,2023-10-14 07:15:00,Offline
D125,2023-10-14 21:15:00,Online
D125,2023-10-14 22:54:00,Busy
D125,2023-10-14 23:32:00,Busy
D125,2023-10-15 00:54:00,Idle
D125,2023-10-15 01:36:00,Idle
D125,2023-10-15 02:52:00,Busy
D125,2023-10-15 03:49:00,Idle
D125,2023-10-15 05:02:00,Busy
D125,2023-10-15 06:46:00,Idle
D125,2023-10-15 08:36:00,Busy
D125,2023-10-15 09:33:00,Offline
D128,2023-10-01 00:00:00,Online
D128,2023-10-01 01:31:00,Busy
D128,2023-10-01 03:16:00,Busy
D128,2023-10-01 04:11:00,Idle
D128,2023-10-01 05:09:00,Offline
D128,2023-10-02 01:09:00,Online
D128,2023-10-02 01:43:00,Busy
D128,2023-10-02 03:20:00,Idle
D128,2023-10-02 05:16:00,Idle
D128,2023-10-02 05:32:00,Busy
D128,2023-10-02 07:05:00,Busy
D128,2023-10-02 08:11:00,Busy
D128,2023-10-02 08:35:00,Offline
D128,2023-10-03 04:35:00,Online
D128,2023-10-03 05:00:00,Busy
D128,2023-10-03 06:03:00,Busy
D128,2023-10-03 07:01:00,Busy
D128,2023-10-03 07:16:00,Busy
D128,2023-10-03 08:19:00,Idle
D128,2023-10-03 09:24:00,Busy
D128,2023-10-03 11:15:00,Idle
D128,2023-10-03 12:48:00,Idle
D128,2023-10-03 14:38:00,Idle
D128,2023-10-03 15:22:00,Offline
D128,2023-10-04 12:22:00,Online
D128,2023-10-04 13:06:00,Busy
D128,2023-10-04 14:29:00,Busy
D128,2023-10-04 16:20:00,Idle
D128,2023-10-04 16:49:00,Idle
D128,2023-10-04 17:35:00,Busy
D128,2023-10-04 19:00:00,Busy
D128,2023-10-04 19:43:00,Offline
D128,2023-10-05 12:43:00,Online
D128,2023-10-05 13:36:00,Busy
D128,2023-10-05 15:14:00,Busy
D128,2023-10-05 16:01:00,Idle
D128,2023-10-05 16:50:00,Idle
D128,2023-10-05 18:24:00,Idle
D128,2023-10-05 18:41:00,Busy
D128,2023-10-05 19:47:00,Busy
D128,2023-10-05 21:11:00,Busy
D128,2023-10-05 22:19:00,Idle
D128,2023-10-06 00:00:00,Busy
D128,2023-10-06 00:13:00,Offline
D128,2023-10-06 14:13:00,Online
D128,2023-10-06 15:14:00,Busy
D128,2023-10-06 16:28:00,Busy
D128,2023-10-06 17:15:00,Busy
D128,2023-10-06 18:28:00,Busy
D128,2023-10-06 20:15:00,Idle
D128,2023-10-06 20:35:00,Idle
D128,2023-10-06 20:57:00,Idle
D128,2023-10-06 21:30:00,Offline
D128,2023-10-07 14:30:00,Online
D128,2023-10-07 15:16:00,Busy
D128,2023-10-07 16:50:00,Idle
D128,2023-10-07 18:31:00,Busy
D128,2023-10-07 20:18:00,Idle
D128,2023-10-07 21:10:00,Busy
D128,2023-10-07 21:45:00,Busy
D128,2023-10-07 22:17:00,Offline
D128,2023-10-08 15:17:00,Online
D128,2023-10-08 16:04:00,Busy
D128,2023-10-08 17:58:00,Idle
D128,2023-10-08 18:54:00,Idle
D128,2023-10-08 20:50:00,Idle
D128,2023-10-08 21:16:00,Idle
D128,2023-10-08 22:44:00,Busy
D128,2023-10-08 23:10:00,Offline
D128,2023-10-09 12:10:00,Online
D128,2023-10-09 13:11:00,Busy
D128,2023-10-09 14:58:00,Busy
D128,2023-10-09 16:13:00,Idle
D128,2023-10-09 17:23:00,Busy
D128,2023-10-09 17:49:00,Offline
D128,2023-10-10 11:49:00,Online
D128,2023-10-10 12:31:00,Idle
D128,2023-10-10 14:01:00,Idle
D128,2023-10-10 14:50:00,Busy
D128,2023-10-10 16:26:00,Busy
D128,2023-10-10 17:06:00,Busy
D128,2023-10-10 17:45:00,Busy
D128,2023-10-10 19:04:00,Idle
D128,2023-10-10 20:38:00,Idle
D128,2023-10-10 21:29:00,Idle
D128,2023-10-10 22:31:00,Idle
D128,2023-10-10 22:47:00,Offline
D128,2023-10-11 15:47:00,Online
D128,2023-10-11 16:07:00,Idle
D128,2023-10-11 16:26:00,Idle
D128,2023-10-11 17:43:00,Busy
D128,2023-10-11 18:25:00,Busy
D128,2023-10-11 20:00:00,Idle
D128,2023-10-11 20:49:00,Busy
D128,2023-10-11 21:41:00,Busy
D128,2023-10-11 23:35:00,Busy
D128,2023-10-12 00:12:00,Offline
D128,2023-10-12 12:12:00,Online
D128,2023-10-12 12:43:00,Busy
D128,2023-10-12 13:35:00,Busy
D128,2023-10-12 14:09:00,Idle
D128,2023-10-12 15:57:00,Idle
D128,2023-10-12 17:05:00,Busy
D128,2023-10-12 17:52:00,Busy
D128,2023-10-12 18:10:00,Offline
D128,2023-10-13 17:10:00,Online
D128,2023-10-13 18:39:00,Idle
D128,2023-10-13 20:31:00,Idle
D128,2023-10-13 21:05:00,Idle
D128,2023-10-13 22:44:00,Busy
D128,2023-10-13 23:46:00,Busy
D128,2023-10-14 00:24:00,Busy
D128,2023-10-14 01:28:00,Busy
D128,2023-10-14 02:55:00,Busy
D128,2023-10-14 03:54:00,Offline
D128,2023-10-15 00:54:00,Online
D128,2023-10-15 02:22:00,Busy
D128,2023-10-15 04:16:00,Busy
D128,2023-10-15 04:44:00,Busy
D128,2023-10-15 06:12:00,Busy
D128,2023-10-15 06:59:00,Busy
D128,2023-10-15 07:52:00,Offline
D129,2023-10-06 00:00:00,Online
D129,2023-10-06 01:12:00,Busy
D129,2023-10-06 02:10:00,Idle
D129,2023-10-06 03:25:00,Busy
D129,2023-10-06 04:49:00,Idle
D129,2023-10-06 05:25:00,Busy
D129,2023-10-06 05:48:00,Offline
D129,2023-10-06 19:48:00,Online
D129,2023-10-06 21:32:00,Busy
D129,2023-10-06 23:06:00,Idle
D129,2023-10-06 23:42:00,Idle
D129,2023-10-07 01:18:00,Idle
D129,2023-10-07 01:37:00,Busy
D129,2023-10-07 02:36:00,Idle
D129,2023-10-07 03:30:00,Busy
D129,2023-10-07 04:33:00,Busy
D129,2023-10-07 05:36:00,Idle
D129,2023-10-07 07:08:00,Busy
D129,2023-10-07 07:58:00,Offline
D129,2023-10-07 20:58:00,Online
D129,2023-10-07 22:35:00,Busy
D129,2023-10-07 22:55:00,Idle
D129,2023-10-08 00:28:00,Idle
D129,2023-10-08 01:13:00,Idle
D129,2023-10-08 01:38:00,Offline
D129,2023-10-08 16:38:00,Online
D129,2023-10-08 17:55:00,Busy
D129,2023-10-08 18:59:00,Idle
D129,2023-10-08 20:08:00,Idle
D129,2023-10-08 21:07:00,Idle
D129,2023-10-08 22:46:00,Busy
D129,2023-10-08 23:16:00,Busy
D129,2023-10-09 00:01:00,Idle
D129,2023-10-09 00:22:00,Idle
D129,2023-10-09 00:50:00,Offline
D129,2023-10-09 22:50:00,Online
D129,2023-10-10 00:03:00,Idle
D129,2023-10-10 01:03:00,Busy
D129,2023-10-10 01:53:00,Idle
D129,2023-10-10 02:55:00,Busy
D129,2023-10-10 04:11:00,Idle
D129,2023-10-10 04:37:00,Offline
D129,2023-10-11 00:37:00,Online
D129,2023-10-11 02:30:00,Idle
D129,2023-10-11 03:31:00,Idle
D129,2023-10-11 04:10:00,Idle
D129,2023-10-11 04:25:00,Offline
D129,2023-10-11 23:25:00,Online
D129,2023-10-12 00:47:00,Idle
D129,2023-10-12 01:54:00,Idle
D129,2023-10-12 02:10:00,Busy
D129,2023-10-12 02:41:00,Idle
D129,2023-10-12 03:58:00,Busy
D129,2023-10-12 05:51:00,Busy
D129,2023-10-12 06:14:00,Busy
D129,2023-10-12 08:09:00,Busy
D129,2023-10-12 09:59:00,Idle
D129,2023-10-12 10:20:00,Offline
D129,2023-10-13 08:20:00,Online
D129,2023-10-13 08:38:00,Busy
D129,2023-10-13 09:35:00,Idle
D129,2023-10-13 10:45:00,Idle
D129,2023-10-13 11:36:00,Offline
D129,2023-10-14 10:36:00,Online
D129,2023-10-14 11:23:00,Busy
D129,2023-10-14 11:39:00,Busy
D129,2023-10-14 12:32:00,Idle
D129,2023-10-14 13:50:00,Busy
D129,2023-10-14 14:24:00,Offline
D129,2023-10-15 09:24:00,Online
D129,2023-10-15 11:05:00,Idle
D129,2023-10-15 12:23:00,Idle
D129,2023-10-15 12:57:00,Idle
D129,2023-10-15 14:40:00,Idle
D129,2023-10-15 15:18:00,Offline
D129,2023-10-16 04:18:00,Online
D129,2023-10-16 04:56:00,Idle
D129,2023-10-16 06:44:00,Busy
D129,2023-10-16 07:35:00,Busy
D129,2023-10-16 09:02:00,Idle
D129,2023-10-16 10:21:00,Idle
D129,2023-10-16 10:57:00,Busy
D129,2023-10-16 11:16:00,Busy
D129,2023-10-16 12:17:00,Busy
D129,2023-10-16 13:30:00,Busy
D129,2023-10-16 14:55:00,Busy
D129,2023-10-16 15:06:00,Offline
D130,2023-10-04 00:00:00,Online
D130,2023-10-04 00:29:00,Busy
D130,2023-10-04 02:14:00,Idle
D130,2023-10-04 02:44:00,Idle
D130,2023-10-04 03:01:00,Busy
D130,2023-10-04 04:00:00,Offline
D130,2023-10-05 00:00:00,Online
D130,2023-10-05 01:25:00,Busy
D130,2023-10-05 02:21:00,Busy
D130,2023-10-05 04:18:00,Busy
D130,2023-10-05 04:54:00,Idle
D130,2023-10-05 05:18:00,Idle
D130,2023-10-05 06:12:00,Busy
D130,2023-10-05 06:50:00,Offline
D130,2023-10-06 06:50:00,Online
D130,2023-10-06 07:23:00,Busy
D130,2023-10-06 08:14:00,Idle
D130,2023-10-06 10:06:00,Idle
D130,2023-10-06 10:18:00,Offline
D130,2023-10-07 09:18:00,Online
D130,2023-10-07 10:32:00,Idle
D130,2023-10-07 11:25:00,Idle
D130,2023-10-07 12:21:00,Idle
D130,2023-10-07 14:11:00,Busy
D130,2023-10-07 16:06:00,Busy
D130,2023-10-07 17:22:00,Busy
D130,2023-10-07 19:11:00,Busy
D130,2023-10-07 19:40:00,Busy
D130,2023-10-07 20:02:00,Offline
D130,2023-10-08 12:02:00,Online
D130,2023-10-08 12:28:00,Busy
D130,2023-10-08 13:53:00,Busy
D130,2023-10-08 15:37:00,Busy
D130,2023-10-08 16:59:00,Busy
D130,2023-10-08 17:52:00,Idle
D130,2023-10-08 19:08:00,Busy
D130,2023-10-08 19:18:00,Offline
D130,2023-10-09 19:18:00,Online
D130,2023-10-09 20:47:00,Busy
D130,2023-10-09 21:38:00,Busy
D130,2023-10-09 23:33:00,Busy
D130,2023-10-10 00:46:00,Idle
D130,2023-10-10 01:41:00,Idle
D130,2023-10-10 02:42:00,Busy
D130,2023-10-10 03:06:00,Idle
D130,2023-10-10 04:35:00,Busy
D130,2023-10-10 05:18:00,Offline
D130,2023-10-10 23:18:00,Online
D130,2023-10-11 00:21:00,Idle
D130,2023-10-11 00:39:00,Busy
D130,2023-10-11 01:15:00,Busy
D130,2023-10-11 03:03:00,Busy
D130,2023-10-11 03:35:00,Busy
D130,2023-10-11 04:34:00,Busy
D130,2023-10-11 04:55:00,Idle
D130,2023-10-11 06:37:00,Idle
D130,2023-10-11 07:36:00,Offline
D130,2023-10-11 20:36:00,Online
D130,2023-10-11 21:55:00,Idle
D130,2023-10-11 23:19:00,Busy
D130,2023-10-12 00:22:00,Idle
D130,2023-10-12 02:13:00,Busy
D130,2023-10-12 02:37:00,Offline
D131,2023-10-03 00:00:00,Online
D131,2023-10-03 00:56:00,Busy
D131,2023-10-03 02:00:00,Idle
D131,2023-10-03 03:38:00,Idle
D131,2023-10-03 04:06:00,Idle
D131,2023-10-03 05:38:00,Idle
D131,2023-10-03 07:21:00,Idle
D131,2023-10-03 08:23:00,Busy
D131,2023-10-03 09:54:00,Idle
D131,2023-10-03 10:33:00,Busy
D131,2023-10-03 11:29:00,Offline
D131,2023-10-04 00:29:00,Online
D131,2023-10-04 02:21:00,Busy
D131,2023-10-04 03:41:00,Idle
D131,2023-10-04 04:34:00,Idle
D131,2023-10-04 05:27:00,Busy
D131,2023-10-04 06:13:00,Busy
D131,2023-10-04 07:56:00,Busy
D131,2023-10-04 09:54:00,Busy
D131,2023-10-04 11:21:00,Busy
D131,2023-10-04 12:06:00,Busy
D131,2023-10-04 12:44:00,Offline
D131,2023-10-05 09:44:00,Online
D131,2023-10-05 11:44:00,Idle
D131,2023-10-05 12:15:00,Idle
D131,2023-10-05 14:05:00,Idle
D131,2023-10-05 14:51:00,Busy
D131,2023-10-05 16:20:00,Idle
D131,2023-10-05 17:58:00,Idle
D131,2023-10-05 18:28:00,Idle
D131,2023-10-05 19:26:00,Offline
D131,2023-10-06 12:26:00,Online
D131,2023-10-06 13:25:00,Idle
D131,2023-10-06 13:53:00,Busy
D131,2023-10-06 14:48:00,Idle
D131,2023-10-06 15:20:00,Busy
D131,2023-10-06 17:03:00,Busy
D131,2023-10-06 17:35:00,Busy
D131,2023-10-06 18:13:00,Offline
D131,2023-10-07 09:13:00,Online
D131,2023-10-07 11:00:00,Idle
D131,2023-10-07 12:14:00,Busy
D131,2023-10-07 14:01:00,Idle
D131,2023-10-07 15:30:00,Busy
D131,2023-10-07 17:15:00,Idle
D131,2023-10-07 17:46:00,Offline
D131,2023-10-08 05:46:00,Online
D131,2023-10-08 07:42:00,Busy
D131,2023-10-08 09:03:00,Busy
D131,2023-10-08 10:13:00,Idle
D131,2023-10-08 12:13:00,Idle
D131,2023-10-08 13:58:00,Idle
D131,2023-10-08 14:38:00,Idle
D131,2023-10-08 15:39:00,Busy
D131,2023-10-08 16:01:00,Busy
D131,2023-10-08 17:43:00,Busy
D131,2023-10-08 18:00:00,Offline
D131,2023-10-09 14:00:00,Online
D131,2023-10-09 14:21:00,Idle
D131,2023-10-09 15:53:00,Busy
D131,2023-10-09 17:00:00,Idle
D131,2023-10-09 17:54:00,Busy
D131,2023-10-09 18:18:00,Busy
D131,2023-10-09 19:15:00,Offline
D131,2023-10-10 14:15:00,Online
D131,2023-10-10 15:07:00,Busy
D131,2023-10-10 15:52:00,Busy
D131,2023-10-10 17:25:00,Idle
D131,2023-10-10 18:26:00,Idle
D131,2023-10-10 18:48:00,Busy
D131,2023-10-10 20:10:00,Idle
D131,2023-10-10 21:01:00,Offline
D131,2023-10-11 21:01:00,Online
D131,2023-10-11 22:11:00,Idle
D131,2023-10-11 23:07:00,Busy
D131,2023-10-12 00:43:00,Idle
D131,2023-10-12 02:30:00,Busy
D131,2023-10-12 03:53:00,Idle
D131,2023-10-12 04:52:00,Idle
D131,2023-10-12 05:07:00,Busy
D131,2023-10-12 06:14:00,Idle
D131,2023-10-12 06:34:00,Busy
D131,2023-10-12 06:55:00,Offline
D131,2023-10-13 05:55:00,Online
D131,2023-10-13 06:37:00,Busy
D131,2023-10-13 07:54:00,Idle
D131,2023-10-13 08:37:00,Idle
D131,2023-10-13 10:09:00,Idle
D131,2023-10-13 11:58:00,Busy
D131,2023-10-13 13:53:00,Idle
D131,2023-10-13 15:22:00,Idle
D131,2023-10-13 16:41:00,Busy
D131,2023-10-13 17:03:00,Offline
D131,2023-10-14 17:03:00,Online
D131,2023-10-14 18:38:00,Busy
D131,2023-10-14 19:49:00,Busy
D131,2023-10-14 20:11:00,Busy
D131,2023-10-14 20:30:00,Idle
D131,2023-10-14 21:34:00,Busy
D131,2023-10-14 22:30:00,Idle
D131,2023-10-14 23:24:00,Idle
D131,2023-10-14 23:59:00,Offline
D131,2023-10-15 16:59:00,Online
D131,2023-10-15 18:18:00,Busy
D131,2023-10-15 19:47:00,Idle
D131,2023-10-15 21:47:00,Idle
D131,2023-10-15 22:51:00,Busy
D131,2023-10-16 00:39:00,Idle
D131,2023-10-16 01:55:00,Idle
D131,2023-10-16 02:18:00,Busy
D131,2023-10-16 03:03:00,Idle
D131,2023-10-16 03:32:00,Offline
D131,2023-10-16 16:32:00,Online
D131,2023-10-16 18:05:00,Busy
D131,2023-10-16 19:45:00,Idle
D131,2023-10-16 21:30:00,Idle
D131,2023-10-16 23:21:00,Idle
D131,2023-10-17 00:01:00,Offline
D131,2023-10-17 21:01:00,Online
D131,2023-10-17 22:21:00,Busy
D131,2023-10-17 23:43:00,Idle
D131,2023-10-18 00:50:00,Idle
D131,2023-10-18 01:08:00,Idle
D131,2023-10-18 02:28:00,Idle
D131,2023-10-18 04:07:00,Busy
D131,2023-10-18 05:08:00,Busy
D131,2023-10-18 06:11:00,Busy
D131,2023-10-18 06:38:00,Busy
D131,2023-10-18 07:14:00,Idle
D131,2023-10-18 07:57:00,Offline
D132,2023-10-02 00:00:00,Online
D132,2023-10-02 01:44:00,Busy
D132,2023-10-02 03:34:00,Busy
D132,2023-10-02 04:09:00,Busy
D132,2023-10-02 04:53:00,Idle
D132,2023-10-02 06:00:00,Idle
D132,2023-10-02 07:38:00,Idle
D132,2023-10-02 08:02:00,Idle
D132,2023-10-02 08:27:00,Busy
D132,2023-10-02 08:48:00,Offline
D132,2023-10-03 02:48:00,Online
D132,2023-10-03 03:14:00,Idle
D132,2023-10-03 04:54:00,Idle
D132,2023-10-03 05:34:00,Busy
D132,2023-10-03 07:33:00,Busy
D132,2023-10-03 08:38:00,Busy
D132,2023-10-03 09:26:00,Busy
D132,2023-10-03 10:04:00,Busy
D132,2023-10-03 11:56:00,Idle
D132,2023-10-03 12:34:00,Offline
D132,2023-10-04 10:34:00,Online
D132,2023-10-04 11:20:00,Busy
D132,2023-10-04 11:41:00,Busy
D132,2023-10-04 13:08:00,Idle
D132,2023-10-04 14:18:00,Busy
D132,2023-10-04 16:04:00,Busy
D132,2023-10-04 17:46:00,Idle
D132,2023-10-04 19:06:00,Idle
D132,2023-10-04 20:07:00,Busy
D132,2023-10-04 20:44:00,Busy
D132,2023-10-04 22:24:00,Busy
D132,2023-10-04 22:52:00,Offline
D132,2023-10-05 18:52:00,Online
D132,2023-10-05 20:35:00,Idle
D132,2023-10-05 21:27:00,Idle
D132,2023-10-05 22:02:00,Idle
D132,2023-10-05 22:18:00,Busy
D132,2023-10-05 23:48:00,Busy
D132,2023-10-06 00:37:00,Busy
D132,2023-10-06 02:31:00,Idle
D132,2023-10-06 02:55:00,Offline
D132,2023-10-07 01:55:00,Online
D132,2023-10-07 02:21:00,Idle
D132,2023-10-07 03:14:00,Busy
D132,2023-10-07 05:07:00,Busy
D132,2023-10-07 05:27:00,Busy
D132,2023-10-07 07:24:00,Idle
D132,2023-10-07 08:18:00,Busy
D132,2023-10-07 09:42:00,Busy
D132,2023-10-07 10:37:00,Offline
D132,2023-10-08 02:37:00,Online
D132,2023-10-08 04:15:00,Idle
D132,2023-10-08 05:26:00,Busy
D132,2023-10-08 06:39:00,Idle
D132,2023-10-08 06:59:00,Offline
D132,2023-10-08 21:59:00,Online
D132,2023-10-08 22:18:00,Idle
D132,2023-10-09 00:01:00,Busy
D132,2023-10-09 00:32:00,Idle
D132,2023-10-09 01:28:00,Idle
D132,2023-10-09 02:19:00,Idle
D132,2023-10-09 02:46:00,Busy
D132,2023-10-09 03:51:00,Busy
D132,2023-10-09 04:10:00,Busy
D132,2023-10-09 05:26:00,Idle
D132,2023-10-09 06:06:00,Offline
D132,2023-10-09 19:06:00,Online
D132,2023-10-09 20:56:00,Idle
D132,2023-10-09 22:47:00,Busy
D132,2023-10-09 23:10:00,Idle
D132,2023-10-10 00:23:00,Busy
D132,2023-10-10 01:16:00,Idle
D132,2023-10-10 01:39:00,Idle
D132,2023-10-10 03:32:00,Busy
D132,2023-10-10 04:44:00,Busy
D132,2023-10-10 05:02:00,Offline
D132,2023-10-11 01:02:00,Online
D132,2023-10-11 02:48:00,Idle
D132,2023-10-11 04:16:00,Idle
D132,2023-10-11 05:19:00,Idle
D132,2023-10-11 06:21:00,Busy
D132,2023-10-11 07:06:00,Busy
D132,2023-10-11 07:58:00,Idle
D132,2023-10-11 09:42:00,Idle
D132,2023-10-11 10:28:00,Idle
D132,2023-10-11 11:04:00,Idle
D132,2023-10-11 12:04:00,Offline
D132,2023-10-12 00:04:00,Online
D132,2023-10-12 00:43:00,Idle
D132,2023-10-12 02:22:00,Busy
D132,2023-10-12 04:03:00,Busy
D132,2023-10-12 04:27:00,Busy
D132,2023-10-12 05:29:00,Busy
D132,2023-10-12 07:22:00,Busy
D132,2023-10-12 07:51:00,Busy
D132,2023-10-12 08:09:00,Busy
D132,2023-10-12 09:43:00,Busy
D132,2023-10-12 10:01:00,Offline
D132,2023-10-13 05:01:00,Online
D132,2023-10-13 06:24:00,Idle
D132,2023-10-13 07:34:00,Idle
D132,2023-10-13 09:03:00,Idle
D132,2023-10-13 10:14:00,Idle
D132,2023-10-13 11:10:00,Busy
D132,2023-10-13 12:38:00,Idle
D132,2023-10-13 14:16:00,Idle
D132,2023-10-13 14:46:00,Offline
D132,2023-10-14 04:46:00,Online
D132,2023-10-14 05:10:00,Busy
D132,2023-10-14 06:55:00,Busy
D132,2023-10-14 08:02:00,Idle
D132,2023-10-14 08:51:00,Busy
D132,2023-10-14 10:39:00,Idle
D132,2023-10-14 11:31:00,Idle
D132,2023-10-14 12:26:00,Idle
D132,2023-10-14 12:55:00,Offline
D132,2023-10-15 08:55:00,Online
D132,2023-10-15 09:52:00,Idle
D132,2023-10-15 11:22:00,Idle
D132,2023-10-15 12:49:00,Idle
D132,2023-10-15 14:42:00,Idle
D132,2023-10-15 15:09:00,Idle
D132,2023-10-15 15:44:00,Offline
D132,2023-10-16 13:44:00,Online
D132,2023-10-16 15:43:00,Idle
D132,2023-10-16 17:24:00,Idle
D132,2023-10-16 19:05:00,Busy
D132,2023-10-16 19:26:00,Offline
D133,2023-10-05 00:00:00,Online
D133,2023-10-05 01:34:00,Busy
D133,2023-10-05 02:44:00,Idle
D133,2023-10-05 04:30:00,Idle
D133,2023-10-05 06:30:00,Idle
D133,2023-10-05 07:49:00,Idle
D133,2023-10-05 08:20:00,Offline
D133,2023-10-06 01:20:00,Online
D133,2023-10-06 01:50:00,Busy
D133,2023-10-06 03:29:00,Idle
D133,2023-10-06 03:45:00,Idle
D133,2023-10-06 04:22:00,Idle
D133,2023-10-06 05:52:00,Idle
D133,2023-10-06 06:48:00,Idle
D133,2023-10-06 07:53:00,Idle
D133,2023-10-06 09:37:00,Idle
D133,2023-10-06 10:14:00,Idle
D133,2023-10-06 11:07:00,Offline
D133,2023-10-07 06:07:00,Online
D133,2023-10-07 08:06:00,Idle
D133,2023-10-07 09:13:00,Idle
D133,2023-10-07 10:21:00,Idle
D133,2023-10-07 10:59:00,Busy
D133,2023-10-07 11:17:00,Busy
D133,2023-10-07 12:26:00,Idle
D133,2023-10-07 13:57:00,Idle
D133,2023-10-07 14:39:00,Offline
D133,2023-10-08 13:39:00,Online
D133,2023-10-08 14:07:00,Idle
D133,2023-10-08 15:12:00,Busy
D133,2023-10-08 16:31:00,Idle
D133,2023-10-08 18:02:00,Idle
D133,2023-10-08 19:55:00,Idle
D133,2023-10-08 20:36:00,Idle
D133,2023-10-08 22:10:00,Busy
D133,2023-10-08 23:54:00,Busy
D133,2023-10-09 01:54:00,Busy
D133,2023-10-09 02:28:00,Offline
D133,2023-10-09 21:28:00,Online
D133,2023-10-09 23:05:00,Idle
D133,2023-10-10 00:50:00,Idle
D133,2023-10-10 01:23:00,Busy
D133,2023-10-10 02:01:00,Offline
D133,2023-10-10 22:01:00,Online
D133,2023-10-10 23:28:00,Idle
D133,2023-10-11 00:14:00,Busy
D133,2023-10-11 00:30:00,Busy
D133,2023-10-11 01:08:00,Idle
D133,2023-10-11 01:25:00,Idle
D133,2023-10-11 03:12:00,Idle
D133,2023-10-11 03:35:00,Idle
D133,2023-10-11 04:28:00,Offline
D133,2023-10-11 17:28:00,Online
D133,2023-10-11 18:15:00,Idle
D133,2023-10-11 18:34:00,Idle
D133,2023-10-11 19:33:00,Idle
D133,2023-10-11 20:35:00,Busy
D133,2023-10-11 21:09:00,Busy
D133,2023-10-11 22:19:00,Busy
D133,2023-10-11 22:49:00,Busy
D133,2023-10-11 23:15:00,Offline
D133,2023-10-12 12:15:00,Online
D133,2023-10-12 14:02:00,Busy
D133,2023-10-12 15:06:00,Idle
D133,2023-10-12 16:49:00,Busy
D133,2023-10-12 17:30:00,Busy
D133,2023-10-12 18:02:00,Idle
D133,2023-10-12 19:42:00,Idle
D133,2023-10-12 20:40:00,Busy
D133,2023-10-12 21:17:00,Idle
D133,2023-10-12 21:43:00,Busy
D133,2023-10-12 22:17:00,Offline
D133,2023-10-13 13:17:00,Online
D133,2023-10-13 13:43:00,Busy
D133,2023-10-13 15:02:00,Idle
D133,2023-10-13 16:11:00,Idle
D133,2023-10-13 16:58:00,Busy
D133,2023-10-13 18:42:00,Idle
D133,2023-10-13 19:06:00,Offline
D133,2023-10-14 19:06:00,Online
D133,2023-10-14 19:35:00,Idle
D133,2023-10-14 20:01:00,Idle
D133,2023-10-14 20:31:00,Idle
D133,2023-10-14 22:16:00,Idle
D133,2023-10-14 23:34:00,Idle
D133,2023-10-15 00:14:00,Idle
D133,2023-10-15 00:33:00,Idle
D133,2023-10-15 01:49:00,Busy
D133,2023-10-15 03:11:00,Idle
D133,2023-10-15 04:02:00,Offline
D133,2023-10-15 18:02:00,Online
D133,2023-10-15 18:22:00,Busy
D133,2023-10-15 19:55:00,Busy
D133,2023-10-15 21:49:00,Idle
D133,2023-10-15 23:10:00,Idle
D133,2023-10-15 23:42:00,Idle
D133,2023-10-16 00:18:00,Idle
D133,2023-10-16 01:01:00,Offline
D133,2023-10-16 20:01:00,Online
D133,2023-10-16 20:25:00,Idle
D133,2023-10-16 22:16:00,Idle
D133,2023-10-16 23:55:00,Busy
D133,2023-10-17 01:41:00,Busy
D133,2023-10-17 03:02:00,Idle
D133,2023-10-17 04:34:00,Busy
D133,2023-10-17 04:45:00,Offline
D133,2023-10-17 18:45:00,Online
D133,2023-10-17 19:52:00,Busy
D133,2023-10-17 21:40:00,Idle
D133,2023-10-17 23:15:00,Busy
D133,2023-10-18 00:41:00,Idle
D133,2023-10-18 02:36:00,Idle
D133,2023-10-18 03:13:00,Busy
D133,2023-10-18 04:03:00,Offline
D133,2023-10-18 17:03:00,Online
D133,2023-10-18 17:55:00,Idle
D133,2023-10-18 19:31:00,Idle
D133,2023-10-18 20:15:00,Busy
D133,2023-10-18 21:10:00,Busy
D133,2023-10-18 22:17:00,Idle
D133,2023-10-18 23:48:00,Idle
D133,2023-10-19 00:25:00,Busy
D133,2023-10-19 01:50:00,Busy
D133,2023-10-19 03:10:00,Busy
D133,2023-10-19 04:08:00,Offline
D133,2023-10-20 03:08:00,Online
D133,2023-10-20 03:29:00,Busy
D133,2023-10-20 05:27:00,Busy
D133,2023-10-20 07:14:00,Idle
D133,2023-10-20 07:38:00,Offline
D135,2023-10-01 00:00:00,Online
D135,2023-10-01 00:42:00,Busy
D135,2023-10-01 02:30:00,Idle
D135,2023-10-01 04:27:00,Busy
D135,2023-10-01 05:11:00,Idle
D135,2023-10-01 05:38:00,Busy
D135,2023-10-01 06:10:00,Busy
D135,2023-10-01 06:58:00,Busy
D135,2023-10-01 07:44:00,Offline
D135,2023-10-02 02:44:00,Online
D135,2023-10-02 03:50:00,Idle
D135,2023-10-02 04:59:00,Busy
D135,2023-10-02 05:41:00,Busy
D135,2023-10-02 06:14:00,Busy
D135,2023-10-02 07:19:00,Busy
D135,2023-10-02 08:02:00,Busy
D135,2023-10-02 08:38:00,Offline
D135,2023-10-02 21:38:00,Online
D135,2023-10-02 23:05:00,Busy
D135,2023-10-03 00:53:00,Busy
D135,2023-10-03 02:22:00,Idle
D135,2023-10-03 02:48:00,Offline
D135,2023-10-03 20:48:00,Online
D135,2023-10-03 22:46:00,Busy
D135,2023-10-03 23:37:00,Busy
D135,2023-10-04 01:37:00,Busy
D135,2023-10-04 02:11:00,Idle
D135,2023-10-04 04:03:00,Idle
D135,2023-10-04 04:48:00,Idle
D135,2023-10-04 06:41:00,Busy
D135,2023-10-04 08:37:00,Busy
D135,2023-10-04 09:13:00,Offline
D135,2023-10-05 00:13:00,Online
D135,2023-10-05 01:44:00,Idle
D135,2023-10-05 03:36:00,Idle
D135,2023-10-05 05:25:00,Idle
D135,2023-10-05 06:14:00,Busy
D135,2023-10-05 07:59:00,Idle
D135,2023-10-05 09:05:00,Idle
D135,2023-10-05 10:55:00,Idle
D135,2023-10-05 12:45:00,Idle
D135,2023-10-05 14:37:00,Idle
D135,2023-10-05 15:05:00,Idle
D135,2023-10-05 15:20:00,Offline
D135,2023-10-06 05:20:00,Online
D135,2023-10-06 05:42:00,Idle
D135,2023-10-06 06:07:00,Busy
D135,2023-10-06 07:21:00,Busy
D135,2023-10-06 07:39:00,Offline
D135,2023-10-06 23:39:00,Online
D135,2023-10-07 01:03:00,Busy
D135,2023-10-07 01:41:00,Busy
D135,2023-10-07 03:41:00,Busy
D135,2023-10-07 05:09:00,Busy
D135,2023-10-07 06:04:00,Busy
D135,2023-10-07 06:22:00,Busy
D135,2023-10-07 06:45:00,Busy
D135,2023-10-07 07:40:00,Offline
D135,2023-10-07 19:40:00,Online
D135,2023-10-07 21:04:00,Busy
D135,2023-10-07 22:41:00,Idle
D135,2023-10-07 23:34:00,Idle
D135,2023-10-08 01:30:00,Busy
D135,2023-10-08 02:10:00,Offline
D135,2023-10-08 17:10:00,Online
D135,2023-10-08 18:34:00,Idle
D135,2023-10-08 20:13:00,Busy
D135,2023-10-08 21:45:00,Busy
D135,2023-10-08 23:43:00,Busy
D135,2023-10-09 01:28:00,Idle
D135,2023-10-09 02:46:00,Idle
D135,2023-10-09 03:08:00,Offline
D135,2023-10-09 16:08:00,Online
D135,2023-10-09 16:52:00,Idle
D135,2023-10-09 18:31:00,Busy
D135,2023-10-09 20:02:00,Idle
D135,2023-10-09 20:59:00,Idle
D135,2023-10-09 21:59:00,Offline
D135,2023-10-10 12:59:00,Online
D135,2023-10-10 13:26:00,Idle
D135,2023-10-10 14:52:00,Busy
D135,2023-10-10 16:13:00,Idle
D135,2023-10-10 17:48:00,Busy
D135,2023-10-10 18:22:00,Idle
D135,2023-10-10 20:18:00,Busy
D135,2023-10-10 21:10:00,Offline
D135,2023-10-11 15:10:00,Online
D135,2023-10-11 16:48:00,Idle
D135,2023-10-11 17:10:00,Busy
D135,2023-10-11 19:07:00,Busy
D135,2023-10-11 20:42:00,Busy
D135,2023-10-11 21:34:00,Offline
D135,2023-10-12 11:34:00,Online
D135,2023-10-12 12:04:00,Busy
D135,2023-10-12 13:30:00,Busy
D135,2023-10-12 14:11:00,Busy
D135,2023-10-12 14:39:00,Busy
D135,2023-10-12 15:31:00,Idle
D135,2023-10-12 16:53:00,Busy
D135,2023-10-12 18:13:00,Idle
D135,2023-10-12 18:38:00,Idle
D135,2023-10-12 18:54:00,Busy
D135,2023-10-12 19:27:00,Offline
D135,2023-10-13 14:27:00,Online
D135,2023-10-13 14:46:00,Idle
D135,2023-10-13 15:38:00,Busy
D135,2023-10-13 17:18:00,Idle
D135,2023-10-13 19:02:00,Busy
D135,2023-10-13 20:35:00,Busy
D135,2023-10-13 22:16:00,Idle
D135,2023-10-13 23:32:00,Idle
D135,2023-10-14 00:56:00,Busy
D135,2023-10-14 01:58:00,Idle
D135,2023-10-14 03:19:00,Idle
D135,2023-10-14 03:55:00,Offline
D135,2023-10-14 17:55:00,Online
D135,2023-10-14 18:28:00,Idle
D135,2023-10-14 19:33:00,Idle
D135,2023-10-14 21:32:00,Idle
D135,2023-10-14 22:45:00,Idle
D135,2023-10-14 23:02:00,Offline
D136,2023-10-03 00:00:00,Online
D136,2023-10-03 00:59:00,Idle
D136,2023-10-03 01:39:00,Busy
D136,2023-10-03 03:19:00,Idle
D136,2023-10-03 04:36:00,Idle
D136,2023-10-03 04:51:00,Offline
D136,2023-10-04 00:51:00,Online
D136,2023-10-04 02:00:00,Idle
D136,2023-10-04 02:29:00,Idle
D136,2023-10-04 02:49:00,Idle
D136,2023-10-04 04:45:00,Busy
D136,2023-10-04 06:45:00,Busy
D136,2023-10-04 08:44:00,Busy
D136,2023-10-04 09:02:00,Offline
D136,2023-10-05 03:02:00,Online
D136,2023-10-05 03:52:00,Idle
D136,2023-10-05 04:08:00,Idle
D136,2023-10-05 04:26:00,Idle
D136,2023-10-05 05:55:00,Idle
D136,2023-10-05 07:21:00,Idle
D136,2023-10-05 07:56:00,Offline
D136,2023-10-06 05:56:00,Online
D136,2023-10-06 07:03:00,Busy
D136,2023-10-06 08:53:00,Idle
D136,2023-10-06 10:12:00,Idle
D136,2023-10-06 11:40:00,Busy
D136,2023-10-06 13:11:00,Idle
D136,2023-10-06 14:23:00,Idle
D136,2023-10-06 15:32:00,Busy
D136,2023-10-06 16:45:00,Idle
D136,2023-10-06 18:17:00,Idle
D136,2023-10-06 19:34:00,Busy
D136,2023-10-06 20:05:00,Offline
D136,2023-10-07 09:05:00,Online
D136,2023-10-07 09:36:00,Busy
D136,2023-10-07 10:51:00,Idle
D136,2023-10-07 11:55:00,Idle
D136,2023-10-07 12:42:00,Idle
D136,2023-10-07 14:19:00,Busy
D136,2023-10-07 16:14:00,Idle
D136,2023-10-07 16:37:00,Idle
D136,2023-10-07 17:14:00,Idle
D136,2023-10-07 18:01:00,Offline
D136,2023-10-08 09:01:00,Online
D136,2023-10-08 10:52:00,Idle
D136,2023-10-08 12:13:00,Busy
D136,2023-10-08 14:01:00,Idle
D136,2023-10-08 15:18:00,Idle
D136,2023-10-08 16:16:00,Idle
D136,2023-10-08 17:41:00,Idle
D136,2023-10-08 18:43:00,Idle
D136,2023-10-08 19:10:00,Offline
D136,2023-10-09 07:10:00,Online
D136,2023-10-09 07:34:00,Idle
D136,2023-10-09 08:49:00,Idle
D136,2023-10-09 10:25:00,Idle
D136,2023-10-09 11:06:00,Idle
D136,2023-10-09 12:36:00,Idle
D136,2023-10-09 13:23:00,Busy
D136,2023-10-09 14:50:00,Busy
D136,2023-10-09 16:26:00,Idle
D136,2023-10-09 17:19:00,Offline
D136,2023-10-10 08:19:00,Online
D136,2023-10-10 09:37:00,Busy
D136,2023-10-10 11:21:00,Idle
D136,2023-10-10 12:25:00,Busy
D136,2023-10-10 13:25:00,Busy
D136,2023-10-10 14:01:00,Idle
D136,2023-10-10 15:02:00,Idle
D136,2023-10-10 16:50:00,Busy
D136,2023-10-10 17:14:00,Busy
D136,2023-10-10 17:52:00,Offline
D136,2023-10-11 08:52:00,Online
D136,2023-10-11 10:27:00,Busy
D136,2023-10-11 10:44:00,Idle
D136,2023-10-11 12:04:00,Idle
D136,2023-10-11 13:49:00,Busy
D136,2023-10-11 14:36:00,Offline
D136,2023-10-12 03:36:00,Online
D136,2023-10-12 04:54:00,Busy
D136,2023-10-12 05:34:00,Idle
D136,2023-10-12 06:30:00,Busy
D136,2023-10-12 08:17:00,Idle
D136,2023-10-12 09:30:00,Busy
D136,2023-10-12 11:29:00,Busy
D136,2023-10-12 12:23:00,Offline
D136,2023-10-13 11:23:00,Online
D136,2023-10-13 12:59:00,Idle
D136,2023-10-13 13:20:00,Busy
D136,2023-10-13 15:15:00,Idle
D136,2023-10-13 17:13:00,Busy
D136,2023-10-13 18:36:00,Idle
D136,2023-10-13 19:24:00,Busy
D136,2023-10-13 20:03:00,Offline
D136,2023-10-14 12:03:00,Online
D136,2023-10-14 13:59:00,Busy
D136,2023-10-14 14:37:00,Busy
D136,2023-10-14 16:34:00,Busy
D136,2023-10-14 17:58:00,Busy
D136,2023-10-14 18:32:00,Idle
D136,2023-10-14 20:14:00,Idle
D136,2023-10-14 20:58:00,Busy
D136,2023-10-14 21:25:00,Busy
D136,2023-10-14 22:03:00,Offline
D136,2023-10-15 13:03:00,Online
D136,2023-10-15 13:22:00,Idle
D136,2023-10-15 14:43:00,Idle
D136,2023-10-15 15:01:00,Busy
D136,2023-10-15 15:48:00,Idle
D136,2023-10-15 17:00:00,Busy
D136,2023-10-15 17:26:00,Idle
D136,2023-10-15 17:54:00,Busy
D136,2023-10-15 19:27:00,Busy
D136,2023-10-15 20:24:00,Offline
D138,2023-10-03 00:00:00,Online
D138,2023-10-03 00:18:00,Idle
D138,2023-10-03 01:05:00,Idle
D138,2023-10-03 01:21:00,Idle
D138,2023-10-03 01:58:00,Busy
D138,2023-10-03 03:43:00,Idle
D138,2023-10-03 04:57:00,Idle
D138,2023-10-03 06:45:00,Idle
D138,2023-10-03 08:15:00,Busy
D138,2023-10-03 10:15:00,Busy
D138,2023-10-03 11:01:00,Idle
D138,2023-10-03 11:11:00,Offline
D138,2023-10-04 03:11:00,Online
D138,2023-10-04 04:54:00,Idle
D138,2023-10-04 05:33:00,Idle
D138,2023-10-04 06:29:00,Idle
D138,2023-10-04 07:19:00,Busy
D138,2023-10-04 07:57:00,Busy
D138,2023-10-04 09:01:00,Idle
D138,2023-10-04 10:20:00,Busy
D138,2023-10-04 10:58:00,Offline
D138,2023-10-05 03:58:00,Online
D138,2023-10-05 05:20:00,Busy
D138,2023-10-05 05:58:00,Busy
D138,2023-10-05 07:02:00,Idle
D138,2023-10-05 08:35:00,Idle
D138,2023-10-05 09:11:00,Idle
D138,2023-10-05 10:47:00,Idle
D138,2023-10-05 11:25:00,Idle
D138,2023-10-05 12:06:00,Busy
D138,2023-10-05 14:04:00,Busy
D138,2023-10-05 14:34:00,Offline
D138,2023-10-06 07:34:00,Online
D138,2023-10-06 08:31:00,Idle
D138,2023-10-06 10:19:00,Busy
D138,2023-10-06 11:47:00,Busy
D138,2023-10-06 12:14:00,Offline
D138,2023-10-07 11:14:00,Online
D138,2023-10-07 11:46:00,Busy
D138,2023-10-07 12:26:00,Busy
D138,2023-10-07 12:44:00,Idle
D138,2023-10-07 14:25:00,Idle
D138,2023-10-07 15:59:00,Idle
D138,2023-10-07 16:50:00,Idle
D138,2023-10-07 18:26:00,Busy
D138,2023-10-07 18:42:00,Offline
D138,2023-10-08 14:42:00,Online
D138,2023-10-08 14:58:00,Busy
D138,2023-10-08 15:39:00,Busy
D138,2023-10-08 16:54:00,Busy
D138,2023-10-08 18:43:00,Busy
D138,2023-10-08 19:35:00,Offline
D138,2023-10-09 10:35:00,Online
D138,2023-10-09 12:09:00,Idle
D138,2023-10-09 14:00:00,Idle
D138,2023-10-09 15:22:00,Busy
D138,2023-10-09 15:39:00,Offline
D138,2023-10-10 07:39:00,Online
D138,2023-10-10 09:19:00,Busy
D138,2023-10-10 09:46:00,Idle
D138,2023-10-10 11:08:00,Busy
D138,2023-10-10 11:48:00,Idle
D138,2023-10-10 12:33:00,Busy
D138,2023-10-10 13:33:00,Busy
D138,2023-10-10 14:15:00,Idle
D138,2023-10-10 15:10:00,Idle
D138,2023-10-10 15:46:00,Idle
D138,2023-10-10 16:30:00,Offline
D138,2023-10-11 14:30:00,Online
D138,2023-10-11 15:26:00,Idle
D138,2023-10-11 15:46:00,Idle
D138,2023-10-11 16:44:00,Idle
D138,2023-10-11 18:30:00,Idle
D138,2023-10-11 19:52:00,Busy
D138,2023-10-11 21:21:00,Idle
D138,2023-10-11 21:53:00,Offline
D138,2023-10-12 10:53:00,Online
D138,2023-10-12 11:52:00,Idle
D138,2023-10-12 12:26:00,Busy
D138,2023-10-12 13:43:00,Busy
D138,2023-10-12 15:38:00,Busy
D138,2023-10-12 16:00:00,Idle
D138,2023-10-12 17:29:00,Idle
D138,2023-10-12 18:03:00,Busy
D138,2023-10-12 19:25:00,Busy
D138,2023-10-12 20:03:00,Offline
D138,2023-10-13 18:03:00,Online
D138,2023-10-13 19:30:00,Busy
D138,2023-10-13 20:41:00,Busy
D138,2023-10-13 21:28:00,Busy
D138,2023-10-13 22:57:00,Busy
D138,2023-10-14 00:51:00,Idle
D138,2023-10-14 01:18:00,Idle
D138,2023-10-14 02:04:00,Idle
D138,2023-10-14 02:39:00,Idle
D138,2023-10-14 03:32:00,Offline
D138,2023-10-15 03:32:00,Online
D138,2023-10-15 04:12:00,Idle
D138,2023-10-15 04:33:00,Idle
D138,2023-10-15 04:54:00,Busy
D138,2023-10-15 05:49:00,Busy
D138,2023-10-15 06:46:00,Busy
D138,2023-10-15 07:01:00,Busy
D138,2023-10-15 08:15:00,Busy
D138,2023-10-15 10:09:00,Idle
D138,2023-10-15 10:59:00,Offline
D138,2023-10-15 22:59:00,Online
D138,2023-10-16 00:19:00,Idle
D138,2023-10-16 02:07:00,Busy
D138,2023-10-16 02:28:00,Idle
D138,2023-10-16 02:57:00,Idle
D138,2023-10-16 03:12:00,Busy
D138,2023-10-16 04:31:00,Idle
D138,2023-10-16 06:06:00,Busy
D138,2023-10-16 07:21:00,Busy
D138,2023-10-16 09:03:00,Busy
D138,2023-10-16 09:18:00,Offline
D138,2023-10-16 23:18:00,Online
D138,2023-10-17 00:54:00,Idle
D138,2023-10-17 01:36:00,Busy
D138,2023-10-17 03:16:00,Idle
D138,2023-10-17 05:05:00,Busy
D138,2023-10-17 06:02:00,Offline
D138,2023-10-18 04:02:00,Online
D138,2023-10-18 05:24:00,Idle
D138,2023-10-18 05:39:00,Busy
D138,2023-10-18 07:08:00,Idle
D138,2023-10-18 08:23:00,Idle
D138,2023-10-18 08:51:00,Idle
D138,2023-10-18 10:07:00,Busy
D138,2023-10-18 11:41:00,Busy
D138,2023-10-18 13:33:00,Busy
D138,2023-10-18 14:09:00,Busy
D138,2023-10-18 14:46:00,Offline
D139,2023-10-06 00:00:00,Online
D139,2023-10-06 01:03:00,Idle
D139,2023-10-06 01:39:00,Busy
D139,2023-10-06 03:36:00,Busy
D139,2023-10-06 04:08:00,Busy
D139,2023-10-06 04:19:00,Offline
D139,2023-10-07 03:19:00,Online
D139,2023-10-07 03:44:00,Busy
D139,2023-10-07 04:22:00,Busy
D139,2023-10-07 04:51:00,Busy
D139,2023-10-07 05:28:00,Idle
D139,2023-10-07 07:21:00,Idle
D139,2023-10-07 08:12:00,Busy
D139,2023-10-07 08:35:00,Idle
D139,2023-10-07 09:24:00,Offline
D139,2023-10-07 22:24:00,Online
D139,2023-10-08 00:05:00,Idle
D139,2023-10-08 01:46:00,Idle
D139,2023-10-08 02:59:00,Idle
D139,2023-10-08 03:54:00,Idle
D139,2023-10-08 04:28:00,Idle
D139,2023-10-08 04:57:00,Offline
D139,2023-10-08 18:57:00,Online
D139,2023-10-08 20:13:00,Busy
D139,2023-10-08 20:56:00,Idle
D139,2023-10-08 21:13:00,Busy
D139,2023-10-08 22:29:00,Busy
D139,2023-10-08 23:08:00,Offline
D139,2023-10-09 23:08:00,Online
D139,2023-10-10 00:46:00,Busy
D139,2023-10-10 01:17:00,Busy
D139,2023-10-10 01:36:00,Busy
D139,2023-10-10 03:25:00,Busy
D139,2023-10-10 05:05:00,Idle
D139,2023-10-10 05:38:00,Busy
D139,2023-10-10 06:58:00,Idle
D139,2023-10-10 08:46:00,Busy
D139,2023-10-10 09:47:00,Idle
D139,2023-10-10 09:59:00,Offline
D140,2023-10-02 00:00:00,Online
D140,2023-10-02 00:18:00,Idle
D140,2023-10-02 02:10:00,Idle
D140,2023-10-02 03:36:00,Busy
D140,2023-10-02 04:24:00,Idle
D140,2023-10-02 04:58:00,Busy
D140,2023-10-02 05:40:00,Idle
D140,2023-10-02 06:28:00,Busy
D140,2023-10-02 08:07:00,Busy
D140,2023-10-02 09:29:00,Idle
D140,2023-10-02 10:04:00,Offline
D140,2023-10-03 03:04:00,Online
D140,2023-10-03 04:03:00,Busy
D140,2023-10-03 05:02:00,Busy
D140,2023-10-03 06:05:00,Busy
D140,2023-10-03 06:26:00,Busy
D140,2023-10-03 06:53:00,Idle
D140,2023-10-03 07:15:00,Busy
D140,2023-10-03 08:25:00,Idle
D140,2023-10-03 10:04:00,Idle
D140,2023-10-03 11:37:00,Busy
D140,2023-10-03 12:16:00,Busy
D140,2023-10-03 13:07:00,Offline
D140,2023-10-04 08:07:00,Online
D140,2023-10-04 09:05:00,Busy
D140,2023-10-04 11:03:00,Busy
D140,2023-10-04 12:49:00,Busy
D140,2023-10-04 14:20:00,Idle
D140,2023-10-04 16:11:00,Busy
D140,2023-10-04 17:49:00,Busy
D140,2023-10-04 18:18:00,Idle
D140,2023-10-04 19:17:00,Idle
D140,2023-10-04 20:40:00,Idle
D140,2023-10-04 22:14:00,Busy
D140,2023-10-04 22:42:00,Offline
D140,2023-10-05 16:42:00,Online
D140,2023-10-05 18:36:00,Idle
D140,2023-10-05 20:23:00,Idle
D140,2023-10-05 21:37:00,Idle
D140,2023-10-05 22:15:00,Busy
D140,2023-10-05 23:59:00,Idle
D140,2023-10-06 01:26:00,Busy
D140,2023-10-06 02:49:00,Busy
D140,2023-10-06 04:34:00,Idle
D140,2023-10-06 05:03:00,Busy
D140,2023-10-06 05:57:00,Idle
D140,2023-10-06 06:25:00,Offline
D140,2023-10-07 02:25:00,Online
D140,2023-10-07 04:05:00,Busy
D140,2023-10-07 06:00:00,Idle
D140,2023-10-07 07:18:00,Busy
D140,2023-10-07 08:10:00,Busy
D140,2023-10-07 08:42:00,Idle
D140,2023-10-07 10:38:00,Busy
D140,2023-10-07 12:18:00,Busy
D140,2023-10-07 12:39:00,Offline
D140,2023-10-08 10:39:00,Online
D140,2023-10-08 11:49:00,Busy
D140,2023-10-08 13:37:00,Idle
D140,2023-10-08 14:06:00,Idle
D140,2023-10-08 14:46:00,Offline
D140,2023-10-09 02:46:00,Online
D140,2023-10-09 03:17:00,Busy
D140,2023-10-09 03:52:00,Busy
D140,2023-10-09 05:51:00,Busy
D140,2023-10-09 07:31:00,Idle
D140,2023-10-09 08:07:00,Busy
D140,2023-10-09 09:33:00,Busy
D140,2023-10-09 10:33:00,Busy
D140,2023-10-09 11:44:00,Idle
D140,2023-10-09 12:14:00,Offline
D140,2023-10-10 11:14:00,Online
D140,2023-10-10 11:52:00,Idle
D140,2023-10-10 13:22:00,Idle
D140,2023-10-10 13:52:00,Idle
D140,2023-10-10 14:27:00,Idle
D140,2023-10-10 14:51:00,Idle
D140,2023-10-10 15:15:00,Offline
D140,2023-10-11 14:15:00,Online
D140,2023-10-11 15:45:00,Idle
D140,2023-10-11 17:40:00,Idle
D140,2023-10-11 19:35:00,Idle
D140,2023-10-11 20:21:00,Busy
D140,2023-10-11 21:16:00,Offline
D140,2023-10-12 20:16:00,Online
D140,2023-10-12 20:34:00,Idle
D140,2023-10-12 21:55:00,Idle
D140,2023-10-12 22:18:00,Idle
D140,2023-10-12 23:59:00,Busy
D140,2023-10-13 00:40:00,Busy
D140,2023-10-13 02:06:00,Busy
D140,2023-10-13 03:33:00,Busy
D140,2023-10-13 05:19:00,Idle
D140,2023-10-13 07:05:00,Busy
D140,2023-10-13 07:42:00,Offline
D140,2023-10-13 20:42:00,Online
D140,2023-10-13 22:29:00,Idle
D140,2023-10-14 00:05:00,Busy
D140,2023-10-14 00:53:00,Busy
D140,2023-10-14 02:48:00,Idle
D140,2023-10-14 04:46:00,Busy
D140,2023-10-14 06:07:00,Busy
D140,2023-10-14 07:51:00,Idle
D140,2023-10-14 09:31:00,Idle
D140,2023-10-14 11:31:00,Busy
D140,2023-10-14 12:05:00,Offline
D140,2023-10-15 04:05:00,Online
D140,2023-10-15 04:44:00,Idle
D140,2023-10-15 05:37:00,Busy
D140,2023-10-15 06:33:00,Idle
D140,2023-10-15 08:29:00,Busy
D140,2023-10-15 09:54:00,Idle
D140,2023-10-15 11:21:00,Idle
D140,2023-10-15 11:32:00,Offline
D141,2023-10-02 00:00:00,Online
D141,2023-10-02 01:27:00,Idle
D141,2023-10-02 02:54:00,Idle
D141,2023-10-02 03:09:00,Busy
D141,2023-10-02 04:47:00,Busy
D141,2023-10-02 05:29:00,Idle
D141,2023-10-02 06:10:00,Busy
D141,2023-10-02 07:31:00,Busy
D141,2023-10-02 09:11:00,Busy
D141,2023-10-02 10:05:00,Busy
D141,2023-10-02 11:30:00,Idle
D141,2023-10-02 12:14:00,Offline
D141,2023-10-03 04:14:00,Online
D141,2023-10-03 05:53:00,Idle
D141,2023-10-03 07:17:00,Idle
D141,2023-10-03 08:28:00,Idle
D141,2023-10-03 09:34:00,Idle
D141,2023-10-03 11:14:00,Idle
D141,2023-10-03 12:25:00,Idle
D141,2023-10-03 13:13:00,Idle
D141,2023-10-03 14:58:00,Busy
D141,2023-10-03 16:14:00,Idle
D141,2023-10-03 16:59:00,Offline
D141,2023-10-04 05:59:00,Online
D141,2023-10-04 06:29:00,Idle
D141,2023-10-04 07:58:00,Idle
D141,2023-10-04 08:30:00,Busy
D141,2023-10-04 09:36:00,Idle
D141,2023-10-04 10:02:00,Offline
D141,2023-10-05 03:02:00,Online
D141,2023-10-05 04:50:00,Idle
D141,2023-10-05 06:42:00,Idle
D141,2023-10-05 07:27:00,Busy
D141,2023-10-05 08:08:00,Idle
D141,2023-10-05 09:51:00,Busy
D141,2023-10-05 11:29:00,Idle
D141,2023-10-05 11:57:00,Offline
D141,2023-10-06 09:57:00,Online
D141,2023-10-06 10:59:00,Busy
D141,2023-10-06 11:24:00,Busy
D141,2023-10-06 11:53:00,Busy
D141,2023-10-06 13:11:00,Busy
D141,2023-10-06 13:33:00,Busy
D141,2023-10-06 14:22:00,Offline
D141,2023-10-07 05:22:00,Online
D141,2023-10-07 06:29:00,Busy
D141,2023-10-07 06:53:00,Idle
D141,2023-10-07 07:54:00,Idle
D141,2023-10-07 09:22:00,Busy
D141,2023-10-07 09:44:00,Offline
D141,2023-10-08 03:44:00,Online
D141,2023-10-08 04:05:00,Idle
D141,2023-10-08 05:02:00,Idle
D141,2023-10-08 05:25:00,Idle
D141,2023-10-08 06:33:00,Busy
D141,2023-10-08 08:06:00,Idle
D141,2023-10-08 09:05:00,Offline
D141,2023-10-09 07:05:00,Online
D141,2023-10-09 08:12:00,Idle
D141,2023-10-09 09:29:00,Busy
D141,2023-10-09 10:28:00,Idle
D141,2023-10-09 10:58:00,Busy
D141,2023-10-09 12:15:00,Busy
D141,2023-10-09 12:58:00,Idle
D141,2023-10-09 14:29:00,Busy
D141,2023-10-09 15:49:00,Busy
D141,2023-10-09 17:17:00,Busy
D141,2023-10-09 17:40:00,Offline
D141,2023-10-10 10:40:00,Online
D141,2023-10-10 11:58:00,Idle
D141,2023-10-10 13:17:00,Idle
D141,2023-10-10 15:15:00,Busy
D141,2023-10-10 16:44:00,Busy
D141,2023-10-10 18:17:00,Idle
D141,2023-10-10 18:58:00,Busy
D141,2023-10-10 20:01:00,Busy
D141,2023-10-10 21:57:00,Idle
D141,2023-10-10 23:53:00,Busy
D141,2023-10-11 00:13:00,Offline
D141,2023-10-11 20:13:00,Online
D141,2023-10-11 21:24:00,Busy
D141,2023-10-11 21:57:00,Busy
D141,2023-10-11 23:28:00,Idle
D141,2023-10-12 00:59:00,Busy
D141,2023-10-12 01:55:00,Offline
D141,2023-10-12 21:55:00,Online
D141,2023-10-12 23:37:00,Idle
D141,2023-10-13 00:35:00,Busy
D141,2023-10-13 01:34:00,Busy
D141,2023-10-13 03:34:00,Busy
D141,2023-10-13 05:18:00,Idle
D141,2023-10-13 06:56:00,Idle
D141,2023-10-13 07:31:00,Busy
D141,2023-10-13 09:16:00,Busy
D141,2023-10-13 10:24:00,Idle
D141,2023-10-13 10:42:00,Idle
D141,2023-10-13 11:01:00,Offline
D143,2023-10-03 00:00:00,Online
D143,2023-10-03 01:21:00,Busy
D143,2023-10-03 03:05:00,Idle
D143,2023-10-03 03:32:00,Busy
D143,2023-10-03 04:32:00,Busy
D143,2023-10-03 05:36:00,Idle
D143,2023-10-03 05:59:00,Idle
D143,2023-10-03 06:36:00,Busy
D143,2023-10-03 08:01:00,Idle
D143,2023-10-03 09:50:00,Busy
D143,2023-10-03 10:18:00,Idle
D143,2023-10-03 10:28:00,Offline
D143,2023-10-04 04:28:00,Online
D143,2023-10-04 04:46:00,Idle
D143,2023-10-04 05:27:00,Idle
D143,2023-10-04 05:45:00,Idle
D143,2023-10-04 06:16:00,Idle
D143,2023-10-04 07:06:00,Busy
D143,2023-10-04 07:39:00,Idle
D143,2023-10-04 07:58:00,Offline
D143,2023-10-05 06:58:00,Online
D143,2023-10-05 07:29:00,Idle
D143,2023-10-05 08:46:00,Busy
D143,2023-10-05 09:37:00,Idle
D143,2023-10-05 10:49:00,Busy
D143,2023-10-05 12:35:00,Busy
D143,2023-10-05 14:25:00,Busy
D143,2023-10-05 15:36:00,Busy
D143,2023-10-05 17:06:00,Idle
D143,2023-10-05 17:33:00,Offline
D143,2023-10-06 11:33:00,Online
D143,2023-10-06 11:54:00,Busy
D143,2023-10-06 13:25:00,Idle
D143,2023-10-06 14:05:00,Busy
D143,2023-10-06 14:57:00,Idle
D143,2023-10-06 15:45:00,Idle
D143,2023-10-06 17:20:00,Busy
D143,2023-10-06 18:27:00,Busy
D143,2023-10-06 19:19:00,Offline
D143,2023-10-07 18:19:00,Online
D143,2023-10-07 18:56:00,Busy
D143,2023-10-07 20:32:00,Idle
D143,2023-10-07 21:46:00,Idle
D143,2023-10-07 22:36:00,Offline
D143,2023-10-08 14:36:00,Online
D143,2023-10-08 16:15:00,Busy
D143,2023-10-08 16:54:00,Idle
D143,2023-10-08 18:19:00,Idle
D143,2023-10-08 19:46:00,Idle
D143,2023-10-08 20:14:00,Idle
D143,2023-10-08 21:52:00,Idle
D143,2023-10-08 22:14:00,Offline
D143,2023-10-09 14:14:00,Online
D143,2023-10-09 15:13:00,Idle
D143,2023-10-09 16:15:00,Idle
D143,2023-10-09 16:35:00,Busy
D143,2023-10-09 16:50:00,Busy
D143,2023-10-09 18:31:00,Idle
D143,2023-10-09 19:15:00,Busy
D143,2023-10-09 19:44:00,Busy
D143,2023-10-09 20:31:00,Idle
D143,2023-10-09 20:46:00,Offline
D143,2023-10-10 12:46:00,Online
D143,2023-10-10 14:34:00,Idle
D143,2023-10-10 16:33:00,Idle
D143,2023-10-10 17:10:00,Idle
D143,2023-10-10 18:16:00,Idle
D143,2023-10-10 19:15:00,Idle
D143,2023-10-10 19:58:00,Offline
D143,2023-10-11 08:58:00,Online
D143,2023-10-11 10:22:00,Idle
D143,2023-10-11 11:47:00,Idle
D143,2023-10-11 12:52:00,Idle
D143,2023-10-11 13:43:00,Busy
D143,2023-10-11 14:28:00,Offline
D143,2023-10-12 08:28:00,Online
D143,2023-10-12 10:24:00,Busy
D143,2023-10-12 11:16:00,Busy
D143,2023-10-12 12:30:00,Idle
D143,2023-10-12 14:02:00,Busy
D143,2023-10-12 14:54:00,Busy
D143,2023-10-12 15:09:00,Busy
D143,2023-10-12 15:34:00,Offline
D143,2023-10-13 10:34:00,Online
D143,2023-10-13 10:51:00,Busy
D143,2023-10-13 12:23:00,Idle
D143,2023-10-13 14:06:00,Busy
D143,2023-10-13 15:00:00,Offline
D143,2023-10-14 05:00:00,Online
D143,2023-10-14 06:55:00,Busy
D143,2023-10-14 07:28:00,Busy
D143,2023-10-14 08:48:00,Idle
D143,2023-10-14 10:12:00,Idle
D143,2023-10-14 10:43:00,Idle
D143,2023-10-14 12:07:00,Busy
D143,2023-10-14 13:18:00,Idle
D143,2023-10-14 13:35:00,Offline
D143,2023-10-15 11:35:00,Online
D143,2023-10-15 12:56:00,Idle
D143,2023-10-15 13:12:00,Busy
D143,2023-10-15 15:01:00,Idle
D143,2023-10-15 16:26:00,Idle
D143,2023-10-15 17:35:00,Busy
D143,2023-10-15 18:59:00,Idle
D143,2023-10-15 20:18:00,Idle
D143,2023-10-15 20:54:00,Busy
D143,2023-10-15 22:38:00,Busy
D143,2023-10-15 23:04:00,Busy
D143,2023-10-15 23:42:00,Offline
D143,2023-10-16 15:42:00,Online
D143,2023-10-16 16:29:00,Idle
D143,2023-10-16 17:42:00,Busy
D143,2023-10-16 19:32:00,Busy
D143,2023-10-16 20:53:00,Busy
D143,2023-10-16 21:32:00,Busy
D143,2023-10-16 22:13:00,Offline
D145,2023-10-05 00:00:00,Online
D145,2023-10-05 00:43:00,Busy
D145,2023-10-05 02:04:00,Idle
D145,2023-10-05 02:29:00,Busy
D145,2023-10-05 03:03:00,Idle
D145,2023-10-05 04:11:00,Idle
D145,2023-10-05 06:08:00,Idle
D145,2023-10-05 07:49:00,Idle
D145,2023-10-05 08:12:00,Idle
D145,2023-10-05 09:17:00,Idle
D145,2023-10-05 10:04:00,Offline
D145,2023-10-05 23:04:00,Online
D145,2023-10-05 23:57:00,Busy
D145,2023-10-06 01:30:00,Busy
D145,2023-10-06 03:09:00,Idle
D145,2023-10-06 04:54:00,Busy
D145,2023-10-06 05:41:00,Idle
D145,2023-10-06 07:23:00,Busy
D145,2023-10-06 09:12:00,Busy
D145,2023-10-06 10:42:00,Idle
D145,2023-10-06 12:21:00,Busy
D145,2023-10-06 13:00:00,Offline
D145,2023-10-07 03:00:00,Online
D145,2023-10-07 04:48:00,Idle
D145,2023-10-07 06:31:00,Busy
D145,2023-10-07 07:29:00,Idle
D145,2023-10-07 07:47:00,Busy
D145,2023-10-07 08:10:00,Busy
D145,2023-10-07 09:11:00,Busy
D145,2023-10-07 10:10:00,Busy
D145,2023-10-07 10:46:00,Idle
D145,2023-10-07 11:25:00,Idle
D145,2023-10-07 12:06:00,Offline
D145,2023-10-08 07:06:00,Online
D145,2023-10-08 08:15:00,Busy
D145,2023-10-08 09:45:00,Busy
D145,2023-10-08 10:15:00,Idle
D145,2023-10-08 11:08:00,Idle
D145,2023-10-08 12:09:00,Idle
D145,2023-10-08 13:59:00,Busy
D145,2023-10-08 15:35:00,Idle
D145,2023-10-08 16:01:00,Idle
D145,2023-10-08 17:19:00,Idle
D145,2023-10-08 17:41:00,Offline
D145,2023-10-09 17:41:00,Online
D145,2023-10-09 17:56:00,Busy
D145,2023-10-09 19:21:00,Idle
D145,2023-10-09 20:06:00,Busy
D145,2023-10-09 21:55:00,Busy
D145,2023-10-09 23:37:00,Busy
D145,2023-10-10 01:03:00,Idle
D145,2023-10-10 02:57:00,Idle
D145,2023-10-10 04:27:00,Idle
D145,2023-10-10 06:10:00,Idle
D145,2023-10-10 06:26:00,Offline
D145,2023-10-10 23:26:00,Online
D145,2023-10-11 00:30:00,Idle
D145,2023-10-11 01:04:00,Idle
D145,2023-10-11 02:28:00,Idle
D145,2023-10-11 03:17:00,Busy
D145,2023-10-11 03:43:00,Busy
D145,2023-10-11 04:11:00,Offline
D145,2023-10-12 01:11:00,Online
D145,2023-10-12 01:53:00,Busy
D145,2023-10-12 02:30:00,Busy
D145,2023-10-12 03:44:00,Idle
D145,2023-10-12 04:31:00,Idle
D145,2023-10-12 05:38:00,Busy
D145,2023-10-12 07:18:00,Idle
D145,2023-10-12 08:35:00,Busy
D145,2023-10-12 09:59:00,Busy
D145,2023-10-12 10:27:00,Offline
D145,2023-10-13 03:27:00,Online
D145,2023-10-13 03:52:00,Busy
D145,2023-10-13 05:28:00,Busy
D145,2023-10-13 06:22:00,Busy
D145,2023-10-13 07:17:00,Offline
D145,2023-10-14 01:17:00,Online
D145,2023-10-14 01:37:00,Busy
D145,2023-10-14 03:07:00,Idle
D145,2023-10-14 04:54:00,Busy
D145,2023-10-14 06:30:00,Idle
D145,2023-10-14 06:40:00,Offline
D145,2023-10-14 23:40:00,Online
D145,2023-10-15 00:15:00,Busy
D145,2023-10-15 02:12:00,Idle
D145,2023-10-15 03:59:00,Idle
D145,2023-10-15 04:43:00,Idle
D145,2023-10-15 05:40:00,Offline
D145,2023-10-15 21:40:00,Online
D145,2023-10-15 22:31:00,Busy
D145,2023-10-15 23:52:00,Idle
D145,2023-10-16 00:52:00,Idle
D145,2023-10-16 01:48:00,Busy
D145,2023-10-16 02:46:00,Idle
D145,2023-10-16 04:06:00,Busy
D145,2023-10-16 04:33:00,Busy
D145,2023-10-16 04:55:00,Busy
D145,2023-10-16 05:44:00,Offline
D145,2023-10-16 20:44:00,Online
D145,2023-10-16 21:45:00,Idle
D145,2023-10-16 22:22:00,Busy
D145,2023-10-16 23:50:00,Busy
D145,2023-10-17 01:06:00,Busy
D145,2023-10-17 02:12:00,Busy
D145,2023-10-17 03:04:00,Busy
D145,2023-10-17 04:30:00,Busy
D145,2023-10-17 05:19:00,Offline
D146,2023-10-02 00:00:00,Online
D146,2023-10-02 01:45:00,Busy
D146,2023-10-02 03:25:00,Idle
D146,2023-10-02 03:48:00,Idle
D146,2023-10-02 04:55:00,Idle
D146,2023-10-02 06:13:00,Idle
D146,2023-10-02 07:21:00,Busy
D146,2023-10-02 08:01:00,Idle
D146,2023-10-02 08:45:00,Offline
D146,2023-10-03 07:45:00,Online
D146,2023-10-03 08:00:00,Idle
D146,2023-10-03 09:57:00,Idle
D146,2023-10-03 10:17:00,Busy
D146,2023-10-03 12:17:00,Idle
D146,2023-10-03 13:59:00,Busy
D146,2023-10-03 14:40:00,Busy
D146,2023-10-03 15:00:00,Idle
D146,2023-10-03 16:35:00,Busy
D146,2023-10-03 16:57:00,Busy
D146,2023-10-03 17:56:00,Busy
D146,2023-10-03 18:07:00,Offline
D146,2023-10-04 06:07:00,Online
D146,2023-10-04 07:48:00,Idle
D146,2023-10-04 08:15:00,Busy
D146,2023-10-04 08:32:00,Busy
D146,2023-10-04 09:34:00,Idle
D146,2023-10-04 11:27:00,Idle
D146,2023-10-04 11:51:00,Idle
D146,2023-10-04 12:38:00,Offline
D146,2023-10-05 12:38:00,Online
D146,2023-10-05 13:00:00,Busy
D146,2023-10-05 14:00:00,Idle
D146,2023-10-05 15:40:00,Idle
D146,2023-10-05 16:30:00,Offline
D146,2023-10-06 04:30:00,Online
D146,2023-10-06 04:52:00,Idle
D146,2023-10-06 05:18:00,Busy
D146,2023-10-06 06:51:00,Busy
D146,2023-10-06 07:17:00,Offline
D146,2023-10-07 05:17:00,Online
D146,2023-10-07 06:04:00,Busy
D146,2023-10-07 08:00:00,Busy
D146,2023-10-07 09:34:00,Idle
D146,2023-10-07 10:52:00,Idle
D146,2023-10-07 12:48:00,Idle
D146,2023-10-07 13:11:00,Busy
D146,2023-10-07 15:02:00,Idle
D146,2023-10-07 16:40:00,Busy
D146,2023-10-07 17:16:00,Offline
D146,2023-10-08 16:16:00,Online
D146,2023-10-08 16:50:00,Idle
D146,2023-10-08 18:38:00,Idle
D146,2023-10-08 20:06:00,Busy
D146,2023-10-08 21:22:00,Busy
D146,2023-10-08 22:20:00,Offline
D146,2023-10-09 22:20:00,Online
D146,2023-10-09 23:59:00,Busy
D146,2023-10-10 01:40:00,Busy
D146,2023-10-10 03:32:00,Idle
D146,2023-10-10 05:24:00,Busy
D146,2023-10-10 05:46:00,Offline
D146,2023-10-11 03:46:00,Online
D146,2023-10-11 04:02:00,Busy
D146,2023-10-11 05:13:00,Busy
D146,2023-10-11 05:42:00,Idle
D146,2023-10-11 06:53:00,Busy
D146,2023-10-11 08:28:00,Idle
D146,2023-10-11 09:09:00,Offline
D146,2023-10-12 08:09:00,Online
D146,2023-10-12 09:46:00,Idle
D146,2023-10-12 10:24:00,Busy
D146,2023-10-12 10:49:00,Busy
D146,2023-10-12 12:05:00,Idle
D146,2023-10-12 12:16:00,Offline
D146,2023-10-13 03:16:00,Online
D146,2023-10-13 03:31:00,Busy
D146,2023-10-13 04:01:00,Busy
D146,2023-10-13 05:42:00,Busy
D146,2023-10-13 07:38:00,Idle
D146,2023-10-13 09:33:00,Idle
D146,2023-10-13 10:49:00,Idle
D146,2023-10-13 11:14:00,Idle
D146,2023-10-13 11:45:00,Offline
D146,2023-10-14 08:45:00,Online
D146,2023-10-14 09:02:00,Busy
D146,2023-10-14 09:23:00,Idle
D146,2023-10-14 11:10:00,Idle
D146,2023-10-14 13:04:00,Busy
D146,2023-10-14 14:05:00,Idle
D146,2023-10-14 14:27:00,Idle
D146,2023-10-14 16:11:00,Busy
D146,2023-10-14 17:50:00,Busy
D146,2023-10-14 18:53:00,Busy
D146,2023-10-14 20:45:00,Idle
D146,2023-10-14 21:38:00,Offline
D149,2023-10-04 00:00:00,Online
D149,2023-10-04 00:24:00,Busy
D149,2023-10-04 02:07:00,Idle
D149,2023-10-04 03:57:00,Idle
D149,2023-10-04 04:26:00,Offline
D149,2023-10-05 02:26:00,Online
D149,2023-10-05 04:19:00,Idle
D149,2023-10-05 05:29:00,Idle
D149,2023-10-05 06:07:00,Idle
D149,2023-10-05 07:21:00,Busy
D149,2023-10-05 07:46:00,Offline
D149,2023-10-06 01:46:00,Online
D149,2023-10-06 03:31:00,Busy
D149,2023-10-06 04:44:00,Busy
D149,2023-10-06 06:13:00,Busy
D149,2023-10-06 07:18:00,Busy
D149,2023-10-06 08:08:00,Idle
D149,2023-10-06 10:08:00,Idle
D149,2023-10-06 10:21:00,Offline
D149,2023-10-07 02:21:00,Online
D149,2023-10-07 03:43:00,Idle
D149,2023-10-07 05:01:00,Idle
D149,2023-10-07 05:30:00,Busy
D149,2023-10-07 05:50:00,Offline
D149,2023-10-07 20:50:00,Online
D149,2023-10-07 21:19:00,Idle
D149,2023-10-07 22:42:00,Busy
D149,2023-10-07 23:09:00,Idle
D149,2023-10-08 00:48:00,Busy
D149,2023-10-08 01:06:00,Busy
D149,2023-10-08 02:17:00,Busy
D149,2023-10-08 03:59:00,Busy
D149,2023-10-08 04:19:00,Offline
D149,2023-10-08 23:19:00,Online
D149,2023-10-09 00:33:00,Idle
D149,2023-10-09 02:14:00,Idle
D149,2023-10-09 02:48:00,Idle
D149,2023-10-09 03:07:00,Idle
D149,2023-10-09 04:29:00,Busy
D149,2023-10-09 05:28:00,Offline
D149,2023-10-10 03:28:00,Online
D149,2023-10-10 05:08:00,Idle
D149,2023-10-10 06:57:00,Busy
D149,2023-10-10 08:31:00,Idle
D149,2023-10-10 09:33:00,Idle
D149,2023-10-10 09:57:00,Busy
D149,2023-10-10 10:51:00,Offline
D149,2023-10-11 10:51:00,Online
D149,2023-10-11 12:37:00,Idle
D149,2023-10-11 13:52:00,Busy
D149,2023-10-11 14:37:00,Idle
D149,2023-10-11 15:49:00,Idle
D149,2023-10-11 16:38:00,Busy
D149,2023-10-11 16:56:00,Idle
D149,2023-10-11 17:33:00,Offline
D149,2023-10-12 14:33:00,Online
D149,2023-10-12 15:13:00,Idle
D149,2023-10-12 15:48:00,Idle
D149,2023-10-12 17:34:00,Idle
D149,2023-10-12 18:35:00,Idle
D149,2023-10-12 18:46:00,Offline
D149,2023-10-13 18:46:00,Online
D149,2023-10-13 19:45:00,Busy
D149,2023-10-13 21:36:00,Busy
D149,2023-10-13 23:08:00,Idle
D149,2023-10-13 23:45:00,Idle
D149,2023-10-14 01:34:00,Idle
D149,2023-10-14 01:56:00,Idle
D149,2023-10-14 02:10:00,Offline
D149,2023-10-14 18:10:00,Online
D149,2023-10-14 19:18:00,Busy
D149,2023-10-14 21:09:00,Idle
D149,2023-10-14 21:43:00,Idle
D149,2023-10-14 22:11:00,Idle
D149,2023-10-14 23:43:00,Idle
D149,2023-10-15 00:22:00,Idle
D149,2023-10-15 01:49:00,Busy
D149,2023-10-15 02:21:00,Offline
D149,2023-10-15 15:21:00,Online
D149,2023-10-15 16:57:00,Busy
D149,2023-10-15 18:02:00,Idle
D149,2023-10-15 19:06:00,Idle
D149,2023-10-15 20:47:00,Idle
D149,2023-10-15 21:10:00,Busy
D149,2023-10-15 22:40:00,Busy
D149,2023-10-15 23:13:00,Idle
D149,2023-10-16 00:35:00,Busy
D149,2023-10-16 01:02:00,Offline
D151,2023-10-06 00:00:00,Online
D151,2023-10-06 00:19:00,Idle
D151,2023-10-06 01:53:00,Idle
D151,2023-10-06 02:13:00,Idle
D151,2023-10-06 02:38:00,Busy
D151,2023-10-06 03:32:00,Offline
D151,2023-10-06 17:32:00,Online
D151,2023-10-06 18:03:00,Idle
D151,2023-10-06 19:36:00,Idle
D151,2023-10-06 20:21:00,Idle
D151,2023-10-06 20:48:00,Offline
D151,2023-10-07 09:48:00,Online
D151,2023-10-07 10:04:00,Busy
D151,2023-10-07 10:24:00,Busy
D151,2023-10-07 12:17:00,Idle
D151,2023-10-07 14:12:00,Idle
D151,2023-10-07 14:58:00,Busy
D151,2023-10-07 15:59:00,Busy
D151,2023-10-07 17:17:00,Busy
D151,2023-10-07 18:37:00,Idle
D151,2023-10-07 19:55:00,Busy
D151,2023-10-07 21:08:00,Busy
D151,2023-10-07 21:44:00,Offline
D151,2023-10-08 16:44:00,Online
D151,2023-10-08 18:21:00,Busy
D151,2023-10-08 20:05:00,Busy
D151,2023-10-08 21:14:00,Busy
D151,2023-10-08 21:29:00,Busy
D151,2023-10-08 22:01:00,Busy
D151,2023-10-08 23:43:00,Busy
D151,2023-10-09 01:41:00,Idle
D151,2023-10-09 02:01:00,Offline
D151,2023-10-09 21:01:00,Online
D151,2023-10-09 22:06:00,Busy
D151,2023-10-09 22:45:00,Idle
D151,2023-10-10 00:24:00,Busy
D151,2023-10-10 01:49:00,Idle
D151,2023-10-10 02:50:00,Idle
D151,2023-10-10 03:51:00,Busy
D151,2023-10-10 04:18:00,Offline
D151,2023-10-10 16:18:00,Online
D151,2023-10-10 18:00:00,Idle
D151,2023-10-10 19:40:00,Busy
D151,2023-10-10 21:30:00,Busy
D151,2023-10-10 22:24:00,Idle
D151,2023-10-10 22:51:00,Busy
D151,2023-10-11 00:00:00,Idle
D151,2023-10-11 00:22:00,Offline
D151,2023-10-11 18:22:00,Online
D151,2023-10-11 19:55:00,Busy
D151,2023-10-11 20:41:00,Busy
D151,2023-10-11 21:06:00,Idle
D151,2023-10-11 22:46:00,Busy
D151,2023-10-11 23:26:00,Offline
D151,2023-10-12 22:26:00,Online
D151,2023-10-12 23:59:00,Idle
D151,2023-10-13 01:14:00,Busy
D151,2023-10-13 01:34:00,Idle
D151,2023-10-13 02:25:00,Busy
D151,2023-10-13 04:06:00,Busy
D151,2023-10-13 04:54:00,Busy
D151,2023-10-13 05:09:00,Offline
D151,2023-10-13 23:09:00,Online
D151,2023-10-13 23:58:00,Idle
D151,2023-10-14 00:40:00,Busy
D151,2023-10-14 02:19:00,Idle
D151,2023-10-14 03:03:00,Offline
D151,2023-10-14 16:03:00,Online
D151,2023-10-14 16:22:00,Busy
D151,2023-10-14 17:18:00,Busy
D151,2023-10-14 18:03:00,Idle
D151,2023-10-14 18:32:00,Busy
D151,2023-10-14 19:17:00,Offline
D151,2023-10-15 19:17:00,Online
D151,2023-10-15 20:19:00,Idle
D151,2023-10-15 21:45:00,Busy
D151,2023-10-15 23:35:00,Busy
D151,2023-10-16 00:20:00,Busy
D151,2023-10-16 00:52:00,Idle
D151,2023-10-16 01:55:00,Busy
D151,2023-10-16 02:55:00,Busy
D151,2023-10-16 03:39:00,Busy
D151,2023-10-16 05:05:00,Busy
D151,2023-10-16 05:20:00,Busy
D151,2023-10-16 06:01:00,Offline
D152,2023-10-04 00:00:00,Online
D152,2023-10-04 00:43:00,Busy
D152,2023-10-04 01:16:00,Busy
D152,2023-10-04 02:23:00,Busy
D152,2023-10-04 03:13:00,Offline
D152,2023-10-05 03:13:00,Online
D152,2023-10-05 04:00:00,Idle
D152,2023-10-05 05:32:00,Idle
D152,2023-10-05 05:58:00,Busy
D152,2023-10-05 07:07:00,Busy
D152,2023-10-05 07:55:00,Idle
D152,2023-10-05 09:25:00,Idle
D152,2023-10-05 09:45:00,Offline
D152,2023-10-05 22:45:00,Online
D152,2023-10-06 00:25:00,Idle
D152,2023-10-06 01:25:00,Idle
D152,2023-10-06 01:40:00,Busy
D152,2023-10-06 03:35:00,Busy
D152,2023-10-06 04:09:00,Offline
D152,2023-10-07 03:09:00,Online
D152,2023-10-07 03:39:00,Idle
D152,2023-10-07 04:53:00,Idle
D152,2023-10-07 06:12:00,Idle
D152,2023-10-07 07:00:00,Busy
D152,2023-10-07 08:33:00,Busy
D152,2023-10-07 09:28:00,Idle
D152,2023-10-07 10:36:00,Idle
D152,2023-10-07 11:10:00,Idle
D152,2023-10-07 11:52:00,Offline
D152,2023-10-08 04:52:00,Online
D152,2023-10-08 06:26:00,Busy
D152,2023-10-08 07:18:00,Idle
D152,2023-10-08 09:09:00,Idle
D152,2023-10-08 09:53:00,Idle
D152,2023-10-08 10:17:00,Offline
D153,2023-10-02 00:00:00,Online
D153,2023-10-02 01:29:00,Idle
D153,2023-10-02 02:59:00,Idle
D153,2023-10-02 03:15:00,Idle
D153,2023-10-02 03:41:00,Busy
D153,2023-10-02 03:57:00,Busy
D153,2023-10-02 05:23:00,Idle
D153,2023-10-02 06:08:00,Busy
D153,2023-10-02 06:36:00,Offline
D153,2023-10-02 18:36:00,Online
D153,2023-10-02 19:48:00,Busy
D153,2023-10-02 20:55:00,Busy
D153,2023-10-02 22:11:00,Idle
D153,2023-10-02 23:54:00,Idle
D153,2023-10-03 00:42:00,Busy
D153,2023-10-03 01:51:00,Busy
D153,2023-10-03 02:20:00,Busy
D153,2023-10-03 02:36:00,Busy
D153,2023-10-03 03:08:00,Offline
D153,2023-10-04 03:08:00,Online
D153,2023-10-04 04:48:00,Idle
D153,2023-10-04 06:40:00,Busy
D153,2023-10-04 07:02:00,Busy
D153,2023-10-04 08:14:00,Busy
D153,2023-10-04 08:37:00,Offline
D153,2023-10-04 20:37:00,Online
D153,2023-10-04 22:33:00,Busy
D153,2023-10-04 23:53:00,Busy
D153,2023-10-05 00:25:00,Idle
D153,2023-10-05 01:12:00,Offline
D153,2023-10-05 17:12:00,Online
D153,2023-10-05 18:45:00,Idle
D153,2023-10-05 20:23:00,Idle
D153,2023-10-05 21:15:00,Idle
D153,2023-10-05 21:59:00,Busy
D153,2023-10-05 22:44:00,Busy
D153,2023-10-05 23:56:00,Busy
D153,2023-10-06 00:49:00,Offline
D153,2023-10-06 13:49:00,Online
D153,2023-10-06 15:20:00,Busy
D153,2023-10-06 16:43:00,Busy
D153,2023-10-06 18:31:00,Idle
D153,2023-10-06 20:13:00,Idle
D153,2023-10-06 21:11:00,Offline
D153,2023-10-07 19:11:00,Online
D153,2023-10-07 19:34:00,Busy
D153,2023-10-07 21:04:00,Busy
D153,2023-10-07 21:31:00,Busy
D153,2023-10-07 21:50:00,Idle
D153,2023-10-07 22:21:00,Busy
D153,2023-10-07 23:44:00,Idle
D153,2023-10-08 01:27:00,Idle
D153,2023-10-08 02:24:00,Offline
D153,2023-10-08 22:24:00,Online
D153,2023-10-08 22:49:00,Idle
D153,2023-10-09 00:39:00,Busy
D153,2023-10-09 01:30:00,Idle
D153,2023-10-09 02:16:00,Offline
D153,2023-10-09 17:16:00,Online
D153,2023-10-09 18:58:00,Idle
D153,2023-10-09 20:20:00,Busy
D153,2023-10-09 21:44:00,Idle
D153,2023-10-09 22:38:00,Busy
D153,2023-10-10 00:02:00,Idle
D153,2023-10-10 00:39:00,Offline
D154,2023-10-02 00:00:00,Online
D154,2023-10-02 01:07:00,Idle
D154,2023-10-02 02:27:00,Idle
D154,2023-10-02 03:29:00,Busy
D154,2023-10-02 04:20:00,Idle
D154,2023-10-02 04:46:00,Busy
D154,2023-10-02 05:49:00,Idle
D154,2023-10-02 07:34:00,Idle
D154,2023-10-02 09:07:00,Busy
D154,2023-10-02 09:34:00,Offline
D154,2023-10-02 23:34:00,Online
D154,2023-10-03 00:26:00,Idle
D154,2023-10-03 01:58:00,Busy
D154,2023-10-03 03:00:00,Idle
D154,2023-10-03 03:59:00,Idle
D154,2023-10-03 04:34:00,Idle
D154,2023-10-03 06:28:00,Idle
D154,2023-10-03 07:03:00,Offline
D154,2023-10-03 23:03:00,Online
D154,2023-10-04 00:05:00,Busy
D154,2023-10-04 01:54:00,Idle
D154,2023-10-04 03:37:00,Busy
D154,2023-10-04 04:39:00,Busy
D154,2023-10-04 05:54:00,Busy
D154,2023-10-04 07:36:00,Idle
D154,2023-10-04 08:12:00,Busy
D154,2023-10-04 08:37:00,Idle
D154,2023-10-04 10:34:00,Busy
D154,2023-10-04 11:13:00,Busy
D154,2023-10-04 12:10:00,Offline
D154,2023-10-05 12:10:00,Online
D154,2023-10-05 12:28:00,Idle
D154,2023-10-05 14:11:00,Busy
D154,2023-10-05 14:53:00,Idle
D154,2023-10-05 15:43:00,Busy
D154,2023-10-05 17:43:00,Busy
D154,2023-10-05 18:27:00,Busy
D154,2023-10-05 19:48:00,Busy
D154,2023-10-05 20:43:00,Busy
D154,2023-10-05 22:40:00,Busy
D154,2023-10-05 23:25:00,Offline
D154,2023-10-06 11:25:00,Online
D154,2023-10-06 12:05:00,Idle
D154,2023-10-06 13:56:00,Idle
D154,2023-10-06 14:39:00,Idle
D154,2023-10-06 15:37:00,Idle
D154,2023-10-06 15:47:00,Offline
D154,2023-10-07 09:47:00,Online
D154,2023-10-07 11:29:00,Busy
D154,2023-10-07 12:56:00,Idle
D154,2023-10-07 14:20:00,Idle
D154,2023-10-07 14:55:00,Idle
D154,2023-10-07 15:14:00,Idle
D154,2023-10-07 16:16:00,Idle
D154,2023-10-07 16:50:00,Idle
D154,2023-10-07 17:43:00,Busy
D154,2023-10-07 17:58:00,Busy
D154,2023-10-07 18:20:00,Busy
D154,2023-10-07 18:42:00,Offline
D155,2023-10-02 00:00:00,Online
D155,2023-10-02 00:37:00,Busy
D155,2023-10-02 01:08:00,Idle
D155,2023-10-02 01:53:00,Idle
D155,2023-10-02 03:05:00,Busy
D155,2023-10-02 03:25:00,Busy
D155,2023-10-02 05:07:00,Busy
D155,2023-10-02 05:43:00,Offline
D155,2023-10-02 19:43:00,Online
D155,2023-10-02 21:07:00,Idle
D155,2023-10-02 22:33:00,Busy
D155,2023-10-03 00:00:00,Busy
D155,2023-10-03 00:48:00,Busy
D155,2023-10-03 01:49:00,Busy
D155,2023-10-03 03:16:00,Idle
D155,2023-10-03 04:39:00,Idle
D155,2023-10-03 04:51:00,Offline
D155,2023-10-03 22:51:00,Online
D155,2023-10-04 00:47:00,Busy
D155,2023-10-04 01:49:00,Idle
D155,2023-10-04 02:57:00,Busy
D155,2023-10-04 04:50:00,Idle
D155,2023-10-04 05:05:00,Offline
D155,2023-10-04 19:05:00,Online
D155,2023-10-04 19:40:00,Busy
D155,2023-10-04 20:52:00,Busy
D155,2023-10-04 21:38:00,Busy
D155,2023-10-04 22:57:00,Idle
D155,2023-10-05 00:29:00,Idle
D155,2023-10-05 01:03:00,Offline
D155,2023-10-05 20:03:00,Online
D155,2023-10-05 20:50:00,Busy
D155,2023-10-05 22:40:00,Idle
D155,2023-10-05 23:18:00,Idle
D155,2023-10-06 00:22:00,Busy
D155,2023-10-06 01:57:00,Idle
D155,2023-10-06 02:44:00,Offline
D155,2023-10-06 14:44:00,Online
D155,2023-10-06 16:11:00,Busy
D155,2023-10-06 17:25:00,Busy
D155,2023-10-06 18:26:00,Idle
D155,2023-10-06 19:08:00,Offline
D155,2023-10-07 17:08:00,Online
D155,2023-10-07 18:55:00,Idle
D155,2023-10-07 20:23:00,Busy
D155,2023-10-07 21:38:00,Idle
D155,2023-10-07 22:52:00,Busy
D155,2023-10-08 00:43:00,Busy
D155,2023-10-08 02:11:00,Idle
D155,2023-10-08 03:40:00,Idle
D155,2023-10-08 05:08:00,Busy
D155,2023-10-08 05:31:00,Busy
D155,2023-10-08 05:53:00,Offline
D155,2023-10-08 19:53:00,Online
D155,2023-10-08 21:23:00,Busy
D155,2023-10-08 22:50:00,Busy
D155,2023-10-08 23:21:00,Idle
D155,2023-10-08 23:38:00,Busy
D155,2023-10-09 00:00:00,Offline
D155,2023-10-09 17:00:00,Online
D155,2023-10-09 17:51:00,Idle
D155,2023-10-09 18:22:00,Idle
D155,2023-10-09 19:52:00,Busy
D155,2023-10-09 20:10:00,Idle
D155,2023-10-09 21:14:00,Idle
D155,2023-10-09 22:40:00,Busy
D155,2023-10-09 23:19:00,Busy
D155,2023-10-09 23:40:00,Offline
D155,2023-10-10 19:40:00,Online
D155,2023-10-10 20:50:00,Busy
D155,2023-10-10 22:29:00,Idle
D155,2023-10-10 23:01:00,Idle
D155,2023-10-10 23:49:00,Idle
D155,2023-10-11 00:35:00,Idle
D155,2023-10-11 01:21:00,Offline
D155,2023-10-11 18:21:00,Online
D155,2023-10-11 19:08:00,Busy
D155,2023-10-11 20:57:00,Idle
D155,2023-10-11 21:19:00,Idle
D155,2023-10-11 21:48:00,Offline
D155,2023-10-12 14:48:00,Online
D155,2023-10-12 16:29:00,Busy
D155,2023-10-12 17:25:00,Idle
D155,2023-10-12 19:24:00,Busy
D155,2023-10-12 20:54:00,Busy
D155,2023-10-12 21:26:00,Busy
D155,2023-10-12 21:41:00,Idle
D155,2023-10-12 22:10:00,Busy
D155,2023-10-12 23:03:00,Offline
D155,2023-10-13 13:03:00,Online
D155,2023-10-13 13:52:00,Idle
D155,2023-10-13 14:19:00,Idle
D155,2023-10-13 15:04:00,Busy
D155,2023-10-13 15:49:00,Idle
D155,2023-10-13 17:28:00,Busy
D155,2023-10-13 18:42:00,Busy
D155,2023-10-13 19:05:00,Busy
D155,2023-10-13 20:01:00,Idle
D155,2023-10-13 20:45:00,Offline
D155,2023-10-14 11:45:00,Online
D155,2023-10-14 13:26:00,Idle
D155,2023-10-14 14:05:00,Busy
D155,2023-10-14 15:08:00,Busy
D155,2023-10-14 17:07:00,Busy
D155,2023-10-14 18:41:00,Busy
D155,2023-10-14 20:41:00,Busy
D155,2023-10-14 21:38:00,Busy
D155,2023-10-14 23:37:00,Idle
D155,2023-10-15 00:16:00,Idle
D155,2023-10-15 00:50:00,Idle
D155,2023-10-15 01:47:00,Offline
D156,2023-10-02 00:00:00,Online
D156,2023-10-02 01:43:00,Idle
D156,2023-10-02 02:20:00,Idle
D156,2023-10-02 02:57:00,Busy
D156,2023-10-02 04:35:00,Idle
D156,2023-10-02 06:00:00,Idle
D156,2023-10-02 06:30:00,Busy
D156,2023-10-02 08:09:00,Idle
D156,2023-10-02 08:38:00,Idle
D156,2023-10-02 09:00:00,Busy
D156,2023-10-02 09:57:00,Offline
D156,2023-10-02 23:57:00,Online
D156,2023-10-03 00:21:00,Busy
D156,2023-10-03 01:46:00,Idle
D156,2023-10-03 03:04:00,Busy
D156,2023-10-03 04:50:00,Busy
D156,2023-10-03 05:19:00,Busy
D156,2023-10-03 07:12:00,Busy
D156,2023-10-03 08:40:00,Busy
D156,2023-10-03 09:05:00,Busy
D156,2023-10-03 10:14:00,Busy
D156,2023-10-03 12:08:00,Idle
D156,2023-10-03 12:48:00,Offline
D156,2023-10-04 11:48:00,Online
D156,2023-10-04 13:36:00,Idle
D156,2023-10-04 13:56:00,Idle
D156,2023-10-04 15:07:00,Idle
D156,2023-10-04 15:24:00,Idle
D156,2023-10-04 17:05:00,Idle
D156,2023-10-04 18:19:00,Idle
D156,2023-10-04 18:53:00,Busy
D156,2023-10-04 20:43:00,Busy
D156,2023-10-04 21:43:00,Idle
D156,2023-10-04 22:21:00,Offline
D156,2023-10-05 20:21:00,Online
D156,2023-10-05 22:11:00,Idle
D156,2023-10-05 23:06:00,Idle
D156,2023-10-06 00:56:00,Busy
D156,2023-10-06 02:00:00,Idle
D156,2023-10-06 02:33:00,Busy
D156,2023-10-06 03:03:00,Busy
D156,2023-10-06 03:32:00,Idle
D156,2023-10-06 04:29:00,Idle
D156,2023-10-06 05:01:00,Offline
D156,2023-10-06 22:01:00,Online
D156,2023-10-06 23:19:00,Idle
D156,2023-10-07 01:15:00,Busy
D156,2023-10-07 01:33:00,Idle
D156,2023-10-07 02:35:00,Busy
D156,2023-10-07 04:24:00,Idle
D156,2023-10-07 04:55:00,Busy
D156,2023-10-07 06:47:00,Busy
D156,2023-10-07 07:52:00,Idle
D156,2023-10-07 08:46:00,Offline
D156,2023-10-08 07:46:00,Online
D156,2023-10-08 08:09:00,Busy
D156,2023-10-08 09:06:00,Idle
D156,2023-10-08 10:33:00,Busy
D156,2023-10-08 11:53:00,Idle
D156,2023-10-08 13:18:00,Idle
D156,2023-10-08 14:33:00,Idle
D156,2023-10-08 15:52:00,Idle
D156,2023-10-08 16:40:00,Busy
D156,2023-10-08 17:12:00,Offline
D156,2023-10-09 11:12:00,Online
D156,2023-10-09 11:35:00,Idle
D156,2023-10-09 11:51:00,Busy
D156,2023-10-09 12:06:00,Busy
D156,2023-10-09 14:02:00,Idle
D156,2023-10-09 15:26:00,Busy
D156,2023-10-09 15:54:00,Busy
D156,2023-10-09 16:50:00,Busy
D156,2023-10-09 17:11:00,Offline
D156,2023-10-10 05:11:00,Online
D156,2023-10-10 06:27:00,Busy
D156,2023-10-10 07:58:00,Busy
D156,2023-10-10 09:16:00,Busy
D156,2023-10-10 09:38:00,Idle
D156,2023-10-10 10:18:00,Busy
D156,2023-10-10 11:01:00,Busy
D156,2023-10-10 11:59:00,Idle
D156,2023-10-10 12:27:00,Idle
D156,2023-10-10 13:12:00,Offline
D156,2023-10-11 11:12:00,Online
D156,2023-10-11 12:32:00,Idle
D156,2023-10-11 14:15:00,Idle
D156,2023-10-11 15:26:00,Busy
D156,2023-10-11 15:56:00,Busy
D156,2023-10-11 16:40:00,Busy
D156,2023-10-11 18:00:00,Busy
D156,2023-10-11 19:41:00,Busy
D156,2023-10-11 20:10:00,Idle
D156,2023-10-11 20:46:00,Idle
D156,2023-10-11 20:56:00,Offline
D156,2023-10-12 15:56:00,Online
D156,2023-10-12 17:25:00,Idle
D156,2023-10-12 17:41:00,Busy
D156,2023-10-12 19:31:00,Idle
D156,2023-10-12 19:46:00,Offline
D157,2023-10-06 00:00:00,Online
D157,2023-10-06 01:58:00,Idle
D157,2023-10-06 03:44:00,Busy
D157,2023-10-06 04:18:00,Idle
D157,2023-10-06 05:39:00,Busy
D157,2023-10-06 07:37:00,Busy
D157,2023-10-06 09:02:00,Busy
D157,2023-10-06 10:04:00,Busy
D157,2023-10-06 10:21:00,Idle
D157,2023-10-06 11:21:00,Offline
D157,2023-10-07 04:21:00,Online
D157,2023-10-07 04:57:00,Busy
D157,2023-10-07 06:32:00,Busy
D157,2023-10-07 08:20:00,Busy
D157,2023-10-07 10:05:00,Busy
D157,2023-10-07 10:34:00,Idle
D157,2023-10-07 11:32:00,Busy
D157,2023-10-07 12:00:00,Offline
D157,2023-10-08 12:00:00,Online
D157,2023-10-08 12:20:00,Idle
D157,2023-10-08 12:47:00,Idle
D157,2023-10-08 13:53:00,Busy
D157,2023-10-08 15:32:00,Idle
D157,2023-10-08 17:08:00,Busy
D157,2023-10-08 17:40:00,Idle
D157,2023-10-08 18:32:00,Offline
D157,2023-10-09 11:32:00,Online
D157,2023-10-09 12:13:00,Idle
D157,2023-10-09 13:05:00,Busy
D157,2023-10-09 14:53:00,Idle
D157,2023-10-09 16:46:00,Busy
D157,2023-10-09 17:51:00,Busy
D157,2023-10-09 19:43:00,Idle
D157,2023-10-09 19:59:00,Busy
D157,2023-10-09 20:49:00,Idle
D157,2023-10-09 21:48:00,Offline
D157,2023-10-10 20:48:00,Online
D157,2023-10-10 21:56:00,Busy
D157,2023-10-10 22:56:00,Busy
D157,2023-10-11 00:12:00,Idle
D157,2023-10-11 00:47:00,Busy
D157,2023-10-11 02:39:00,Busy
D157,2023-10-11 04:15:00,Busy
D157,2023-10-11 05:30:00,Idle
D157,2023-10-11 06:59:00,Busy
D157,2023-10-11 07:40:00,Offline
D158,2023-10-02 00:00:00,Online
D158,2023-10-02 00:39:00,Busy
D158,2023-10-02 02:37:00,Idle
D158,2023-10-02 03:22:00,Idle
D158,2023-10-02 03:38:00,Idle
D158,2023-10-02 05:24:00,Busy
D158,2023-10-02 07:13:00,Idle
D158,2023-10-02 07:31:00,Idle
D158,2023-10-02 08:29:00,Offline
D158,2023-10-03 03:29:00,Online
D158,2023-10-03 04:58:00,Idle
D158,2023-10-03 05:48:00,Busy
D158,2023-10-03 06:17:00,Idle
D158,2023-10-03 07:44:00,Idle
D158,2023-10-03 08:59:00,Busy
D158,2023-10-03 09:36:00,Offline
D158,2023-10-04 07:36:00,Online
D158,2023-10-04 09:19:00,Idle
D158,2023-10-04 10:32:00,Busy
D158,2023-10-04 12:30:00,Idle
D158,2023-10-04 12:51:00,Busy
D158,2023-10-04 13:45:00,Offline
D158,2023-10-05 07:45:00,Online
D158,2023-10-05 08:24:00,Busy
D158,2023-10-05 10:13:00,Busy
D158,2023-10-05 11:50:00,Idle
D158,2023-10-05 13:32:00,Idle
D158,2023-10-05 14:48:00,Idle
D158,2023-10-05 15:09:00,Idle
D158,2023-10-05 15:34:00,Busy
D158,2023-10-05 16:40:00,Busy
D158,2023-10-05 17:19:00,Offline
D158,2023-10-06 09:19:00,Online
D158,2023-10-06 10:25:00,Busy
D158,2023-10-06 10:42:00,Idle
D158,2023-10-06 11:54:00,Busy
D158,2023-10-06 13:33:00,Idle
D158,2023-10-06 14:24:00,Busy
D158,2023-10-06 16:09:00,Busy
D158,2023-10-06 18:08:00,Busy
D158,2023-10-06 19:11:00,Busy
D158,2023-10-06 20:31:00,Idle
D158,2023-10-06 21:04:00,Idle
D158,2023-10-06 21:42:00,Offline
D158,2023-10-07 10:42:00,Online
D158,2023-10-07 12:28:00,Busy
D158,2023-10-07 13:05:00,Idle
D158,2023-10-07 14:40:00,Busy
D158,2023-10-07 15:03:00,Idle
D158,2023-10-07 15:41:00,Offline
D158,2023-10-08 04:41:00,Online
D158,2023-10-08 05:15:00,Busy
D158,2023-10-08 06:51:00,Busy
D158,2023-10-08 07:26:00,Busy
D158,2023-10-08 07:50:00,Idle
D158,2023-10-08 09:42:00,Idle
D158,2023-10-08 10:30:00,Busy
D158,2023-10-08 11:20:00,Idle
D158,2023-10-08 12:13:00,Busy
D158,2023-10-08 12:49:00,Offline
D158,2023-10-09 02:49:00,Online
D158,2023-10-09 04:35:00,Busy
D158,2023-10-09 05:05:00,Idle
D158,2023-10-09 05:40:00,Busy
D158,2023-10-09 07:00:00,Idle
D158,2023-10-09 08:51:00,Busy
D158,2023-10-09 10:15:00,Idle
D158,2023-10-09 11:10:00,Busy
D158,2023-10-09 13:04:00,Idle
D158,2023-10-09 14:59:00,Busy
D158,2023-10-09 15:28:00,Idle
D158,2023-10-09 16:10:00,Offline
D158,2023-10-10 05:10:00,Online
D158,2023-10-10 05:59:00,Busy
D158,2023-10-10 07:16:00,Idle
D158,2023-10-10 08:24:00,Busy
D158,2023-10-10 09:04:00,Busy
D158,2023-10-10 09:47:00,Offline
D158,2023-10-10 23:47:00,Online
D158,2023-10-11 00:39:00,Idle
D158,2023-10-11 02:17:00,Idle
D158,2023-10-11 03:09:00,Idle
D158,2023-10-11 04:20:00,Busy
D158,2023-10-11 04:37:00,Busy
D158,2023-10-11 06:25:00,Idle
D158,2023-10-11 07:33:00,Idle
D158,2023-10-11 09:18:00,Busy
D158,2023-10-11 10:19:00,Busy
D158,2023-10-11 10:45:00,Offline
D158,2023-10-12 03:45:00,Online
D158,2023-10-12 05:36:00,Idle
D158,2023-10-12 06:00:00,Busy
D158,2023-10-12 06:54:00,Idle
D158,2023-10-12 08:12:00,Busy
D158,2023-10-12 08:59:00,Offline
D158,2023-10-13 00:59:00,Online
D158,2023-10-13 02:12:00,Busy
D158,2023-10-13 03:24:00,Idle
D158,2023-10-13 03:59:00,Busy
D158,2023-10-13 05:34:00,Idle
D158,2023-10-13 06:38:00,Busy
D158,2023-10-13 07:24:00,Idle
D158,2023-10-13 07:50:00,Idle
D158,2023-10-13 09:46:00,Idle
D158,2023-10-13 10:39:00,Offline
D158,2023-10-14 09:39:00,Online
D158,2023-10-14 10:07:00,Idle
D158,2023-10-14 11:21:00,Busy
D158,2023-10-14 12:19:00,Idle
D158,2023-10-14 13:00:00,Busy
D158,2023-10-14 14:31:00,Busy
D158,2023-10-14 14:51:00,Offline
D159,2023-10-06 00:00:00,Online
D159,2023-10-06 00:53:00,Idle
D159,2023-10-06 02:28:00,Idle
D159,2023-10-06 03:46:00,Idle
D159,2023-10-06 04:42:00,Offline
D159,2023-10-07 03:42:00,Online
D159,2023-10-07 04:53:00,Idle
D159,2023-10-07 06:44:00,Idle
D159,2023-10-07 08:43:00,Busy
D159,2023-10-07 09:02:00,Busy
D159,2023-10-07 09:52:00,Idle
D159,2023-10-07 11:46:00,Busy
D159,2023-10-07 12:14:00,Idle
D159,2023-10-07 12:42:00,Offline
D159,2023-10-08 04:42:00,Online
D159,2023-10-08 06:42:00,Idle
D159,2023-10-08 07:03:00,Busy
D159,2023-10-08 08:19:00,Idle
D159,2023-10-08 08:52:00,Offline
D159,2023-10-09 00:52:00,Online
D159,2023-10-09 01:44:00,Idle
D159,2023-10-09 03:33:00,Idle
D159,2023-10-09 04:42:00,Busy
D159,2023-10-09 06:35:00,Idle
D159,2023-10-09 07:10:00,Offline
D159,2023-10-10 04:10:00,Online
D159,2023-10-10 05:07:00,Busy
D159,2023-10-10 05:57:00,Busy
D159,2023-10-10 06:12:00,Idle
D159,2023-10-10 07:30:00,Busy
D159,2023-10-10 08:49:00,Idle
D159,2023-10-10 10:32:00,Idle
D159,2023-10-10 11:13:00,Busy
D159,2023-10-10 13:00:00,Idle
D159,2023-10-10 14:46:00,Busy
D159,2023-10-10 15:16:00,Offline
D159,2023-10-11 05:16:00,Online
D159,2023-10-11 05:39:00,Idle
D159,2023-10-11 06:39:00,Busy
D159,2023-10-11 07:27:00,Idle
D159,2023-10-11 08:25:00,Busy
D159,2023-10-11 09:34:00,Busy
D159,2023-10-11 10:34:00,Offline
D159,2023-10-12 07:34:00,Online
D159,2023-10-12 08:10:00,Idle
D159,2023-10-12 09:54:00,Idle
D159,2023-10-12 11:10:00,Idle
D159,2023-10-12 12:05:00,Idle
D159,2023-10-12 12:24:00,Idle
D159,2023-10-12 14:18:00,Idle
D159,2023-10-12 15:24:00,Idle
D159,2023-10-12 16:41:00,Busy
D159,2023-10-12 16:59:00,Idle
D159,2023-10-12 17:25:00,Offline
D159,2023-10-13 09:25:00,Online
D159,2023-10-13 10:44:00,Busy
D159,2023-10-13 12:15:00,Busy
D159,2023-10-13 12:44:00,Busy
D159,2023-10-13 14:27:00,Idle
D159,2023-10-13 15:29:00,Idle
D159,2023-10-13 16:40:00,Busy
D159,2023-10-13 17:01:00,Offline
D159,2023-10-14 13:01:00,Online
D159,2023-10-14 15:01:00,Busy
D159,2023-10-14 15:26:00,Idle
D159,2023-10-14 16:34:00,Idle
D159,2023-10-14 17:47:00,Idle
D159,2023-10-14 19:05:00,Idle
D159,2023-10-14 20:00:00,Idle
D159,2023-10-14 20:22:00,Offline
D159,2023-10-15 17:22:00,Online
D159,2023-10-15 18:08:00,Idle
D159,2023-10-15 18:29:00,Idle
D159,2023-10-15 19:48:00,Busy
D159,2023-10-15 20:39:00,Idle
D159,2023-10-15 21:35:00,Idle
D159,2023-10-15 22:03:00,Busy
D159,2023-10-15 22:26:00,Offline
D159,2023-10-16 14:26:00,Online
D159,2023-10-16 15:32:00,Idle
D159,2023-10-16 17:10:00,Busy
D159,2023-10-16 18:09:00,Busy
D159,2023-10-16 19:41:00,Idle
D159,2023-10-16 21:03:00,Idle
D159,2023-10-16 22:20:00,Busy
D159,2023-10-17 00:18:00,Idle
D159,2023-10-17 01:15:00,Busy
D159,2023-10-17 01:35:00,Idle
D159,2023-10-17 02:23:00,Busy
D159,2023-10-17 03:14:00,Offline
D159,2023-10-17 23:14:00,Online
D159,2023-10-18 00:19:00,Idle
D159,2023-10-18 00:46:00,Busy
D159,2023-10-18 02:34:00,Busy
D159,2023-10-18 04:27:00,Busy
D159,2023-10-18 05:17:00,Idle
D159,2023-10-18 06:39:00,Idle
D159,2023-10-18 07:01:00,Busy
D159,2023-10-18 07:59:00,Offline
D159,2023-10-18 19:59:00,Online
D159,2023-10-18 21:55:00,Busy
D159,2023-10-18 22:49:00,Busy
D159,2023-10-18 23:08:00,Busy
D159,2023-10-19 00:19:00,Idle
D159,2023-10-19 01:30:00,Busy
D159,2023-10-19 02:07:00,Busy
D159,2023-10-19 02:56:00,Offline
D160,2023-10-03 00:00:00,Online
D160,2023-10-03 01:11:00,Idle
D160,2023-10-03 03:11:00,Busy
D160,2023-10-03 04:34:00,Idle
D160,2023-10-03 05:17:00,Busy
D160,2023-10-03 06:45:00,Idle
D160,2023-10-03 07:13:00,Offline
D160,2023-10-04 01:13:00,Online
D160,2023-10-04 01:41:00,Idle
D160,2023-10-04 02:32:00,Idle
D160,2023-10-04 04:25:00,Idle
D160,2023-10-04 05:08:00,Busy
D160,2023-10-04 06:24:00,Idle
D160,2023-10-04 07:46:00,Busy
D160,2023-10-04 09:30:00,Idle
D160,2023-10-04 10:12:00,Idle
D160,2023-10-04 11:21:00,Idle
D160,2023-10-04 12:54:00,Idle
D160,2023-10-04 13:22:00,Offline
D160,2023-10-05 03:22:00,Online
D160,2023-10-05 04:32:00,Busy
D160,2023-10-05 05:54:00,Idle
D160,2023-10-05 06:40:00,Idle
D160,2023-10-05 07:07:00,Offline
D160,2023-10-06 06:07:00,Online
D160,2023-10-06 06:27:00,Idle
D160,2023-10-06 06:59:00,Idle
D160,2023-10-06 08:18:00,Idle
D160,2023-10-06 09:38:00,Idle
D160,2023-10-06 10:59:00,Idle
D160,2023-10-06 11:17:00,Idle
D160,2023-10-06 12:50:00,Busy
D160,2023-10-06 14:20:00,Busy
D160,2023-10-06 16:02:00,Idle
D160,2023-10-06 16:30:00,Offline
D160,2023-10-07 11:30:00,Online
D160,2023-10-07 11:46:00,Busy
D160,2023-10-07 12:13:00,Idle
D160,2023-10-07 12:46:00,Busy
D160,2023-10-07 13:27:00,Idle
D160,2023-10-07 15:27:00,Busy
D160,2023-10-07 15:52:00,Busy
D160,2023-10-07 16:53:00,Idle
D160,2023-10-07 17:19:00,Busy
D160,2023-10-07 18:02:00,Idle
D160,2023-10-07 18:41:00,Offline
D160,2023-10-08 18:41:00,Online
D160,2023-10-08 20:02:00,Busy
D160,2023-10-08 21:51:00,Busy
D160,2023-10-08 22:58:00,Idle
D160,2023-10-08 23:35:00,Idle
D160,2023-10-09 00:24:00,Busy
D160,2023-10-09 01:15:00,Offline
D161,2023-10-05 00:00:00,Online
D161,2023-10-05 00:40:00,Idle
D161,2023-10-05 01:03:00,Idle
D161,2023-10-05 02:26:00,Idle
D161,2023-10-05 02:44:00,Idle
D161,2023-10-05 04:11:00,Idle
D161,2023-10-05 05:27:00,Idle
D161,2023-10-05 06:08:00,Idle
D161,2023-10-05 06:46:00,Busy
D161,2023-10-05 07:07:00,Offline
D161,2023-10-05 19:07:00,Online
D161,2023-10-05 20:52:00,Busy
D161,2023-10-05 22:33:00,Busy
D161,2023-10-05 23:28:00,Idle
D161,2023-10-06 00:38:00,Idle
D161,2023-10-06 00:58:00,Offline
D161,2023-10-06 23:58:00,Online
D161,2023-10-07 01:47:00,Busy
D161,2023-10-07 03:35:00,Idle
D161,2023-10-07 05:03:00,Idle
D161,2023-10-07 06:09:00,Busy
D161,2023-10-07 08:03:00,Busy
D161,2023-10-07 09:50:00,Busy
D161,2023-10-07 11:49:00,Busy
D161,2023-10-07 12:07:00,Busy
D161,2023-10-07 12:56:00,Idle
D161,2023-10-07 14:55:00,Busy
D161,2023-10-07 15:54:00,Offline
D161,2023-10-08 11:54:00,Online
D161,2023-10-08 12:20:00,Busy
D161,2023-10-08 14:02:00,Busy
D161,2023-10-08 14:20:00,Busy
D161,2023-10-08 14:42:00,Idle
D161,2023-10-08 16:14:00,Busy
D161,2023-10-08 17:30:00,Busy
D161,2023-10-08 18:52:00,Idle
D161,2023-10-08 20:44:00,Idle
D161,2023-10-08 21:30:00,Offline
D161,2023-10-09 20:30:00,Online
D161,2023-10-09 21:25:00,Idle
D161,2023-10-09 22:56:00,Busy
D161,2023-10-09 23:12:00,Busy
D161,2023-10-09 23:41:00,Idle
D161,2023-10-10 00:09:00,Busy
D161,2023-10-10 01:26:00,Busy
D161,2023-10-10 02:46:00,Idle
D161,2023-10-10 03:19:00,Idle
D161,2023-10-10 03:36:00,Idle
D161,2023-10-10 04:28:00,Idle
D161,2023-10-10 05:17:00,Offline
D161,2023-10-10 18:17:00,Online
D161,2023-10-10 19:17:00,Busy
D161,2023-10-10 19:58:00,Busy
D161,2023-10-10 20:24:00,Busy
D161,2023-10-10 20:42:00,Busy
D161,2023-10-10 22:40:00,Busy
D161,2023-10-10 23:00:00,Idle
D161,2023-10-11 00:05:00,Idle
D161,2023-10-11 01:05:00,Busy
D161,2023-10-11 02:04:00,Busy
D161,2023-10-11 04:04:00,Busy
D161,2023-10-11 05:01:00,Offline
D161,2023-10-12 01:01:00,Online
D161,2023-10-12 02:29:00,Idle
D161,2023-10-12 03:23:00,Idle
D161,2023-10-12 03:59:00,Idle
D161,2023-10-12 04:44:00,Idle
D161,2023-10-12 05:11:00,Idle
D161,2023-10-12 06:21:00,Busy
D161,2023-10-12 07:02:00,Busy
D161,2023-10-12 08:39:00,Idle
D161,2023-10-12 09:30:00,Idle
D161,2023-10-12 09:44:00,Offline
D161,2023-10-13 07:44:00,Online
D161,2023-10-13 08:32:00,Busy
D161,2023-10-13 09:10:00,Idle
D161,2023-10-13 09:27:00,Idle
D161,2023-10-13 11:12:00,Busy
D161,2023-10-13 12:06:00,Idle
D161,2023-10-13 13:06:00,Busy
D161,2023-10-13 13:58:00,Idle
D161,2023-10-13 14:46:00,Offline
D161,2023-10-14 12:46:00,Online
D161,2023-10-14 13:19:00,Busy
D161,2023-10-14 14:41:00,Busy
D161,2023-10-14 15:02:00,Idle
D161,2023-10-14 15:50:00,Offline
D161,2023-10-15 04:50:00,Online
D161,2023-10-15 05:37:00,Idle
D161,2023-10-15 06:29:00,Idle
D161,2023-10-15 08:00:00,Idle
D161,2023-10-15 09:44:00,Busy
D161,2023-10-15 10:21:00,Idle
D161,2023-10-15 10:57:00,Idle
D161,2023-10-15 11:57:00,Busy
D161,2023-10-15 12:56:00,Busy
D161,2023-10-15 14:14:00,Busy
D161,2023-10-15 15:28:00,Busy
D161,2023-10-15 16:02:00,Offline
D161,2023-10-16 10:02:00,Online
D161,2023-10-16 10:27:00,Busy
D161,2023-10-16 11:46:00,Idle
D161,2023-10-16 12:43:00,Busy
D161,2023-10-16 13:33:00,Busy
D161,2023-10-16 14:11:00,Idle
D161,2023-10-16 14:56:00,Offline
D161,2023-10-17 03:56:00,Online
D161,2023-10-17 05:36:00,Idle
D161,2023-10-17 05:59:00,Idle
D161,2023-10-17 06:23:00,Idle
D161,2023-10-17 08:15:00,Idle
D161,2023-10-17 08:26:00,Offline
D161,2023-10-18 07:26:00,Online
D161,2023-10-18 08:24:00,Busy
D161,2023-10-18 09:04:00,Busy
D161,2023-10-18 09:29:00,Idle
D161,2023-10-18 10:23:00,Offline
D161,2023-10-19 08:23:00,Online
D161,2023-10-19 09:06:00,Idle
D161,2023-10-19 09:31:00,Idle
D161,2023-10-19 11:25:00,Busy
D161,2023-10-19 13:22:00,Idle
D161,2023-10-19 13:58:00,Idle
D161,2023-10-19 14:19:00,Busy
D161,2023-10-19 15:48:00,Busy
D161,2023-10-19 16:13:00,Idle
D161,2023-10-19 16:32:00,Offline
D161,2023-10-20 12:32:00,Online
D161,2023-10-20 13:34:00,Idle
D161,2023-10-20 14:38:00,Busy
D161,2023-10-20 15:50:00,Busy
D161,2023-10-20 16:09:00,Idle
D161,2023-10-20 16:43:00,Busy
D161,2023-10-20 17:49:00,Busy
D161,2023-10-20 18:36:00,Offline
D162,2023-10-05 00:00:00,Online
D162,2023-10-05 00:46:00,Idle
D162,2023-10-05 01:35:00,Idle
D162,2023-10-05 02:19:00,Idle
D162,2023-10-05 03:04:00,Idle
D162,2023-10-05 04:41:00,Busy
D162,2023-10-05 05:08:00,Idle
D162,2023-10-05 07:05:00,Busy
D162,2023-10-05 07:43:00,Offline
D162,2023-10-06 00:43:00,Online
D162,2023-10-06 02:35:00,Busy
D162,2023-10-06 03:01:00,Idle
D162,2023-10-06 04:25:00,Busy
D162,2023-10-06 04:51:00,Idle
D162,2023-10-06 05:19:00,Offline
D162,2023-10-06 23:19:00,Online
D162,2023-10-06 23:51:00,Busy
D162,2023-10-07 00:27:00,Idle
D162,2023-10-07 02:08:00,Busy
D162,2023-10-07 03:30:00,Busy
D162,2023-10-07 03:46:00,Busy
D162,2023-10-07 03:57:00,Offline
D162,2023-10-07 16:57:00,Online
D162,2023-10-07 18:29:00,Idle
D162,2023-10-07 18:59:00,Idle
D162,2023-10-07 20:19:00,Busy
D162,2023-10-07 20:46:00,Busy
D162,2023-10-07 22:37:00,Busy
D162,2023-10-07 23:35:00,Offline
D162,2023-10-08 11:35:00,Online
D162,2023-10-08 12:56:00,Busy
D162,2023-10-08 13:31:00,Busy
D162,2023-10-08 14:38:00,Busy
D162,2023-10-08 15:33:00,Idle
D162,2023-10-08 15:50:00,Idle
D162,2023-10-08 17:40:00,Busy
D162,2023-10-08 18:54:00,Idle
D162,2023-10-08 20:53:00,Idle
D162,2023-10-08 21:08:00,Offline
D162,2023-10-09 19:08:00,Online
D162,2023-10-09 20:58:00,Idle
D162,2023-10-09 22:54:00,Idle
D162,2023-10-09 23:48:00,Idle
D162,2023-10-10 01:23:00,Idle
D162,2023-10-10 03:04:00,Idle
D162,2023-10-10 03:26:00,Busy
D162,2023-10-10 04:48:00,Idle
D162,2023-10-10 05:02:00,Offline
D162,2023-10-10 23:02:00,Online
D162,2023-10-10 23:45:00,Busy
D162,2023-10-11 01:10:00,Busy
D162,2023-10-11 02:23:00,Idle
D162,2023-10-11 03:27:00,Idle
D162,2023-10-11 03:59:00,Offline
D162,2023-10-11 19:59:00,Online
D162,2023-10-11 21:44:00,Busy
D162,2023-10-11 22:52:00,Idle
D162,2023-10-11 23:08:00,Idle
D162,2023-10-11 23:27:00,Offline
D162,2023-10-12 19:27:00,Online
D162,2023-10-12 20:12:00,Busy
D162,2023-10-12 20:55:00,Busy
D162,2023-10-12 22:05:00,Busy
D162,2023-10-12 22:26:00,Busy
D162,2023-10-12 23:23:00,Offline
D163,2023-10-06 00:00:00,Online
D163,2023-10-06 01:12:00,Busy
D163,2023-10-06 03:00:00,Busy
D163,2023-10-06 03:21:00,Busy
D163,2023-10-06 04:58:00,Busy
D163,2023-10-06 05:25:00,Offline
D163,2023-10-07 04:25:00,Online
D163,2023-10-07 04:40:00,Busy
D163,2023-10-07 05:37:00,Busy
D163,2023-10-07 06:04:00,Idle
D163,2023-10-07 06:44:00,Busy
D163,2023-10-07 08:40:00,Idle
D163,2023-10-07 10:16:00,Idle
D163,2023-10-07 11:07:00,Busy
D163,2023-10-07 12:17:00,Busy
D163,2023-10-07 13:06:00,Idle
D163,2023-10-07 14:55:00,Idle
D163,2023-10-07 15:29:00,Offline
D163,2023-10-08 04:29:00,Online
D163,2023-10-08 05:24:00,Busy
D163,2023-10-08 06:54:00,Busy
D163,2023-10-08 08:47:00,Idle
D163,2023-10-08 09:12:00,Idle
D163,2023-10-08 10:23:00,Idle
D163,2023-10-08 12:16:00,Idle
D163,2023-10-08 13:48:00,Busy
D163,2023-10-08 15:38:00,Idle
D163,2023-10-08 15:56:00,Offline
D163,2023-10-09 11:56:00,Online
D163,2023-10-09 12:20:00,Idle
D163,2023-10-09 12:49:00,Busy
D163,2023-10-09 13:58:00,Busy
D163,2023-10-09 15:11:00,Busy
D163,2023-10-09 15:39:00,Busy
D163,2023-10-09 16:34:00,Idle
D163,2023-10-09 17:56:00,Idle
D163,2023-10-09 19:11:00,Idle
D163,2023-10-09 20:38:00,Idle
D163,2023-10-09 21:20:00,Offline
D163,2023-10-10 15:20:00,Online
D163,2023-10-10 17:13:00,Idle
D163,2023-10-10 18:50:00,Busy
D163,2023-10-10 19:59:00,Idle
D163,2023-10-10 20:15:00,Idle
D163,2023-10-10 20:34:00,Busy
D163,2023-10-10 21:38:00,Idle
D163,2023-10-10 23:29:00,Idle
D163,2023-10-11 00:11:00,Offline
D163,2023-10-11 20:11:00,Online
D163,2023-10-11 20:59:00,Idle
D163,2023-10-11 21:40:00,Busy
D163,2023-10-11 22:20:00,Busy
D163,2023-10-11 22:59:00,Offline
D163,2023-10-12 11:59:00,Online
D163,2023-10-12 12:35:00,Busy
D163,2023-10-12 13:37:00,Idle
D163,2023-10-12 14:14:00,Idle
D163,2023-10-12 15:47:00,Busy
D163,2023-10-12 17:37:00,Busy
D163,2023-10-12 19:34:00,Busy
D163,2023-10-12 19:52:00,Busy
D163,2023-10-12 20:18:00,Idle
D163,2023-10-12 22:03:00,Idle
D163,2023-10-12 23:25:00,Busy
D163,2023-10-13 00:07:00,Offline
D164,2023-10-06 00:00:00,Online
D164,2023-10-06 00:45:00,Idle
D164,2023-10-06 01:48:00,Idle
D164,2023-10-06 03:35:00,Busy
D164,2023-10-06 04:30:00,Offline
D164,2023-10-06 21:30:00,Online
D164,2023-10-06 21:53:00,Idle
D164,2023-10-06 23:07:00,Busy
D164,2023-10-06 23:40:00,Idle
D164,2023-10-07 00:14:00,Idle
D164,2023-10-07 01:33:00,Busy
D164,2023-10-07 02:32:00,Busy
D164,2023-10-07 03:38:00,Idle
D164,2023-10-07 05:02:00,Busy
D164,2023-10-07 05:33:00,Offline
D164,2023-10-07 22:33:00,Online
D164,2023-10-07 23:16:00,Busy
D164,2023-10-08 00:43:00,Idle
D164,2023-10-08 02:20:00,Busy
D164,2023-10-08 02:55:00,Idle
D164,2023-10-08 03:08:00,Offline
D164,2023-10-08 20:08:00,Online
D164,2023-10-08 22:07:00,Busy
D164,2023-10-09 00:05:00,Busy
D164,2023-10-09 01:39:00,Idle
D164,2023-10-09 02:23:00,Busy
D164,2023-10-09 03:54:00,Idle
D164,2023-10-09 04:48:00,Busy
D164,2023-10-09 06:06:00,Busy
D164,2023-10-09 06:43:00,Offline
D164,2023-10-09 18:43:00,Online
D164,2023-10-09 20:10:00,Idle
D164,2023-10-09 22:01:00,Idle
D164,2023-10-09 22:46:00,Busy
D164,2023-10-10 00:45:00,Idle
D164,2023-10-10 01:22:00,Idle
D164,2023-10-10 01:51:00,Idle
D164,2023-10-10 03:01:00,Busy
D164,2023-10-10 04:53:00,Idle
D164,2023-10-10 05:25:00,Busy
D164,2023-10-10 06:53:00,Idle
D164,2023-10-10 07:31:00,Offline
D164,2023-10-10 19:31:00,Online
D164,2023-10-10 19:50:00,Busy
D164,2023-10-10 21:22:00,Busy
D164,2023-10-10 21:53:00,Busy
D164,2023-10-10 23:36:00,Busy
D164,2023-10-10 23:51:00,Busy
D164,2023-10-11 00:42:00,Busy
D164,2023-10-11 01:08:00,Offline
D164,2023-10-11 13:08:00,Online
D164,2023-10-11 14:48:00,Busy
D164,2023-10-11 16:13:00,Idle
D164,2023-10-11 18:12:00,Idle
D164,2023-10-11 19:01:00,Busy
D164,2023-10-11 20:29:00,Idle
D164,2023-10-11 21:04:00,Idle
D164,2023-10-11 22:08:00,Idle
D164,2023-10-11 22:45:00,Offline
D165,2023-10-02 00:00:00,Online
D165,2023-10-02 01:33:00,Busy
D165,2023-10-02 02:10:00,Busy
D165,2023-10-02 03:48:00,Idle
D165,2023-10-02 04:14:00,Offline
D165,2023-10-03 03:14:00,Online
D165,2023-10-03 03:30:00,Idle
D165,2023-10-03 03:56:00,Busy
D165,2023-10-03 05:05:00,Busy
D165,2023-10-03 05:38:00,Idle
D165,2023-10-03 06:14:00,Offline
D165,2023-10-03 19:14:00,Online
D165,2023-10-03 21:01:00,Busy
D165,2023-10-03 21:51:00,Idle
D165,2023-10-03 22:26:00,Busy
D165,2023-10-04 00:09:00,Idle
D165,2023-10-04 01:28:00,Busy
D165,2023-10-04 02:19:00,Busy
D165,2023-10-04 03:30:00,Idle
D165,2023-10-04 04:07:00,Idle
D165,2023-10-04 05:12:00,Idle
D165,2023-10-04 05:33:00,Offline
D165,2023-10-04 17:33:00,Online
D165,2023-10-04 19:07:00,Busy
D165,2023-10-04 20:08:00,Busy
D165,2023-10-04 21:46:00,Idle
D165,2023-10-04 22:28:00,Busy
D165,2023-10-05 00:25:00,Busy
D165,2023-10-05 01:44:00,Busy
D165,2023-10-05 02:03:00,Busy
D165,2023-10-05 02:30:00,Idle
D165,2023-10-05 03:24:00,Offline
D165,2023-10-06 02:24:00,Online
D165,2023-10-06 04:05:00,Idle
D165,2023-10-06 05:13:00,Idle
D165,2023-10-06 06:22:00,Busy
D165,2023-10-06 08:21:00,Idle
D165,2023-10-06 10:14:00,Busy
D165,2023-10-06 11:26:00,Busy
D165,2023-10-06 11:44:00,Offline
D165,2023-10-07 10:44:00,Online
D165,2023-10-07 11:48:00,Busy
D165,2023-10-07 13:44:00,Idle
D165,2023-10-07 14:56:00,Idle
D165,2023-10-07 15:58:00,Idle
D165,2023-10-07 17:04:00,Idle
D165,2023-10-07 18:08:00,Busy
D165,2023-10-07 18:55:00,Busy
D165,2023-10-07 19:44:00,Offline
D165,2023-10-08 07:44:00,Online
D165,2023-10-08 09:18:00,Idle
D165,2023-10-08 10:07:00,Idle
D165,2023-10-08 10:33:00,Busy
D165,2023-10-08 11:04:00,Idle
D165,2023-10-08 12:24:00,Idle
D165,2023-10-08 13:04:00,Idle
D165,2023-10-08 14:35:00,Idle
D165,2023-10-08 15:44:00,Busy
D165,2023-10-08 16:48:00,Idle
D165,2023-10-08 17:21:00,Idle
D165,2023-10-08 18:03:00,Offline
D165,2023-10-09 18:03:00,Online
D165,2023-10-09 18:36:00,Idle
D165,2023-10-09 20:23:00,Busy
D165,2023-10-09 21:57:00,Busy
D165,2023-10-09 23:01:00,Idle
D165,2023-10-09 23:21:00,Idle
D165,2023-10-10 00:50:00,Busy
D165,2023-10-10 01:50:00,Offline
D167,2023-10-03 00:00:00,Online
D167,2023-10-03 02:00:00,Idle
D167,2023-10-03 02:30:00,Busy
D167,2023-10-03 03:01:00,Idle
D167,2023-10-03 03:30:00,Idle
D167,2023-10-03 04:14:00,Busy
D167,2023-10-03 05:05:00,Offline
D167,2023-10-04 03:05:00,Online
D167,2023-10-04 03:28:00,Idle
D167,2023-10-04 04:20:00,Busy
D167,2023-10-04 05:07:00,Idle
D167,2023-10-04 06:06:00,Offline
D167,2023-10-04 22:06:00,Online
D167,2023-10-04 23:26:00,Busy
D167,2023-10-05 00:30:00,Busy
D167,2023-10-05 02:15:00,Idle
D167,2023-10-05 03:37:00,Idle
D167,2023-10-05 05:04:00,Idle
D167,2023-10-05 05:51:00,Offline
D167,2023-10-06 05:51:00,Online
D167,2023-10-06 07:02:00,Idle
D167,2023-10-06 08:47:00,Idle
D167,2023-10-06 10:03:00,Busy
D167,2023-10-06 10:38:00,Busy
D167,2023-10-06 11:57:00,Idle
D167,2023-10-06 12:44:00,Offline
D167,2023-10-07 11:44:00,Online
D167,2023-10-07 12:49:00,Idle
D167,2023-10-07 13:04:00,Busy
D167,2023-10-07 14:15:00,Idle
D167,2023-10-07 15:09:00,Busy
D167,2023-10-07 16:57:00,Idle
D167,2023-10-07 18:50:00,Idle
D167,2023-10-07 20:14:00,Idle
D167,2023-10-07 21:07:00,Offline
D167,2023-10-08 19:07:00,Online
D167,2023-10-08 19:23:00,Idle
D167,2023-10-08 21:00:00,Busy
D167,2023-10-08 22:04:00,Busy
D167,2023-10-08 22:24:00,Idle
D167,2023-10-08 23:56:00,Idle
D167,2023-10-09 01:34:00,Busy
D167,2023-10-09 02:04:00,Idle
D167,2023-10-09 02:28:00,Idle
D167,2023-10-09 02:46:00,Idle
D167,2023-10-09 03:19:00,Busy
D167,2023-10-09 03:42:00,Offline
D167,2023-10-09 21:42:00,Online
D167,2023-10-09 23:21:00,Idle
D167,2023-10-10 00:03:00,Idle
D167,2023-10-10 01:30:00,Idle
D167,2023-10-10 02:37:00,Idle
D167,2023-10-10 04:03:00,Idle
D167,2023-10-10 05:50:00,Busy
D167,2023-10-10 06:14:00,Busy
D167,2023-10-10 06:38:00,Offline
D167,2023-10-10 18:38:00,Online
D167,2023-10-10 19:00:00,Busy
D167,2023-10-10 20:16:00,Busy
D167,2023-10-10 20:56:00,Busy
D167,2023-10-10 22:56:00,Idle
D167,2023-10-11 00:29:00,Busy
D167,2023-10-11 01:19:00,Busy
D167,2023-10-11 02:21:00,Busy
D167,2023-10-11 02:38:00,Busy
D167,2023-10-11 03:33:00,Busy
D167,2023-10-11 04:55:00,Busy
D167,2023-10-11 05:28:00,Offline
D167,2023-10-12 03:28:00,Online
D167,2023-10-12 04:52:00,Busy
D167,2023-10-12 06:12:00,Busy
D167,2023-10-12 07:04:00,Idle
D167,2023-10-12 07:26:00,Busy
D167,2023-10-12 08:25:00,Idle
D167,2023-10-12 09:14:00,Idle
D167,2023-10-12 10:48:00,Idle
D167,2023-10-12 12:01:00,Busy
D167,2023-10-12 12:48:00,Idle
D167,2023-10-12 13:37:00,Offline
D167,2023-10-13 12:37:00,Online
D167,2023-10-13 13:21:00,Busy
D167,2023-10-13 14:09:00,Busy
D167,2023-10-13 15:46:00,Idle
D167,2023-10-13 16:01:00,Busy
D167,2023-10-13 17:43:00,Busy
D167,2023-10-13 18:19:00,Busy
D167,2023-10-13 19:35:00,Busy
D167,2023-10-13 21:34:00,Busy
D167,2023-10-13 21:54:00,Busy
D167,2023-10-13 23:02:00,Idle
D167,2023-10-13 23:28:00,Offline
D167,2023-10-14 20:28:00,Online
D167,2023-10-14 22:13:00,Idle
D167,2023-10-14 23:05:00,Busy
D167,2023-10-15 00:09:00,Idle
D167,2023-10-15 00:23:00,Offline
D167,2023-10-15 13:23:00,Online
D167,2023-10-15 15:09:00,Idle
D167,2023-10-15 15:34:00,Busy
D167,2023-10-15 16:45:00,Busy
D167,2023-10-15 17:47:00,Idle
D167,2023-10-15 18:46:00,Idle
D167,2023-10-15 19:08:00,Idle
D167,2023-10-15 20:04:00,Busy
D167,2023-10-15 20:49:00,Offline
D167,2023-10-16 19:49:00,Online
D167,2023-10-16 21:31:00,Idle
D167,2023-10-16 23:18:00,Idle
D167,2023-10-17 00:30:00,Busy
D167,2023-10-17 01:36:00,Busy
D167,2023-10-17 03:04:00,Busy
D167,2023-10-17 04:48:00,Busy
D167,2023-10-17 05:54:00,Idle
D167,2023-10-17 07:19:00,Busy
D167,2023-10-17 07:32:00,Offline
D170,2023-10-05 00:00:00,Online
D170,2023-10-05 01:57:00,Idle
D170,2023-10-05 02:55:00,Busy
D170,2023-10-05 04:03:00,Idle
D170,2023-10-05 04:43:00,Busy
D170,2023-10-05 05:53:00,Idle
D170,2023-10-05 06:55:00,Busy
D170,2023-10-05 07:36:00,Idle
D170,2023-10-05 08:47:00,Idle
D170,2023-10-05 09:07:00,Offline
D170,2023-10-06 02:07:00,Online
D170,2023-10-06 03:37:00,Busy
D170,2023-10-06 05:23:00,Busy
D170,2023-10-06 06:55:00,Idle
D170,2023-10-06 07:30:00,Busy
D170,2023-10-06 07:57:00,Busy
D170,2023-10-06 08:55:00,Offline
D170,2023-10-07 08:55:00,Online
D170,2023-10-07 10:04:00,Idle
D170,2023-10-07 11:55:00,Idle
D170,2023-10-07 12:32:00,Idle
D170,2023-10-07 12:49:00,Idle
D170,2023-10-07 13:57:00,Idle
D170,2023-10-07 14:46:00,Offline
D170,2023-10-08 14:46:00,Online
D170,2023-10-08 15:09:00,Busy
D170,2023-10-08 15:36:00,Idle
D170,2023-10-08 16:16:00,Busy
D170,2023-10-08 16:30:00,Offline
D170,2023-10-09 15:30:00,Online
D170,2023-10-09 15:45:00,Busy
D170,2023-10-09 16:20:00,Busy
D170,2023-10-09 17:16:00,Idle
D170,2023-10-09 18:34:00,Busy
D170,2023-10-09 19:12:00,Idle
D170,2023-10-09 20:54:00,Busy
D170,2023-10-09 22:07:00,Busy
D170,2023-10-09 23:31:00,Idle
D170,2023-10-10 01:12:00,Busy
D170,2023-10-10 02:08:00,Idle
D170,2023-10-10 02:39:00,Offline
D170,2023-10-10 20:39:00,Online
D170,2023-10-10 21:25:00,Busy
D170,2023-10-10 21:40:00,Busy
D170,2023-10-10 22:06:00,Busy
D170,2023-10-10 22:59:00,Offline
D170,2023-10-11 14:59:00,Online
D170,2023-10-11 15:46:00,Busy
D170,2023-10-11 16:04:00,Busy
D170,2023-10-11 17:05:00,Busy
D170,2023-10-11 18:04:00,Busy
D170,2023-10-11 19:35:00,Busy
D170,2023-10-11 20:33:00,Busy
D170,2023-10-11 22:28:00,Idle
D170,2023-10-11 22:55:00,Idle
D170,2023-10-11 23:23:00,Offline
D170,2023-10-12 12:23:00,Online
D170,2023-10-12 12:43:00,Idle
D170,2023-10-12 13:00:00,Idle
D170,2023-10-12 14:37:00,Idle
D170,2023-10-12 15:36:00,Idle
D170,2023-10-12 16:16:00,Busy
D170,2023-10-12 17:46:00,Busy
D170,2023-10-12 18:36:00,Busy
D170,2023-10-12 18:59:00,Idle
D170,2023-10-12 19:51:00,Offline
D170,2023-10-13 11:51:00,Online
D170,2023-10-13 13:15:00,Busy
D170,2023-10-13 14:13:00,Idle
D170,2023-10-13 15:37:00,Idle
D170,2023-10-13 17:24:00,Idle
D170,2023-10-13 17:54:00,Offline
D170,2023-10-14 05:54:00,Online
D170,2023-10-14 06:11:00,Busy
D170,2023-10-14 08:05:00,Busy
D170,2023-10-14 09:35:00,Busy
D170,2023-10-14 10:19:00,Idle
D170,2023-10-14 10:56:00,Idle
D170,2023-10-14 11:37:00,Idle
D170,2023-10-14 12:42:00,Busy
D170,2023-10-14 13:26:00,Idle
D170,2023-10-14 13:59:00,Offline
D170,2023-10-15 04:59:00,Online
D170,2023-10-15 06:54:00,Busy
D170,2023-10-15 08:12:00,Idle
D170,2023-10-15 09:09:00,Idle
D170,2023-10-15 09:44:00,Idle
D170,2023-10-15 10:05:00,Idle
D170,2023-10-15 11:27:00,Idle
D170,2023-10-15 12:42:00,Busy
D170,2023-10-15 13:22:00,Offline
D170,2023-10-16 02:22:00,Online
D170,2023-10-16 02:42:00,Busy
D170,2023-10-16 04:34:00,Idle
D170,2023-10-16 05:55:00,Busy
D170,2023-10-16 06:16:00,Offline
D170,2023-10-16 20:16:00,Online
D170,2023-10-16 22:13:00,Busy
D170,2023-10-16 22:32:00,Busy
D170,2023-10-16 23:24:00,Idle
D170,2023-10-17 00:37:00,Idle
D170,2023-10-17 01:51:00,Idle
D170,2023-10-17 02:17:00,Offline
D170,2023-10-17 19:17:00,Online
D170,2023-10-17 20:44:00,Busy
D170,2023-10-17 22:20:00,Busy
D170,2023-10-17 23:29:00,Idle
D170,2023-10-18 00:09:00,Idle
D170,2023-10-18 00:56:00,Busy
D170,2023-10-18 01:59:00,Busy
D170,2023-10-18 03:56:00,Busy
D170,2023-10-18 04:51:00,Offline
D170,2023-10-18 18:51:00,Online
D170,2023-10-18 19:09:00,Busy
D170,2023-10-18 19:41:00,Busy
D170,2023-10-18 20:21:00,Busy
D170,2023-10-18 20:37:00,Idle
D170,2023-10-18 21:20:00,Busy
D170,2023-10-18 21:57:00,Idle
D170,2023-10-18 23:14:00,Busy
D170,2023-10-19 01:09:00,Idle
D170,2023-10-19 02:01:00,Offline
D172,2023-10-05 00:00:00,Online
D172,2023-10-05 01:34:00,Idle
D172,2023-10-05 01:50:00,Busy
D172,2023-10-05 03:16:00,Idle
D172,2023-10-05 04:56:00,Idle
D172,2023-10-05 05:36:00,Busy
D172,2023-10-05 07:02:00,Busy
D172,2023-10-05 07:27:00,Offline
D172,2023-10-06 04:27:00,Online
D172,2023-10-06 05:24:00,Busy
D172,2023-10-06 06:49:00,Idle
D172,2023-10-06 07:34:00,Busy
D172,2023-10-06 09:17:00,Busy
D172,2023-10-06 10:24:00,Busy
D172,2023-10-06 11:45:00,Idle
D172,2023-10-06 12:39:00,Offline
D172,2023-10-07 12:39:00,Online
D172,2023-10-07 13:18:00,Busy
D172,2023-10-07 14:08:00,Busy
D172,2023-10-07 14:34:00,Busy
D172,2023-10-07 15:25:00,Busy
D172,2023-10-07 15:42:00,Idle
D172,2023-10-07 16:15:00,Idle
D172,2023-10-07 17:12:00,Idle
D172,2023-10-07 17:37:00,Idle
D172,2023-10-07 18:49:00,Idle
D172,2023-10-07 19:27:00,Busy
D172,2023-10-07 19:49:00,Offline
D172,2023-10-08 15:49:00,Online
D172,2023-10-08 16:22:00,Idle
D172,2023-10-08 17:14:00,Busy
D172,2023-10-08 18:40:00,Busy
D172,2023-10-08 19:10:00,Idle
D172,2023-10-08 19:22:00,Offline
D172,2023-10-09 07:22:00,Online
D172,2023-10-09 08:22:00,Busy
D172,2023-10-09 09:21:00,Busy
D172,2023-10-09 10:17:00,Idle
D172,2023-10-09 10:35:00,Offline
D172,2023-10-10 07:35:00,Online
D172,2023-10-10 08:18:00,Idle
D172,2023-10-10 08:33:00,Busy
D172,2023-10-10 08:57:00,Idle
D172,2023-10-10 09:46:00,Idle
D172,2023-10-10 10:06:00,Busy
D172,2023-10-10 11:08:00,Busy
D172,2023-10-10 12:57:00,Idle
D172,2023-10-10 13:49:00,Offline
D173,2023-10-02 00:00:00,Online
D173,2023-10-02 01:34:00,Idle
D173,2023-10-02 02:53:00,Busy
D173,2023-10-02 03:19:00,Idle
D173,2023-10-02 04:42:00,Idle
D173,2023-10-02 05:02:00,Offline
D173,2023-10-03 03:02:00,Online
D173,2023-10-03 03:33:00,Busy
D173,2023-10-03 05:26:00,Idle
D173,2023-10-03 05:47:00,Idle
D173,2023-10-03 07:14:00,Busy
D173,2023-10-03 08:13:00,Offline
D173,2023-10-04 05:13:00,Online
D173,2023-10-04 06:08:00,Busy
D173,2023-10-04 07:24:00,Busy
D173,2023-10-04 09:11:00,Idle
D173,2023-10-04 10:10:00,Idle
D173,2023-10-04 10:45:00,Offline
D173,2023-10-05 08:45:00,Online
D173,2023-10-05 09:36:00,Idle
D173,2023-10-05 11:18:00,Idle
D173,2023-10-05 11:38:00,Idle
D173,2023-10-05 11:56:00,Offline
D173,2023-10-06 05:56:00,Online
D173,2023-10-06 07:40:00,Idle
D173,2023-10-06 08:20:00,Busy
D173,2023-10-06 10:06:00,Idle
D173,2023-10-06 10:24:00,Idle
D173,2023-10-06 11:23:00,Offline
D173,2023-10-07 07:23:00,Online
D173,2023-10-07 07:47:00,Idle
D173,2023-10-07 08:52:00,Idle
D173,2023-10-07 10:03:00,Idle
D173,2023-10-07 10:27:00,Busy
D173,2023-10-07 10:57:00,Busy
D173,2023-10-07 12:07:00,Busy
D173,2023-10-07 12:32:00,Offline
D173,2023-10-08 11:32:00,Online
D173,2023-10-08 12:40:00,Busy
D173,2023-10-08 13:18:00,Idle
D173,2023-10-08 13:48:00,Busy
D173,2023-10-08 14:31:00,Idle
D173,2023-10-08 15:40:00,Idle
D173,2023-10-08 16:29:00,Offline
D173,2023-10-09 13:29:00,Online
D173,2023-10-09 14:05:00,Busy
D173,2023-10-09 15:56:00,Idle
D173,2023-10-09 17:40:00,Busy
D173,2023-10-09 19:33:00,Idle
D173,2023-10-09 21:01:00,Idle
D173,2023-10-09 21:16:00,Busy
D173,2023-10-09 21:55:00,Offline
D173,2023-10-10 20:55:00,Online
D173,2023-10-10 21:11:00,Idle
D173,2023-10-10 23:00:00,Idle
D173,2023-10-10 23:34:00,Idle
D173,2023-10-11 01:33:00,Idle
D173,2023-10-11 02:50:00,Busy
D173,2023-10-11 03:36:00,Idle
D173,2023-10-11 04:02:00,Offline
D173,2023-10-11 21:02:00,Online
D173,2023-10-11 22:54:00,Busy
D173,2023-10-11 23:35:00,Idle
D173,2023-10-12 00:08:00,Idle
D173,2023-10-12 00:30:00,Idle
D173,2023-10-12 01:42:00,Idle
D173,2023-10-12 03:08:00,Idle
D173,2023-10-12 03:28:00,Idle
D173,2023-10-12 04:57:00,Idle
D173,2023-10-12 06:57:00,Busy
D173,2023-10-12 07:46:00,Offline
D174,2023-10-03 00:00:00,Online
D174,2023-10-03 01:00:00,Busy
D174,2023-10-03 02:49:00,Busy
D174,2023-10-03 04:21:00,Idle
D174,2023-10-03 04:45:00,Busy
D174,2023-10-03 05:03:00,Idle
D174,2023-10-03 06:23:00,Idle
D174,2023-10-03 06:47:00,Offline
D174,2023-10-04 06:47:00,Online
D174,2023-10-04 07:56:00,Idle
D174,2023-10-04 09:04:00,Busy
D174,2023-10-04 10:38:00,Busy
D174,2023-10-04 11:05:00,Idle
D174,2023-10-04 12:07:00,Idle
D174,2023-10-04 12:29:00,Offline
D174,2023-10-05 06:29:00,Online
D174,2023-10-05 07:27:00,Busy
D174,2023-10-05 09:01:00,Idle
D174,2023-10-05 10:30:00,Busy
D174,2023-10-05 12:17:00,Busy
D174,2023-10-05 13:11:00,Busy
D174,2023-10-05 14:58:00,Idle
D174,2023-10-05 15:41:00,Offline
D174,2023-10-06 12:41:00,Online
D174,2023-10-06 14:07:00,Busy
D174,2023-10-06 15:50:00,Busy
D174,2023-10-06 16:18:00,Idle
D174,2023-10-06 17:07:00,Idle
D174,2023-10-06 18:34:00,Idle
D174,2023-10-06 19:57:00,Busy
D174,2023-10-06 20:46:00,Idle
D174,2023-10-06 21:33:00,Offline
D174,2023-10-07 15:33:00,Online
D174,2023-10-07 16:03:00,Idle
D174,2023-10-07 17:38:00,Idle
D174,2023-10-07 19:06:00,Busy
D174,2023-10-07 20:51:00,Busy
D174,2023-10-07 21:35:00,Busy
D174,2023-10-07 21:52:00,Busy
D174,2023-10-07 23:47:00,Busy
D174,2023-10-08 00:39:00,Busy
D174,2023-10-08 01:52:00,Busy
D174,2023-10-08 02:46:00,Busy
D174,2023-10-08 03:40:00,Offline
D174,2023-10-08 23:40:00,Online
D174,2023-10-09 00:20:00,Idle
D174,2023-10-09 00:38:00,Idle
D174,2023-10-09 01:58:00,Busy
D174,2023-10-09 03:02:00,Busy
D174,2023-10-09 04:52:00,Busy
D174,2023-10-09 05:20:00,Offline
D174,2023-10-10 02:20:00,Online
D174,2023-10-10 03:02:00,Idle
D174,2023-10-10 04:26:00,Idle
D174,2023-10-10 06:18:00,Busy
D174,2023-10-10 06:35:00,Offline
D174,2023-10-11 00:35:00,Online
D174,2023-10-11 02:13:00,Busy
D174,2023-10-11 03:34:00,Idle
D174,2023-10-11 04:40:00,Busy
D174,2023-10-11 05:07:00,Offline
D174,2023-10-12 03:07:00,Online
D174,2023-10-12 04:39:00,Busy
D174,2023-10-12 05:16:00,Idle
D174,2023-10-12 05:40:00,Idle
D174,2023-10-12 06:27:00,Offline
D174,2023-10-13 05:27:00,Online
D174,2023-10-13 06:39:00,Idle
D174,2023-10-13 08:25:00,Busy
D174,2023-10-13 10:23:00,Idle
D174,2023-10-13 10:54:00,Busy
D174,2023-10-13 11:43:00,Idle
D174,2023-10-13 13:32:00,Busy
D174,2023-10-13 14:14:00,Offline
D174,2023-10-14 07:14:00,Online
D174,2023-10-14 08:18:00,Busy
D174,2023-10-14 09:25:00,Busy
D174,2023-10-14 10:40:00,Busy
D174,2023-10-14 11:16:00,Offline
D174,2023-10-15 06:16:00,Online
D174,2023-10-15 07:12:00,Idle
D174,2023-10-15 08:32:00,Busy
D174,2023-10-15 10:24:00,Busy
D174,2023-10-15 10:58:00,Offline
D175,2023-10-03 00:00:00,Online
D175,2023-10-03 00:35:00,Idle
D175,2023-10-03 01:56:00,Busy
D175,2023-10-03 03:38:00,Idle
D175,2023-10-03 04:47:00,Idle
D175,2023-10-03 05:39:00,Idle
D175,2023-10-03 06:56:00,Busy
D175,2023-10-03 08:40:00,Busy
D175,2023-10-03 10:08:00,Busy
D175,2023-10-03 12:04:00,Busy
D175,2023-10-03 13:09:00,Busy
D175,2023-10-03 13:27:00,Offline
D175,2023-10-04 13:27:00,Online
D175,2023-10-04 14:20:00,Busy
D175,2023-10-04 15:43:00,Busy
D175,2023-10-04 16:41:00,Busy
D175,2023-10-04 17:24:00,Idle
D175,2023-10-04 17:50:00,Busy
D175,2023-10-04 19:08:00,Idle
D175,2023-10-04 20:32:00,Busy
D175,2023-10-04 22:25:00,Idle
D175,2023-10-04 23:11:00,Offline
D175,2023-10-05 19:11:00,Online
D175,2023-10-05 19:26:00,Busy
D175,2023-10-05 20:08:00,Busy
D175,2023-10-05 20:24:00,Busy
D175,2023-10-05 22:12:00,Busy
D175,2023-10-05 22:54:00,Idle
D175,2023-10-05 23:25:00,Offline
D175,2023-10-06 15:25:00,Online
D175,2023-10-06 16:44:00,Busy
D175,2023-10-06 17:33:00,Idle
D175,2023-10-06 19:19:00,Idle
D175,2023-10-06 21:18:00,Busy
D175,2023-10-06 23:06:00,Busy
D175,2023-10-07 00:15:00,Idle
D175,2023-10-07 00:41:00,Offline
D175,2023-10-07 19:41:00,Online
D175,2023-10-07 20:34:00,Idle
D175,2023-10-07 21:49:00,Busy
D175,2023-10-07 23:08:00,Idle
D175,2023-10-07 23:23:00,Busy
D175,2023-10-08 00:07:00,Busy
D175,2023-10-08 01:28:00,Idle
D175,2023-10-08 01:47:00,Busy
D175,2023-10-08 02:36:00,Offline
D175,2023-10-08 21:36:00,Online
D175,2023-10-08 21:51:00,Idle
D175,2023-10-08 22:40:00,Busy
D175,2023-10-08 23:31:00,Busy
D175,2023-10-09 01:27:00,Idle
D175,2023-10-09 01:57:00,Idle
D175,2023-10-09 03:28:00,Idle
D175,2023-10-09 05:16:00,Idle
D175,2023-10-09 05:53:00,Idle
D175,2023-10-09 06:53:00,Offline
D176,2023-10-03 00:00:00,Online
D176,2023-10-03 00:36:00,Busy
D176,2023-10-03 01:07:00,Idle
D176,2023-10-03 01:33:00,Busy
D176,2023-10-03 02:33:00,Offline
D176,2023-10-04 01:33:00,Online
D176,2023-10-04 02:10:00,Idle
D176,2023-10-04 03:24:00,Idle
D176,2023-10-04 04:17:00,Idle
D176,2023-10-04 05:13:00,Busy
D176,2023-10-04 06:42:00,Busy
D176,2023-10-04 06:57:00,Busy
D176,2023-10-04 07:48:00,Busy
D176,2023-10-04 08:23:00,Idle
D176,2023-10-04 09:37:00,Idle
D176,2023-10-04 10:17:00,Busy
D176,2023-10-04 10:34:00,Offline
D176,2023-10-05 04:34:00,Online
D176,2023-10-05 06:13:00,Busy
D176,2023-10-05 07:00:00,Busy
D176,2023-10-05 08:11:00,Busy
D176,2023-10-05 09:45:00,Busy
D176,2023-10-05 11:45:00,Busy
D176,2023-10-05 13:10:00,Idle
D176,2023-10-05 14:42:00,Idle
D176,2023-10-05 16:41:00,Idle
D176,2023-10-05 17:16:00,Offline
D176,2023-10-06 08:16:00,Online
D176,2023-10-06 09:44:00,Idle
D176,2023-10-06 11:10:00,Busy
D176,2023-10-06 11:47:00,Busy
D176,2023-10-06 13:32:00,Idle
D176,2023-10-06 15:07:00,Busy
D176,2023-10-06 17:03:00,Busy
D176,2023-10-06 17:41:00,Busy
D176,2023-10-06 18:04:00,Idle
D176,2023-10-06 19:31:00,Idle
D176,2023-10-06 19:45:00,Offline
D176,2023-10-07 17:45:00,Online
D176,2023-10-07 18:54:00,Busy
D176,2023-10-07 20:05:00,Busy
D176,2023-10-07 20:36:00,Busy
D176,2023-10-07 21:26:00,Busy
D176,2023-10-07 22:54:00,Idle
D176,2023-10-08 00:40:00,Idle
D176,2023-10-08 00:51:00,Offline
D176,2023-10-08 15:51:00,Online
D176,2023-10-08 17:00:00,Busy
D176,2023-10-08 18:50:00,Idle
D176,2023-10-08 20:26:00,Busy
D176,2023-10-08 21:40:00,Busy
D176,2023-10-08 23:30:00,Busy
D176,2023-10-09 00:58:00,Idle
D176,2023-10-09 01:12:00,Offline
D177,2023-10-04 00:00:00,Online
D177,2023-10-04 01:19:00,Busy
D177,2023-10-04 02:34:00,Idle
D177,2023-10-04 04:22:00,Idle
D177,2023-10-04 05:19:00,Busy
D177,2023-10-04 06:11:00,Offline
D177,2023-10-04 19:11:00,Online
D177,2023-10-04 21:06:00,Idle
D177,2023-10-04 21:30:00,Busy
D177,2023-10-04 22:57:00,Busy
D177,2023-10-05 00:27:00,Idle
D177,2023-10-05 01:44:00,Busy
D177,2023-10-05 03:04:00,Busy
D177,2023-10-05 03:41:00,Offline
D177,2023-10-05 15:41:00,Online
D177,2023-10-05 16:37:00,Idle
D177,2023-10-05 18:17:00,Busy
D177,2023-10-05 19:45:00,Idle
D177,2023-10-05 21:05:00,Idle
D177,2023-10-05 22:18:00,Busy
D177,2023-10-05 22:42:00,Idle
D177,2023-10-05 23:45:00,Busy
D177,2023-10-06 01:20:00,Busy
D177,2023-10-06 02:01:00,Busy
D177,2023-10-06 03:50:00,Busy
D177,2023-10-06 04:14:00,Offline
D177,2023-10-06 20:14:00,Online
D177,2023-10-06 21:20:00,Busy
D177,2023-10-06 22:34:00,Busy
D177,2023-10-07 00:26:00,Busy
D177,2023-10-07 01:19:00,Offline
D177,2023-10-08 01:19:00,Online
D177,2023-10-08 02:42:00,Idle
D177,2023-10-08 03:12:00,Idle
D177,2023-10-08 05:06:00,Busy
D177,2023-10-08 06:06:00,Idle
D177,2023-10-08 06:42:00,Offline
D177,2023-10-08 22:42:00,Online
D177,2023-10-08 23:04:00,Busy
D177,2023-10-09 00:12:00,Idle
D177,2023-10-09 01:45:00,Busy
D177,2023-10-09 03:23:00,Idle
D177,2023-10-09 03:48:00,Idle
D177,2023-10-09 04:53:00,Idle
D177,2023-10-09 06:26:00,Busy
D177,2023-10-09 06:52:00,Idle
D177,2023-10-09 07:19:00,Idle
D177,2023-10-09 07:55:00,Offline
D177,2023-10-09 19:55:00,Online
D177,2023-10-09 20:45:00,Idle
D177,2023-10-09 22:25:00,Idle
D177,2023-10-09 23:52:00,Busy
D177,2023-10-10 00:18:00,Busy
D177,2023-10-10 01:23:00,Busy
D177,2023-10-10 02:02:00,Idle
D177,2023-10-10 02:33:00,Idle
D177,2023-10-10 03:51:00,Busy
D177,2023-10-10 05:30:00,Idle
D177,2023-10-10 06:39:00,Busy
D177,2023-10-10 07:33:00,Offline
D177,2023-10-11 03:33:00,Online
D177,2023-10-11 04:12:00,Busy
D177,2023-10-11 04:54:00,Busy
D177,2023-10-11 06:23:00,Busy
D177,2023-10-11 08:14:00,Busy
D177,2023-10-11 09:18:00,Idle
D177,2023-10-11 11:04:00,Idle
D177,2023-10-11 12:12:00,Idle
D177,2023-10-11 13:31:00,Idle
D177,2023-10-11 15:06:00,Busy
D177,2023-10-11 15:47:00,Offline
D181,2023-10-05 00:00:00,Online
D181,2023-10-05 00:17:00,Busy
D181,2023-10-05 00:36:00,Busy
D181,2023-10-05 02:16:00,Idle
D181,2023-10-05 02:27:00,Offline
D181,2023-10-06 02:27:00,Online
D181,2023-10-06 04:23:00,Idle
D181,2023-10-06 05:57:00,Idle
D181,2023-10-06 06:46:00,Idle
D181,2023-10-06 07:42:00,Idle
D181,2023-10-06 09:10:00,Idle
D181,2023-10-06 09:50:00,Idle
D181,2023-10-06 10:07:00,Offline
D181,2023-10-07 02:07:00,Online
D181,2023-10-07 03:48:00,Idle
D181,2023-10-07 05:10:00,Idle
D181,2023-10-07 05:30:00,Busy
D181,2023-10-07 06:14:00,Idle
D181,2023-10-07 08:11:00,Busy
D181,2023-10-07 08:36:00,Busy
D181,2023-10-07 08:52:00,Idle
D181,2023-10-07 09:26:00,Offline
D181,2023-10-08 05:26:00,Online
D181,2023-10-08 06:51:00,Idle
D181,2023-10-08 07:16:00,Busy
D181,2023-10-08 08:14:00,Busy
D181,2023-10-08 08:43:00,Offline
D181,2023-10-08 20:43:00,Online
D181,2023-10-08 21:15:00,Busy
D181,2023-10-08 22:20:00,Busy
D181,2023-10-08 23:50:00,Idle
D181,2023-10-09 01:01:00,Idle
D181,2023-10-09 02:20:00,Idle
D181,2023-10-09 03:55:00,Busy
D181,2023-10-09 04:35:00,Busy
D181,2023-10-09 05:23:00,Busy
D181,2023-10-09 07:15:00,Idle
D181,2023-10-09 07:33:00,Offline
D181,2023-10-10 05:33:00,Online
D181,2023-10-10 07:16:00,Busy
D181,2023-10-10 08:55:00,Idle
D181,2023-10-10 09:10:00,Busy
D181,2023-10-10 10:35:00,Busy
D181,2023-10-10 10:52:00,Idle
D181,2023-10-10 11:29:00,Offline
D181,2023-10-11 03:29:00,Online
D181,2023-10-11 05:24:00,Idle
D181,2023-10-11 06:28:00,Idle
D181,2023-10-11 08:15:00,Busy
D181,2023-10-11 09:40:00,Busy
D181,2023-10-11 10:13:00,Idle
D181,2023-10-11 11:28:00,Idle
D181,2023-10-11 11:59:00,Idle
D181,2023-10-11 13:55:00,Busy
D181,2023-10-11 14:54:00,Offline
D182,2023-10-01 00:00:00,Online
D182,2023-10-01 00:46:00,Busy
D182,2023-10-01 02:38:00,Idle
D182,2023-10-01 03:46:00,Busy
D182,2023-10-01 05:11:00,Busy
D182,2023-10-01 05:53:00,Idle
D182,2023-10-01 07:53:00,Idle
D182,2023-10-01 08:29:00,Busy
D182,2023-10-01 10:15:00,Busy
D182,2023-10-01 10:58:00,Offline
D182,2023-10-02 09:58:00,Online
D182,2023-10-02 10:54:00,Busy
D182,2023-10-02 11:30:00,Busy
D182,2023-10-02 11:58:00,Idle
D182,2023-10-02 12:30:00,Idle
D182,2023-10-02 12:49:00,Idle
D182,2023-10-02 13:13:00,Idle
D182,2023-10-02 13:33:00,Busy
D182,2023-10-02 14:33:00,Busy
D182,2023-10-02 14:58:00,Idle
D182,2023-10-02 16:05:00,Busy
D182,2023-10-02 16:30:00,Offline
D182,2023-10-03 07:30:00,Online
D182,2023-10-03 09:06:00,Idle
D182,2023-10-03 09:31:00,Busy
D182,2023-10-03 11:16:00,Idle
D182,2023-10-03 12:16:00,Idle
D182,2023-10-03 12:41:00,Idle
D182,2023-10-03 13:37:00,Offline
D182,2023-10-04 12:37:00,Online
D182,2023-10-04 14:25:00,Idle
D182,2023-10-04 15:57:00,Idle
D182,2023-10-04 17:36:00,Busy
D182,2023-10-04 18:32:00,Busy
D182,2023-10-04 20:18:00,Idle
D182,2023-10-04 22:01:00,Idle
D182,2023-10-04 22:41:00,Offline
D182,2023-10-05 15:41:00,Online
D182,2023-10-05 17:24:00,Busy
D182,2023-10-05 19:01:00,Busy
D182,2023-10-05 19:46:00,Busy
D182,2023-10-05 20:39:00,Busy
D182,2023-10-05 22:29:00,Busy
D182,2023-10-05 23:06:00,Busy
D182,2023-10-06 00:31:00,Idle
D182,2023-10-06 01:24:00,Offline
D182,2023-10-06 18:24:00,Online
D182,2023-10-06 18:58:00,Busy
D182,2023-10-06 20:58:00,Busy
D182,2023-10-06 21:14:00,Idle
D182,2023-10-06 22:08:00,Busy
D182,2023-10-06 23:49:00,Busy
D182,2023-10-07 00:00:00,Offline
D182,2023-10-07 21:00:00,Online
D182,2023-10-07 21:16:00,Idle
D182,2023-10-07 21:41:00,Idle
D182,2023-10-07 22:12:00,Idle
D182,2023-10-07 23:58:00,Idle
D182,2023-10-08 01:20:00,Busy
D182,2023-10-08 02:37:00,Idle
D182,2023-10-08 03:01:00,Offline
D182,2023-10-08 18:01:00,Online
D182,2023-10-08 19:19:00,Idle
D182,2023-10-08 20:58:00,Busy
D182,2023-10-08 22:07:00,Busy
D182,2023-10-08 22:33:00,Idle
D182,2023-10-08 23:48:00,Idle
D182,2023-10-09 00:31:00,Offline
D182,2023-10-09 21:31:00,Online
D182,2023-10-09 21:49:00,Busy
D182,2023-10-09 22:40:00,Idle
D182,2023-10-09 23:17:00,Idle
D182,2023-10-10 00:42:00,Idle
D182,2023-10-10 02:40:00,Idle
D182,2023-10-10 03:55:00,Idle
D182,2023-10-10 04:38:00,Busy
D182,2023-10-10 06:38:00,Busy
D182,2023-10-10 07:28:00,Offline
D183,2023-10-02 00:00:00,Online
D183,2023-10-02 01:41:00,Idle
D183,2023-10-02 02:09:00,Busy
D183,2023-10-02 03:23:00,Idle
D183,2023-10-02 05:10:00,Idle
D183,2023-10-02 05:50:00,Busy
D183,2023-10-02 06:43:00,Offline
D183,2023-10-02 22:43:00,Online
D183,2023-10-02 23:41:00,Idle
D183,2023-10-03 00:25:00,Idle
D183,2023-10-03 01:12:00,Busy
D183,2023-10-03 03:09:00,Idle
D183,2023-10-03 03:36:00,Idle
D183,2023-10-03 04:12:00,Busy
D183,2023-10-03 04:58:00,Offline
D183,2023-10-03 20:58:00,Online
D183,2023-10-03 22:43:00,Idle
D183,2023-10-03 23:42:00,Busy
D183,2023-10-04 00:04:00,Idle
D183,2023-10-04 00:37:00,Busy
D183,2023-10-04 02:24:00,Busy
D183,2023-10-04 02:46:00,Offline
D183,2023-10-04 14:46:00,Online
D183,2023-10-04 16:12:00,Busy
D183,2023-10-04 17:01:00,Idle
D183,2023-10-04 17:23:00,Busy
D183,2023-10-04 19:22:00,Idle
D183,2023-10-04 20:07:00,Busy
D183,2023-10-04 21:06:00,Busy
D183,2023-10-04 21:55:00,Idle
D183,2023-10-04 23:40:00,Busy
D183,2023-10-05 00:27:00,Busy
D183,2023-10-05 00:54:00,Busy
D183,2023-10-05 01:14:00,Offline
D183,2023-10-05 19:14:00,Online
D183,2023-10-05 20:10:00,Busy
D183,2023-10-05 22:10:00,Idle
D183,2023-10-05 22:27:00,Busy
D183,2023-10-06 00:17:00,Busy
D183,2023-10-06 01:16:00,Offline
D183,2023-10-06 16:16:00,Online
D183,2023-10-06 16:42:00,Idle
D183,2023-10-06 18:00:00,Busy
D183,2023-10-06 19:29:00,Idle
D183,2023-10-06 20:16:00,Idle
D183,2023-10-06 21:09:00,Idle
D183,2023-10-06 21:45:00,Busy
D183,2023-10-06 22:07:00,Idle
D183,2023-10-06 22:28:00,Offline
D183,2023-10-07 14:28:00,Online
D183,2023-10-07 14:49:00,Busy
D183,2023-10-07 16:06:00,Idle
D183,2023-10-07 17:44:00,Idle
D183,2023-10-07 19:02:00,Idle
D183,2023-10-07 20:51:00,Busy
D183,2023-10-07 21:46:00,Busy
D183,2023-10-07 22:43:00,Offline
D184,2023-10-04 00:00:00,Online
D184,2023-10-04 01:40:00,Idle
D184,2023-10-04 02:20:00,Busy
D184,2023-10-04 04:05:00,Busy
D184,2023-10-04 04:52:00,Busy
D184,2023-10-04 05:12:00,Busy
D184,2023-10-04 07:01:00,Idle
D184,2023-10-04 07:52:00,Busy
D184,2023-10-04 08:24:00,Busy
D184,2023-10-04 09:15:00,Idle
D184,2023-10-04 10:47:00,Idle
D184,2023-10-04 11:29:00,Offline
D184,2023-10-05 00:29:00,Online
D184,2023-10-05 01:14:00,Idle
D184,2023-10-05 01:43:00,Idle
D184,2023-10-05 03:17:00,Idle
D184,2023-10-05 05:13:00,Busy
D184,2023-10-05 07:07:00,Idle
D184,2023-10-05 08:35:00,Idle
D184,2023-10-05 08:54:00,Busy
D184,2023-10-05 09:37:00,Busy
D184,2023-10-05 10:37:00,Offline
D184,2023-10-06 09:37:00,Online
D184,2023-10-06 10:31:00,Idle
D184,2023-10-06 10:54:00,Busy
D184,2023-10-06 11:47:00,Idle
D184,2023-10-06 12:08:00,Offline
D184,2023-10-07 07:08:00,Online
D184,2023-10-07 07:33:00,Busy
D184,2023-10-07 09:04:00,Idle
D184,2023-10-07 10:31:00,Idle
D184,2023-10-07 11:13:00,Busy
D184,2023-10-07 13:12:00,Busy
D184,2023-10-07 14:19:00,Busy
D184,2023-10-07 14:58:00,Offline
D184,2023-10-08 06:58:00,Online
D184,2023-10-08 08:18:00,Busy
D184,2023-10-08 10:18:00,Busy
D184,2023-10-08 11:37:00,Busy
D184,2023-10-08 12:03:00,Offline
D184,2023-10-09 01:03:00,Online
D184,2023-10-09 01:41:00,Idle
D184,2023-10-09 02:09:00,Idle
D184,2023-10-09 03:46:00,Idle
D184,2023-10-09 05:19:00,Idle
D184,2023-10-09 06:31:00,Idle
D184,2023-10-09 07:11:00,Idle
D184,2023-10-09 07:34:00,Idle
D184,2023-10-09 07:59:00,Offline
D186,2023-10-03 00:00:00,Online
D186,2023-10-03 01:15:00,Idle
D186,2023-10-03 02:30:00,Idle
D186,2023-10-03 04:05:00,Idle
D186,2023-10-03 04:25:00,Idle
D186,2023-10-03 04:57:00,Busy
D186,2023-10-03 05:28:00,Idle
D186,2023-10-03 07:21:00,Idle
D186,2023-10-03 09:12:00,Busy
D186,2023-10-03 09:51:00,Idle
D186,2023-10-03 11:32:00,Busy
D186,2023-10-03 12:18:00,Offline
D186,2023-10-04 10:18:00,Online
D186,2023-10-04 12:07:00,Busy
D186,2023-10-04 13:44:00,Idle
D186,2023-10-04 15:06:00,Busy
D186,2023-10-04 15:39:00,Idle
D186,2023-10-04 17:08:00,Busy
D186,2023-10-04 17:52:00,Busy
D186,2023-10-04 19:24:00,Busy
D186,2023-10-04 21:02:00,Busy
D186,2023-10-04 21:33:00,Offline
D186,2023-10-05 19:33:00,Online
D186,2023-10-05 20:15:00,Busy
D186,2023-10-05 21:47:00,Busy
D186,2023-10-05 23:33:00,Busy
D186,2023-10-06 00:17:00,Idle
D186,2023-10-06 01:12:00,Busy
D186,2023-10-06 03:12:00,Busy
D186,2023-10-06 04:31:00,Busy
D186,2023-10-06 06:18:00,Idle
D186,2023-10-06 07:55:00,Idle
D186,2023-10-06 08:40:00,Offline
D186,2023-10-07 00:40:00,Online
D186,2023-10-07 01:37:00,Busy
D186,2023-10-07 03:11:00,Busy
D186,2023-10-07 05:03:00,Idle
D186,2023-10-07 05:39:00,Idle
D186,2023-10-07 06:32:00,Offline
D186,2023-10-08 04:32:00,Online
D186,2023-10-08 05:26:00,Busy
D186,2023-10-08 06:00:00,Idle
D186,2023-10-08 07:44:00,Busy
D186,2023-10-08 09:34:00,Idle
D186,2023-10-08 09:57:00,Idle
D186,2023-10-08 11:47:00,Idle
D186,2023-10-08 12:05:00,Busy
D186,2023-10-08 12:34:00,Offline
D186,2023-10-09 09:34:00,Online
D186,2023-10-09 10:53:00,Idle
D186,2023-10-09 12:00:00,Idle
D186,2023-10-09 13:42:00,Busy
D186,2023-10-09 14:30:00,Idle
D186,2023-10-09 15:46:00,Idle
D186,2023-10-09 16:32:00,Idle
D186,2023-10-09 17:21:00,Offline
D186,2023-10-10 10:21:00,Online
D186,2023-10-10 11:00:00,Busy
D186,2023-10-10 12:04:00,Idle
D186,2023-10-10 12:55:00,Idle
D186,2023-10-10 13:12:00,Idle
D186,2023-10-10 13:44:00,Idle
D186,2023-10-10 15:09:00,Idle
D186,2023-10-10 16:38:00,Idle
D186,2023-10-10 18:30:00,Idle
D186,2023-10-10 18:59:00,Idle
D186,2023-10-10 19:34:00,Idle
D186,2023-10-10 20:26:00,Offline
D186,2023-10-11 20:26:00,Online
D186,2023-10-11 20:53:00,Busy
D186,2023-10-11 22:13:00,Idle
D186,2023-10-12 00:03:00,Busy
D186,2023-10-12 00:50:00,Offline
D186,2023-10-12 15:50:00,Online
D186,2023-10-12 16:56:00,Idle
D186,2023-10-12 18:55:00,Busy
D186,2023-10-12 20:25:00,Idle
D186,2023-10-12 20:44:00,Busy
D186,2023-10-12 21:47:00,Idle
D186,2023-10-12 23:06:00,Busy
D186,2023-10-13 00:24:00,Idle
D186,2023-10-13 02:16:00,Busy
D186,2023-10-13 02:34:00,Offline
D186,2023-10-13 18:34:00,Online
D186,2023-10-13 18:55:00,Busy
D186,2023-10-13 20:23:00,Busy
D186,2023-10-13 20:54:00,Busy
D186,2023-10-13 21:38:00,Offline
D188,2023-10-03 00:00:00,Online
D188,2023-10-03 01:56:00,Busy
D188,2023-10-03 02:56:00,Idle
D188,2023-10-03 04:20:00,Busy
D188,2023-10-03 05:52:00,Idle
D188,2023-10-03 06:28:00,Idle
D188,2023-10-03 07:13:00,Offline
D188,2023-10-04 02:13:00,Online
D188,2023-10-04 02:32:00,Idle
D188,2023-10-04 04:00:00,Idle
D188,2023-10-04 05:33:00,Idle
D188,2023-10-04 06:09:00,Busy
D188,2023-10-04 06:48:00,Idle
D188,2023-10-04 08:29:00,Busy
D188,2023-10-04 09:17:00,Idle
D188,2023-10-04 10:34:00,Busy
D188,2023-10-04 12:15:00,Idle
D188,2023-10-04 13:13:00,Idle
D188,2023-10-04 13:46:00,Offline
D188,2023-10-05 07:46:00,Online
D188,2023-10-05 08:40:00,Busy
D188,2023-10-05 10:14:00,Busy
D188,2023-10-05 11:49:00,Busy
D188,2023-10-05 12:10:00,Busy
D188,2023-10-05 12:53:00,Busy
D188,2023-10-05 13:18:00,Idle
D188,2023-10-05 13:59:00,Busy
D188,2023-10-05 14:56:00,Busy
D188,2023-10-05 15:11:00,Idle
D188,2023-10-05 16:36:00,Idle
D188,2023-10-05 17:11:00,Offline
D188,2023-10-06 14:11:00,Online
D188,2023-10-06 14:36:00,Busy
D188,2023-10-06 15:26:00,Idle
D188,2023-10-06 17:21:00,Busy
D188,2023-10-06 18:34:00,Idle
D188,2023-10-06 19:55:00,Busy
D188,2023-10-06 21:41:00,Idle
D188,2023-10-06 22:09:00,Busy
D188,2023-10-06 23:28:00,Idle
D188,2023-10-07 00:00:00,Offline
D188,2023-10-07 15:00:00,Online
D188,2023-10-07 16:21:00,Idle
D188,2023-10-07 17:13:00,Idle
D188,2023-10-07 17:59:00,Busy
D188,2023-10-07 18:28:00,Busy
D188,2023-10-07 18:43:00,Offline
D189,2023-10-06 00:00:00,Online
D189,2023-10-06 01:20:00,Busy
D189,2023-10-06 02:54:00,Busy
D189,2023-10-06 03:59:00,Idle
D189,2023-10-06 05:38:00,Idle
D189,2023-10-06 06:21:00,Busy
D189,2023-10-06 07:08:00,Idle
D189,2023-10-06 07:28:00,Busy
D189,2023-10-06 08:23:00,Offline
D189,2023-10-07 00:23:00,Online
D189,2023-10-07 00:51:00,Idle
D189,2023-10-07 02:37:00,Idle
D189,2023-10-07 03:10:00,Busy
D189,2023-10-07 05:06:00,Busy
D189,2023-10-07 05:25:00,Offline
D189,2023-10-08 01:25:00,Online
D189,2023-10-08 03:10:00,Idle
D189,2023-10-08 04:44:00,Idle
D189,2023-10-08 06:29:00,Idle
D189,2023-10-08 07:23:00,Idle
D189,2023-10-08 08:28:00,Idle
D189,2023-10-08 10:13:00,Idle
D189,2023-10-08 10:29:00,Idle
D189,2023-10-08 11:52:00,Idle
D189,2023-10-08 12:38:00,Offline
D189,2023-10-09 06:38:00,Online
D189,2023-10-09 08:10:00,Idle
D189,2023-10-09 09:28:00,Busy
D189,2023-10-09 11:19:00,Idle
D189,2023-10-09 12:21:00,Busy
D189,2023-10-09 13:10:00,Idle
D189,2023-10-09 14:54:00,Busy
D189,2023-10-09 15:38:00,Idle
D189,2023-10-09 16:11:00,Offline
D189,2023-10-10 05:11:00,Online
D189,2023-10-10 06:39:00,Busy
D189,2023-10-10 07:31:00,Busy
D189,2023-10-10 09:29:00,Idle
D189,2023-10-10 10:45:00,Idle
D189,2023-10-10 11:53:00,Busy
D189,2023-10-10 12:53:00,Idle
D189,2023-10-10 13:10:00,Offline
D189,2023-10-11 06:10:00,Online
D189,2023-10-11 07:59:00,Idle
D189,2023-10-11 09:22:00,Idle
D189,2023-10-11 09:58:00,Busy
D189,2023-10-11 10:30:00,Idle
D189,2023-10-11 12:17:00,Busy
D189,2023-10-11 13:26:00,Busy
D189,2023-10-11 13:51:00,Idle
D189,2023-10-11 15:01:00,Idle
D189,2023-10-11 15:54:00,Offline
D189,2023-10-12 15:54:00,Online
D189,2023-10-12 16:41:00,Busy
D189,2023-10-12 17:04:00,Busy
D189,2023-10-12 17:21:00,Idle
D189,2023-10-12 18:58:00,Busy
D189,2023-10-12 20:57:00,Busy
D189,2023-10-12 22:22:00,Busy
D189,2023-10-12 22:47:00,Idle
D189,2023-10-12 23:18:00,Offline
D189,2023-10-13 23:18:00,Online
D189,2023-10-14 00:28:00,Idle
D189,2023-10-14 00:48:00,Idle
D189,2023-10-14 02:11:00,Idle
D189,2023-10-14 03:25:00,Busy
D189,2023-10-14 04:25:00,Idle
D189,2023-10-14 05:01:00,Busy
D189,2023-10-14 05:41:00,Idle
D189,2023-10-14 06:11:00,Offline
D189,2023-10-14 21:11:00,Online
D189,2023-10-14 22:21:00,Busy
D189,2023-10-15 00:11:00,Idle
D189,2023-10-15 01:19:00,Busy
D189,2023-10-15 02:02:00,Idle
D189,2023-10-15 03:24:00,Idle
D189,2023-10-15 03:39:00,Busy
D189,2023-10-15 05:10:00,Busy
D189,2023-10-15 06:55:00,Busy
D189,2023-10-15 08:51:00,Idle
D189,2023-10-15 09:23:00,Idle
D189,2023-10-15 09:38:00,Offline
D189,2023-10-16 09:38:00,Online
D189,2023-10-16 11:18:00,Busy
D189,2023-10-16 13:18:00,Idle
D189,2023-10-16 15:11:00,Idle
D189,2023-10-16 15:58:00,Busy
D189,2023-10-16 17:46:00,Idle
D189,2023-10-16 18:48:00,Busy
D189,2023-10-16 20:15:00,Busy
D189,2023-10-16 20:57:00,Busy
D189,2023-10-16 21:41:00,Offline
D189,2023-10-17 17:41:00,Online
D189,2023-10-17 19:17:00,Busy
D189,2023-10-17 21:01:00,Busy
D189,2023-10-17 22:43:00,Idle
D189,2023-10-17 23:29:00,Idle
D189,2023-10-18 00:48:00,Busy
D189,2023-10-18 02:17:00,Busy
D189,2023-10-18 02:39:00,Idle
D189,2023-10-18 03:35:00,Offline
D189,2023-10-18 23:35:00,Online
D189,2023-10-19 00:58:00,Busy
D189,2023-10-19 01:59:00,Idle
D189,2023-10-19 03:53:00,Busy
D189,2023-10-19 04:21:00,Busy
D189,2023-10-19 05:59:00,Busy
D189,2023-10-19 06:19:00,Offline
D190,2023-10-04 00:00:00,Online
D190,2023-10-04 01:46:00,Busy
D190,2023-10-04 03:07:00,Busy
D190,2023-10-04 04:13:00,Idle
D190,2023-10-04 06:06:00,Idle
D190,2023-10-04 06:36:00,Busy
D190,2023-10-04 07:37:00,Busy
D190,2023-10-04 09:25:00,Idle
D190,2023-10-04 11:20:00,Busy
D190,2023-10-04 11:56:00,Offline
D190,2023-10-05 09:56:00,Online
D190,2023-10-05 11:06:00,Busy
D190,2023-10-05 12:42:00,Idle
D190,2023-10-05 13:03:00,Idle
D190,2023-10-05 14:17:00,Busy
D190,2023-10-05 15:07:00,Offline
D190,2023-10-06 03:07:00,Online
D190,2023-10-06 04:25:00,Idle
D190,2023-10-06 04:49:00,Idle
D190,2023-10-06 05:15:00,Busy
D190,2023-10-06 06:08:00,Idle
D190,2023-10-06 07:50:00,Busy
D190,2023-10-06 08:30:00,Busy
D190,2023-10-06 10:29:00,Idle
D190,2023-10-06 11:40:00,Busy
D190,2023-10-06 12:27:00,Offline
D190,2023-10-07 03:27:00,Online
D190,2023-10-07 04:53:00,Idle
D190,2023-10-07 06:44:00,Idle
D190,2023-10-07 06:59:00,Idle
D190,2023-10-07 07:29:00,Offline
D190,2023-10-07 22:29:00,Online
D190,2023-10-07 23:32:00,Idle
D190,2023-10-08 00:26:00,Idle
D190,2023-10-08 02:24:00,Busy
D190,2023-10-08 04:11:00,Idle
D190,2023-10-08 05:56:00,Idle
D190,2023-10-08 07:25:00,Idle
D190,2023-10-08 08:11:00,Idle
D190,2023-10-08 09:39:00,Idle
D190,2023-10-08 09:54:00,Offline
D190,2023-10-09 01:54:00,Online
D190,2023-10-09 03:14:00,Busy
D190,2023-10-09 03:41:00,Busy
D190,2023-10-09 04:04:00,Busy
D190,2023-10-09 04:20:00,Busy
D190,2023-10-09 05:53:00,Idle
D190,2023-10-09 07:35:00,Busy
D190,2023-10-09 08:33:00,Busy
D190,2023-10-09 09:15:00,Offline
D190,2023-10-09 21:15:00,Online
D190,2023-10-09 21:57:00,Busy
D190,2023-10-09 23:01:00,Idle
D190,2023-10-10 00:58:00,Idle
D190,2023-10-10 01:21:00,Busy
D190,2023-10-10 03:10:00,Busy
D190,2023-10-10 03:58:00,Busy
D190,2023-10-10 04:09:00,Offline
D191,2023-10-05 00:00:00,Online
D191,2023-10-05 01:00:00,Idle
D191,2023-10-05 02:12:00,Busy
D191,2023-10-05 04:07:00,Busy
D191,2023-10-05 04:50:00,Busy
D191,2023-10-05 05:58:00,Busy
D191,2023-10-05 06:48:00,Offline
D191,2023-10-05 22:48:00,Online
D191,2023-10-06 00:34:00,Idle
D191,2023-10-06 01:30:00,Busy
D191,2023-10-06 01:53:00,Idle
D191,2023-10-06 03:20:00,Busy
D191,2023-10-06 03:36:00,Offline
D191,2023-10-07 00:36:00,Online
D191,2023-10-07 01:47:00,Busy
D191,2023-10-07 02:58:00,Idle
D191,2023-10-07 04:58:00,Idle
D191,2023-10-07 05:15:00,Idle
D191,2023-10-07 05:53:00,Idle
D191,2023-10-07 06:44:00,Busy
D191,2023-10-07 07:59:00,Idle
D191,2023-10-07 08:38:00,Offline
D191,2023-10-08 01:38:00,Online
D191,2023-10-08 02:05:00,Busy
D191,2023-10-08 03:41:00,Idle
D191,2023-10-08 04:51:00,Idle
D191,2023-10-08 06:19:00,Busy
D191,2023-10-08 07:54:00,Busy
D191,2023-10-08 08:41:00,Offline
D191,2023-10-08 22:41:00,Online
D191,2023-10-09 00:14:00,Busy
D191,2023-10-09 01:15:00,Busy
D191,2023-10-09 01:38:00,Idle
D191,2023-10-09 02:53:00,Busy
D191,2023-10-09 04:37:00,Idle
D191,2023-10-09 05:15:00,Idle
D191,2023-10-09 05:52:00,Idle
D191,2023-10-09 06:22:00,Offline
D191,2023-10-09 22:22:00,Online
D191,2023-10-09 23:59:00,Busy
D191,2023-10-10 01:29:00,Idle
D191,2023-10-10 02:16:00,Idle
D191,2023-10-10 03:09:00,Idle
D191,2023-10-10 03:34:00,Busy
D191,2023-10-10 05:23:00,Busy
D191,2023-10-10 06:07:00,Idle
D191,2023-10-10 08:05:00,Busy
D191,2023-10-10 09:57:00,Busy
D191,2023-10-10 10:26:00,Offline
D191,2023-10-11 00:26:00,Online
D191,2023-10-11 02:02:00,Busy
D191,2023-10-11 02:30:00,Busy
D191,2023-10-11 02:58:00,Idle
D191,2023-10-11 03:20:00,Busy
D191,2023-10-11 04:53:00,Idle
D191,2023-10-11 05:33:00,Offline
D191,2023-10-11 20:33:00,Online
D191,2023-10-11 22:17:00,Busy
D191,2023-10-12 00:08:00,Busy
D191,2023-10-12 01:34:00,Idle
D191,2023-10-12 02:28:00,Busy
D191,2023-10-12 03:38:00,Busy
D191,2023-10-12 04:04:00,Idle
D191,2023-10-12 04:43:00,Busy
D191,2023-10-12 05:40:00,Idle
D191,2023-10-12 06:52:00,Idle
D191,2023-10-12 08:47:00,Idle
D191,2023-10-12 09:04:00,Offline
D191,2023-10-12 22:04:00,Online
D191,2023-10-12 23:01:00,Idle
D191,2023-10-12 23:25:00,Idle
D191,2023-10-13 00:40:00,Idle
D191,2023-10-13 01:11:00,Busy
D191,2023-10-13 02:17:00,Idle
D191,2023-10-13 03:14:00,Busy
D191,2023-10-13 04:28:00,Busy
D191,2023-10-13 06:11:00,Busy
D191,2023-10-13 06:41:00,Idle
D191,2023-10-13 07:41:00,Offline
D191,2023-10-14 00:41:00,Online
D191,2023-10-14 01:04:00,Idle
D191,2023-10-14 02:56:00,Idle
D191,2023-10-14 03:29:00,Busy
D191,2023-10-14 04:10:00,Idle
D191,2023-10-14 04:42:00,Idle
D191,2023-10-14 05:32:00,Offline
D191,2023-10-14 23:32:00,Online
D191,2023-10-15 00:14:00,Idle
D191,2023-10-15 01:45:00,Busy
D191,2023-10-15 02:27:00,Idle
D191,2023-10-15 02:45:00,Busy
D191,2023-10-15 03:14:00,Busy
D191,2023-10-15 04:19:00,Busy
D191,2023-10-15 05:11:00,Offline
D191,2023-10-16 03:11:00,Online
D191,2023-10-16 04:20:00,Busy
D191,2023-10-16 05:01:00,Busy
D191,2023-10-16 07:00:00,Idle
D191,2023-10-16 08:54:00,Busy
D191,2023-10-16 09:22:00,Busy
D191,2023-10-16 10:46:00,Idle
D191,2023-10-16 11:05:00,Idle
D191,2023-10-16 11:54:00,Offline
D193,2023-10-02 00:00:00,Online
D193,2023-10-02 01:56:00,Idle
D193,2023-10-02 02:39:00,Busy
D193,2023-10-02 04:33:00,Idle
D193,2023-10-02 05:38:00,Busy
D193,2023-10-02 06:46:00,Busy
D193,2023-10-02 08:33:00,Busy
D193,2023-10-02 10:09:00,Busy
D193,2023-10-02 11:23:00,Busy
D193,2023-10-02 12:09:00,Idle
D193,2023-10-02 13:03:00,Offline
D193,2023-10-03 05:03:00,Online
D193,2023-10-03 06:29:00,Idle
D193,2023-10-03 07:05:00,Idle
D193,2023-10-03 07:37:00,Idle
D193,2023-10-03 08:20:00,Offline
D193,2023-10-04 03:20:00,Online
D193,2023-10-04 05:11:00,Busy
D193,2023-10-04 07:02:00,Idle
D193,2023-10-04 08:07:00,Busy
D193,2023-10-04 09:03:00,Busy
D193,2023-10-04 09:36:00,Offline
D193,2023-10-04 22:36:00,Online
D193,2023-10-04 23:47:00,Idle
D193,2023-10-05 00:43:00,Idle
D193,2023-10-05 01:22:00,Idle
D193,2023-10-05 03:13:00,Idle
D193,2023-10-05 05:05:00,Busy
D193,2023-10-05 05:22:00,Busy
D193,2023-10-05 06:12:00,Idle
D193,2023-10-05 06:53:00,Idle
D193,2023-10-05 07:27:00,Offline
D193,2023-10-05 23:27:00,Online
D193,2023-10-06 00:54:00,Idle
D193,2023-10-06 01:36:00,Idle
D193,2023-10-06 02:31:00,Busy
D193,2023-10-06 03:07:00,Idle
D193,2023-10-06 03:37:00,Offline
D193,2023-10-06 16:37:00,Online
D193,2023-10-06 18:32:00,Busy
D193,2023-10-06 20:32:00,Idle
D193,2023-10-06 20:58:00,Idle
D193,2023-10-06 22:46:00,Idle
D193,2023-10-06 23:32:00,Offline
D194,2023-10-06 00:00:00,Online
D194,2023-10-06 01:50:00,Busy
D194,2023-10-06 02:28:00,Busy
D194,2023-10-06 02:52:00,Busy
D194,2023-10-06 03:49:00,Busy
D194,2023-10-06 05:14:00,Busy
D194,2023-10-06 06:57:00,Busy
D194,2023-10-06 07:34:00,Offline
D194,2023-10-06 19:34:00,Online
D194,2023-10-06 21:19:00,Idle
D194,2023-10-06 23:02:00,Idle
D194,2023-10-06 23:22:00,Busy
D194,2023-10-07 01:13:00,Busy
D194,2023-10-07 01:59:00,Busy
D194,2023-10-07 03:52:00,Busy
D194,2023-10-07 04:57:00,Idle
D194,2023-10-07 05:10:00,Offline
D194,2023-10-07 22:10:00,Online
D194,2023-10-07 22:33:00,Busy
D194,2023-10-07 23:53:00,Idle
D194,2023-10-08 01:32:00,Idle
D194,2023-10-08 02:00:00,Offline
D194,2023-10-08 21:00:00,Online
D194,2023-10-08 22:47:00,Busy
D194,2023-10-09 00:38:00,Busy
D194,2023-10-09 00:57:00,Idle
D194,2023-10-09 02:15:00,Idle
D194,2023-10-09 02:34:00,Busy
D194,2023-10-09 03:54:00,Idle
D194,2023-10-09 04:57:00,Busy
D194,2023-10-09 06:26:00,Idle
D194,2023-10-09 07:38:00,Busy
D194,2023-10-09 07:48:00,Offline
D194,2023-10-10 04:48:00,Online
D194,2023-10-10 05:21:00,Busy
D194,2023-10-10 06:41:00,Busy
D194,2023-10-10 07:00:00,Busy
D194,2023-10-10 07:15:00,Idle
D194,2023-10-10 09:00:00,Idle
D194,2023-10-10 10:38:00,Idle
D194,2023-10-10 11:26:00,Offline
D194,2023-10-11 01:26:00,Online
D194,2023-10-11 03:10:00,Idle
D194,2023-10-11 03:53:00,Idle
D194,2023-10-11 05:13:00,Idle
D194,2023-10-11 06:39:00,Idle
D194,2023-10-11 07:05:00,Idle
D194,2023-10-11 08:25:00,Busy
D194,2023-10-11 09:09:00,Idle
D194,2023-10-11 09:41:00,Offline
D194,2023-10-12 09:41:00,Online
D194,2023-10-12 10:09:00,Busy
D194,2023-10-12 10:54:00,Idle
D194,2023-10-12 11:47:00,Busy
D194,2023-10-12 12:05:00,Idle
D194,2023-10-12 13:46:00,Busy
D194,2023-10-12 15:07:00,Idle
D194,2023-10-12 16:58:00,Idle
D194,2023-10-12 17:43:00,Offline
D194,2023-10-13 05:43:00,Online
D194,2023-10-13 06:30:00,Idle
D194,2023-10-13 08:00:00,Idle
D194,2023-10-13 08:33:00,Busy
D194,2023-10-13 09:17:00,Idle
D194,2023-10-13 09:32:00,Idle
D194,2023-10-13 11:29:00,Busy
D194,2023-10-13 13:09:00,Idle
D194,2023-10-13 13:50:00,Offline
D194,2023-10-14 07:50:00,Online
D194,2023-10-14 08:50:00,Busy
D194,2023-10-14 10:18:00,Idle
D194,2023-10-14 11:36:00,Idle
D194,2023-10-14 12:22:00,Offline
D194,2023-10-15 12:22:00,Online
D194,2023-10-15 13:03:00,Idle
D194,2023-10-15 14:36:00,Idle
D194,2023-10-15 15:10:00,Idle
D194,2023-10-15 16:15:00,Idle
D194,2023-10-15 17:12:00,Busy
D194,2023-10-15 19:11:00,Idle
D194,2023-10-15 19:33:00,Busy
D194,2023-10-15 19:52:00,Busy
D194,2023-10-15 21:46:00,Idle
D194,2023-10-15 23:08:00,Busy
D194,2023-10-15 23:45:00,Offline
D195,2023-10-03 00:00:00,Online
D195,2023-10-03 00:21:00,Idle
D195,2023-10-03 02:00:00,Idle
D195,2023-10-03 03:35:00,Busy
D195,2023-10-03 05:25:00,Idle
D195,2023-10-03 06:39:00,Busy
D195,2023-10-03 06:54:00,Busy
D195,2023-10-03 08:32:00,Idle
D195,2023-10-03 09:54:00,Idle
D195,2023-10-03 10:10:00,Offline
D195,2023-10-03 22:10:00,Online
D195,2023-10-03 23:19:00,Busy
D195,2023-10-03 23:38:00,Idle
D195,2023-10-04 01:06:00,Busy
D195,2023-10-04 01:39:00,Offline
D195,2023-10-04 23:39:00,Online
D195,2023-10-05 01:23:00,Idle
D195,2023-10-05 02:09:00,Busy
D195,2023-10-05 03:49:00,Busy
D195,2023-10-05 04:27:00,Busy
D195,2023-10-05 04:59:00,Idle
D195,2023-10-05 05:53:00,Idle
D195,2023-10-05 06:57:00,Busy
D195,2023-10-05 08:52:00,Busy
D195,2023-10-05 09:45:00,Offline
D195,2023-10-05 22:45:00,Online
D195,2023-10-06 00:05:00,Idle
D195,2023-10-06 00:40:00,Busy
D195,2023-10-06 01:02:00,Idle
D195,2023-10-06 01:20:00,Busy
D195,2023-10-06 03:05:00,Busy
D195,2023-10-06 04:47:00,Busy
D195,2023-10-06 06:03:00,Idle
D195,2023-10-06 07:06:00,Idle
D195,2023-10-06 07:47:00,Busy
D195,2023-10-06 08:02:00,Offline
D195,2023-10-07 01:02:00,Online
D195,2023-10-07 01:54:00,Idle
D195,2023-10-07 03:44:00,Idle
D195,2023-10-07 04:47:00,Busy
D195,2023-10-07 05:58:00,Busy
D195,2023-10-07 07:24:00,Idle
D195,2023-10-07 09:11:00,Busy
D195,2023-10-07 09:34:00,Idle
D195,2023-10-07 10:29:00,Busy
D195,2023-10-07 11:54:00,Idle
D195,2023-10-07 12:44:00,Offline
D195,2023-10-08 11:44:00,Online
D195,2023-10-08 12:54:00,Idle
D195,2023-10-08 13:46:00,Busy
D195,2023-10-08 15:30:00,Idle
D195,2023-10-08 17:08:00,Busy
D195,2023-10-08 19:01:00,Busy
D195,2023-10-08 20:29:00,Idle
D195,2023-10-08 21:03:00,Idle
D195,2023-10-08 22:41:00,Idle
D195,2023-10-08 23:12:00,Busy
D195,2023-10-08 23:30:00,Busy
D195,2023-10-08 23:40:00,Offline
D195,2023-10-09 19:40:00,Online
D195,2023-10-09 20:59:00,Busy
D195,2023-10-09 22:34:00,Busy
D195,2023-10-10 00:18:00,Idle
D195,2023-10-10 01:40:00,Idle
D195,2023-10-10 03:33:00,Idle
D195,2023-10-10 03:59:00,Busy
D195,2023-10-10 05:04:00,Busy
D195,2023-10-10 05:44:00,Busy
D195,2023-10-10 06:43:00,Busy
D195,2023-10-10 08:42:00,Busy
D195,2023-10-10 09:13:00,Offline
D196,2023-10-03 00:00:00,Online
D196,2023-10-03 01:40:00,Idle
D196,2023-10-03 03:21:00,Idle
D196,2023-10-03 04:14:00,Idle
D196,2023-10-03 04:34:00,Offline
D196,2023-10-03 21:34:00,Online
D196,2023-10-03 23:13:00,Idle
D196,2023-10-04 00:43:00,Idle
D196,2023-10-04 02:15:00,Idle
D196,2023-10-04 03:06:00,Offline
D196,2023-10-05 00:06:00,Online
D196,2023-10-05 00:33:00,Busy
D196,2023-10-05 01:16:00,Idle
D196,2023-10-05 01:33:00,Idle
D196,2023-10-05 02:00:00,Idle
D196,2023-10-05 03:46:00,Busy
D196,2023-10-05 04:50:00,Idle
D196,2023-10-05 05:53:00,Busy
D196,2023-10-05 06:57:00,Idle
D196,2023-10-05 07:34:00,Busy
D196,2023-10-05 08:08:00,Offline
D196,2023-10-06 03:08:00,Online
D196,2023-10-06 05:00:00,Busy
D196,2023-10-06 05:52:00,Busy
D196,2023-10-06 07:35:00,Busy
D196,2023-10-06 08:34:00,Busy
D196,2023-10-06 09:29:00,Busy
D196,2023-10-06 10:23:00,Offline
D196,2023-10-07 05:23:00,Online
D196,2023-10-07 06:18:00,Busy
D196,2023-10-07 08:14:00,Idle
D196,2023-10-07 09:01:00,Busy
D196,2023-10-07 10:22:00,Busy
D196,2023-10-07 11:51:00,Idle
D196,2023-10-07 13:11:00,Busy
D196,2023-10-07 15:02:00,Busy
D196,2023-10-07 15:50:00,Offline
D196,2023-10-08 11:50:00,Online
D196,2023-10-08 13:33:00,Busy
D196,2023-10-08 14:15:00,Busy
D196,2023-10-08 14:30:00,Idle
D196,2023-10-08 15:57:00,Busy
D196,2023-10-08 16:23:00,Idle
D196,2023-10-08 18:07:00,Idle
D196,2023-10-08 19:53:00,Busy
D196,2023-10-08 21:10:00,Busy
D196,2023-10-08 21:30:00,Offline
D196,2023-10-09 11:30:00,Online
D196,2023-10-09 12:44:00,Busy
D196,2023-10-09 14:12:00,Idle
D196,2023-10-09 14:46:00,Busy
D196,2023-10-09 16:30:00,Busy
D196,2023-10-09 17:57:00,Idle
D196,2023-10-09 19:41:00,Idle
D196,2023-10-09 20:27:00,Offline
D196,2023-10-10 17:27:00,Online
D196,2023-10-10 18:20:00,Idle
D196,2023-10-10 19:15:00,Idle
D196,2023-10-10 19:55:00,Busy
D196,2023-10-10 20:28:00,Busy
D196,2023-10-10 22:20:00,Idle
D196,2023-10-10 23:07:00,Idle
D196,2023-10-10 23:58:00,Offline
D197,2023-10-02 00:00:00,Online
D197,2023-10-02 01:07:00,Idle
D197,2023-10-02 01:42:00,Idle
D197,2023-10-02 02:34:00,Idle
D197,2023-10-02 02:59:00,Offline
D197,2023-10-02 14:59:00,Online
D197,2023-10-02 15:39:00,Idle
D197,2023-10-02 17:09:00,Busy
D197,2023-10-02 17:51:00,Busy
D197,2023-10-02 18:09:00,Offline
D197,2023-10-03 17:09:00,Online
D197,2023-10-03 19:04:00,Busy
D197,2023-10-03 20:18:00,Busy
D197,2023-10-03 20:59:00,Busy
D197,2023-10-03 22:18:00,Busy
D197,2023-10-03 22:44:00,Offline
D197,2023-10-04 12:44:00,Online
D197,2023-10-04 13:37:00,Busy
D197,2023-10-04 14:08:00,Busy
D197,2023-10-04 15:43:00,Busy
D197,2023-10-04 16:15:00,Idle
D197,2023-10-04 17:09:00,Offline
D197,2023-10-05 12:09:00,Online
D197,2023-10-05 13:11:00,Busy
D197,2023-10-05 13:51:00,Idle
D197,2023-10-05 15:29:00,Busy
D197,2023-10-05 15:59:00,Busy
D197,2023-10-05 17:17:00,Idle
D197,2023-10-05 18:40:00,Busy
D197,2023-10-05 19:05:00,Busy
D197,2023-10-05 20:56:00,Idle
D197,2023-10-05 21:55:00,Busy
D197,2023-10-05 22:39:00,Offline
D198,2023-10-02 00:00:00,Online
D198,2023-10-02 00:25:00,Idle
D198,2023-10-02 01:08:00,Busy
D198,2023-10-02 01:42:00,Idle
D198,2023-10-02 02:59:00,Busy
D198,2023-10-02 04:26:00,Busy
D198,2023-10-02 05:26:00,Idle
D198,2023-10-02 05:50:00,Busy
D198,2023-10-02 06:13:00,Offline
D198,2023-10-03 01:13:00,Online
D198,2023-10-03 03:05:00,Busy
D198,2023-10-03 04:48:00,Busy
D198,2023-10-03 05:08:00,Busy
D198,2023-10-03 05:35:00,Idle
D198,2023-10-03 06:14:00,Busy
D198,2023-10-03 07:04:00,Idle
D198,2023-10-03 08:39:00,Idle
D198,2023-10-03 09:16:00,Offline
D198,2023-10-04 03:16:00,Online
D198,2023-10-04 04:22:00,Busy
D198,2023-10-04 04:49:00,Idle
D198,2023-10-04 05:41:00,Busy
D198,2023-10-04 06:03:00,Busy
D198,2023-10-04 07:44:00,Idle
D198,2023-10-04 09:24:00,Idle
D198,2023-10-04 09:49:00,Busy
D198,2023-10-04 10:16:00,Offline
D198,2023-10-05 02:16:00,Online
D198,2023-10-05 03:53:00,Idle
D198,2023-10-05 04:48:00,Busy
D198,2023-10-05 06:11:00,Busy
D198,2023-10-05 07:44:00,Idle
D198,2023-10-05 09:25:00,Idle
D198,2023-10-05 09:35:00,Offline
D198,2023-10-06 06:35:00,Online
D198,2023-10-06 08:09:00,Busy
D198,2023-10-06 09:46:00,Busy
D198,2023-10-06 10:27:00,Busy
D198,2023-10-06 12:08:00,Idle
D198,2023-10-06 12:52:00,Offline
D198,2023-10-07 04:52:00,Online
D198,2023-10-07 06:29:00,Busy
D198,2023-10-07 08:06:00,Idle
D198,2023-10-07 09:19:00,Idle
D198,2023-10-07 09:37:00,Busy
D198,2023-10-07 10:29:00,Busy
D198,2023-10-07 11:11:00,Offline
D198,2023-10-08 04:11:00,Online
D198,2023-10-08 05:12:00,Busy
D198,2023-10-08 06:40:00,Idle
D198,2023-10-08 06:55:00,Idle
D198,2023-10-08 07:52:00,Idle
D198,2023-10-08 08:28:00,Busy
D198,2023-10-08 09:10:00,Idle
D198,2023-10-08 09:41:00,Offline
D198,2023-10-09 00:41:00,Online
D198,2023-10-09 01:06:00,Busy
D198,2023-10-09 01:40:00,Idle
D198,2023-10-09 02:15:00,Idle
D198,2023-10-09 03:59:00,Idle
D198,2023-10-09 05:38:00,Idle
D198,2023-10-09 06:02:00,Idle
D198,2023-10-09 06:33:00,Offline
D198,2023-10-10 00:33:00,Online
D198,2023-10-10 00:51:00,Idle
D198,2023-10-10 01:56:00,Busy
D198,2023-10-10 03:11:00,Busy
D198,2023-10-10 04:15:00,Idle
D198,2023-10-10 04:50:00,Idle
D198,2023-10-10 05:37:00,Busy
D198,2023-10-10 07:35:00,Busy
D198,2023-10-10 08:42:00,Idle
D198,2023-10-10 10:05:00,Busy
D198,2023-10-10 10:34:00,Offline
D198,2023-10-10 23:34:00,Online
D198,2023-10-11 01:11:00,Idle
D198,2023-10-11 01:47:00,Busy
D198,2023-10-11 02:51:00,Busy
D198,2023-10-11 03:33:00,Busy
D198,2023-10-11 04:22:00,Idle
D198,2023-10-11 05:20:00,Offline
D199,2023-10-05 00:00:00,Online
D199,2023-10-05 01:47:00,Busy
D199,2023-10-05 02:21:00,Busy
D199,2023-10-05 03:51:00,Idle
D199,2023-10-05 04:30:00,Busy
D199,2023-10-05 05:15:00,Offline
D199,2023-10-06 02:15:00,Online
D199,2023-10-06 02:48:00,Busy
D199,2023-10-06 04:29:00,Busy
D199,2023-10-06 05:22:00,Busy
D199,2023-10-06 06:50:00,Busy
D199,2023-10-06 07:16:00,Idle
D199,2023-10-06 07:43:00,Offline
D199,2023-10-07 03:43:00,Online
D199,2023-10-07 04:22:00,Idle
D199,2023-10-07 06:10:00,Busy
D199,2023-10-07 06:25:00,Busy
D199,2023-10-07 07:15:00,Offline
D199,2023-10-07 22:15:00,Online
D199,2023-10-07 22:56:00,Busy
D199,2023-10-07 23:21:00,Idle
D199,2023-10-07 23:37:00,Idle
D199,2023-10-08 01:28:00,Busy
D199,2023-10-08 03:01:00,Idle
D199,2023-10-08 03:15:00,Offline
D199,2023-10-09 01:15:00,Online
D199,2023-10-09 02:32:00,Busy
D199,2023-10-09 02:59:00,Idle
D199,2023-10-09 04:58:00,Idle
D199,2023-10-09 06:31:00,Busy
D199,2023-10-09 07:42:00,Idle
D199,2023-10-09 09:37:00,Idle
D199,2023-10-09 10:21:00,Busy
D199,2023-10-09 11:13:00,Idle
D199,2023-10-09 11:30:00,Offline
D199,2023-10-10 10:30:00,Online
D199,2023-10-10 12:24:00,Idle
D199,2023-10-10 14:19:00,Busy
D199,2023-10-10 15:22:00,Busy
D199,2023-10-10 15:54:00,Idle
D199,2023-10-10 17:11:00,Idle
D199,2023-10-10 17:42:00,Busy
D199,2023-10-10 18:09:00,Offline
D202,2023-10-03 00:00:00,Online
D202,2023-10-03 00:38:00,Idle
D202,2023-10-03 02:24:00,Idle
D202,2023-10-03 04:10:00,Idle
D202,2023-10-03 04:40:00,Idle
D202,2023-10-03 05:34:00,Idle
D202,2023-10-03 06:44:00,Busy
D202,2023-10-03 08:07:00,Busy
D202,2023-10-03 08:29:00,Busy
D202,2023-10-03 09:20:00,Busy
D202,2023-10-03 10:12:00,Offline
D202,2023-10-03 22:12:00,Online
D202,2023-10-03 23:57:00,Idle
D202,2023-10-04 01:02:00,Busy
D202,2023-10-04 01:22:00,Busy
D202,2023-10-04 02:41:00,Busy
D202,2023-10-04 03:40:00,Busy
D202,2023-10-04 05:03:00,Busy
D202,2023-10-04 06:23:00,Busy
D202,2023-10-04 07:08:00,Offline
D202,2023-10-04 22:08:00,Online
D202,2023-10-04 23:49:00,Busy
D202,2023-10-05 00:45:00,Idle
D202,2023-10-05 01:51:00,Busy
D202,2023-10-05 03:31:00,Busy
D202,2023-10-05 04:24:00,Busy
D202,2023-10-05 06:11:00,Idle
D202,2023-10-05 07:46:00,Idle
D202,2023-10-05 08:17:00,Idle
D202,2023-10-05 09:35:00,Busy
D202,2023-10-05 10:28:00,Offline
D202,2023-10-05 22:28:00,Online
D202,2023-10-05 22:47:00,Idle
D202,2023-10-05 23:09:00,Busy
D202,2023-10-06 00:47:00,Busy
D202,2023-10-06 02:14:00,Idle
D202,2023-10-06 03:39:00,Idle
D202,2023-10-06 04:40:00,Idle
D202,2023-10-06 05:05:00,Idle
D202,2023-10-06 06:45:00,Busy
D202,2023-10-06 06:59:00,Offline
D202,2023-10-07 06:59:00,Online
D202,2023-10-07 07:21:00,Busy
D202,2023-10-07 07:40:00,Busy
D202,2023-10-07 08:15:00,Idle
D202,2023-10-07 10:08:00,Busy
D202,2023-10-07 11:05:00,Busy
D202,2023-10-07 11:34:00,Idle
D202,2023-10-07 12:31:00,Busy
D202,2023-10-07 12:55:00,Offline
D202,2023-10-08 10:55:00,Online
D202,2023-10-08 12:41:00,Idle
D202,2023-10-08 13:43:00,Busy
D202,2023-10-08 14:15:00,Idle
D202,2023-10-08 15:42:00,Busy
D202,2023-10-08 17:05:00,Idle
D202,2023-10-08 18:11:00,Idle
D202,2023-10-08 18:29:00,Offline
D202,2023-10-09 08:29:00,Online
D202,2023-10-09 09:22:00,Idle
D202,2023-10-09 10:53:00,Busy
D202,2023-10-09 12:27:00,Idle
D202,2023-10-09 13:44:00,Idle
D202,2023-10-09 14:45:00,Busy
D202,2023-10-09 15:08:00,Idle
D202,2023-10-09 16:01:00,Offline
D202,2023-10-10 14:01:00,Online
D202,2023-10-10 14:23:00,Busy
D202,2023-10-10 14:54:00,Busy
D202,2023-10-10 16:24:00,Idle
D202,2023-10-10 18:14:00,Idle
D202,2023-10-10 19:01:00,Offline
D202,2023-10-11 12:01:00,Online
D202,2023-10-11 13:38:00,Idle
D202,2023-10-11 14:58:00,Busy
D202,2023-10-11 15:43:00,Busy
D202,2023-10-11 17:22:00,Busy
D202,2023-10-11 18:49:00,Busy
D202,2023-10-11 19:15:00,Offline
D202,2023-10-12 15:15:00,Online
D202,2023-10-12 17:07:00,Idle
D202,2023-10-12 18:51:00,Idle
D202,2023-10-12 19:19:00,Busy
D202,2023-10-12 19:37:00,Busy
D202,2023-10-12 20:02:00,Idle
D202,2023-10-12 20:31:00,Offline
D202,2023-10-13 11:31:00,Online
D202,2023-10-13 13:11:00,Idle
D202,2023-10-13 15:07:00,Idle
D202,2023-10-13 16:59:00,Idle
D202,2023-10-13 17:32:00,Offline
D202,2023-10-14 09:32:00,Online
D202,2023-10-14 10:33:00,Busy
D202,2023-10-14 12:00:00,Busy
D202,2023-10-14 13:24:00,Busy
D202,2023-10-14 14:46:00,Busy
D202,2023-10-14 15:52:00,Busy
D202,2023-10-14 17:42:00,Idle
D202,2023-10-14 18:08:00,Idle
D202,2023-10-14 19:48:00,Idle
D202,2023-10-14 20:04:00,Idle
D202,2023-10-14 20:14:00,Offline
D202,2023-10-15 11:14:00,Online
D202,2023-10-15 12:25:00,Busy
D202,2023-10-15 12:52:00,Idle
D202,2023-10-15 13:54:00,Busy
D202,2023-10-15 15:20:00,Idle
D202,2023-10-15 16:05:00,Idle
D202,2023-10-15 16:42:00,Offline
D202,2023-10-16 07:42:00,Online
D202,2023-10-16 08:07:00,Busy
D202,2023-10-16 09:23:00,Idle
D202,2023-10-16 11:08:00,Idle
D202,2023-10-16 12:55:00,Idle
D202,2023-10-16 13:10:00,Offline
D203,2023-10-02 00:00:00,Online
D203,2023-10-02 00:37:00,Busy
D203,2023-10-02 02:36:00,Idle
D203,2023-10-02 03:43:00,Busy
D203,2023-10-02 04:19:00,Offline
D203,2023-10-02 21:19:00,Online
D203,2023-10-02 22:06:00,Busy
D203,2023-10-02 22:38:00,Idle
D203,2023-10-02 23:20:00,Idle
D203,2023-10-03 00:18:00,Offline
D203,2023-10-03 13:18:00,Online
D203,2023-10-03 15:03:00,Busy
D203,2023-10-03 15:57:00,Busy
D203,2023-10-03 16:43:00,Idle
D203,2023-10-03 17:29:00,Busy
D203,2023-10-03 17:45:00,Offline
D203,2023-10-04 12:45:00,Online
D203,2023-10-04 14:33:00,Idle
D203,2023-10-04 15:36:00,Busy
D203,2023-10-04 16:35:00,Busy
D203,2023-10-04 17:21:00,Busy
D203,2023-10-04 18:00:00,Busy
D203,2023-10-04 19:47:00,Idle
D203,2023-10-04 21:01:00,Idle
D203,2023-10-04 22:31:00,Busy
D203,2023-10-04 22:43:00,Offline
D203,2023-10-05 21:43:00,Online
D203,2023-10-05 22:10:00,Busy
D203,2023-10-05 23:59:00,Busy
D203,2023-10-06 01:24:00,Idle
D203,2023-10-06 03:00:00,Idle
D203,2023-10-06 04:27:00,Busy
D203,2023-10-06 05:49:00,Idle
D203,2023-10-06 06:27:00,Busy
D203,2023-10-06 07:04:00,Busy
D203,2023-10-06 08:29:00,Idle
D203,2023-10-06 09:19:00,Offline
D203,2023-10-07 01:19:00,Online
D203,2023-10-07 01:35:00,Busy
D203,2023-10-07 02:52:00,Busy
D203,2023-10-07 03:39:00,Idle
D203,2023-10-07 05:33:00,Idle
D203,2023-10-07 06:32:00,Idle
D203,2023-10-07 08:19:00,Busy
D203,2023-10-07 09:16:00,Busy
D203,2023-10-07 10:24:00,Busy
D203,2023-10-07 11:08:00,Busy
D203,2023-10-07 11:28:00,Idle
D203,2023-10-07 11:43:00,Offline
D204,2023-10-01 00:00:00,Online
D204,2023-10-01 00:25:00,Busy
D204,2023-10-01 01:23:00,Busy
D204,2023-10-01 01:49:00,Busy
D204,2023-10-01 03:36:00,Busy
D204,2023-10-01 05:12:00,Idle
D204,2023-10-01 07:08:00,Idle
D204,2023-10-01 07:38:00,Offline
D204,2023-10-01 23:38:00,Online
D204,2023-10-02 00:53:00,Busy
D204,2023-10-02 02:15:00,Idle
D204,2023-10-02 03:42:00,Busy
D204,2023-10-02 04:43:00,Idle
D204,2023-10-02 05:41:00,Offline
D204,2023-10-02 19:41:00,Online
D204,2023-10-02 21:41:00,Idle
D204,2023-10-02 22:55:00,Busy
D204,2023-10-03 00:44:00,Idle
D204,2023-10-03 02:16:00,Busy
D204,2023-10-03 03:05:00,Offline
D204,2023-10-04 03:05:00,Online
D204,2023-10-04 04:49:00,Idle
D204,2023-10-04 06:39:00,Busy
D204,2023-10-04 07:28:00,Idle
D204,2023-10-04 07:57:00,Offline
D204,2023-10-05 06:57:00,Online
D204,2023-10-05 08:17:00,Idle
D204,2023-10-05 10:14:00,Busy
D204,2023-10-05 11:42:00,Idle
D204,2023-10-05 12:47:00,Busy
D204,2023-10-05 14:42:00,Busy
D204,2023-10-05 15:24:00,Idle
D204,2023-10-05 15:35:00,Offline
D204,2023-10-06 03:35:00,Online
D204,2023-10-06 05:35:00,Idle
D204,2023-10-06 06:25:00,Busy
D204,2023-10-06 07:47:00,Idle
D204,2023-10-06 08:59:00,Busy
D204,2023-10-06 09:29:00,Offline
D204,2023-10-06 21:29:00,Online
D204,2023-10-06 22:13:00,Idle
D204,2023-10-06 22:47:00,Idle
D204,2023-10-06 23:32:00,Idle
D204,2023-10-07 00:38:00,Busy
D204,2023-10-07 01:22:00,Idle
D204,2023-10-07 03:08:00,Idle
D204,2023-10-07 04:05:00,Idle
D204,2023-10-07 04:47:00,Busy
D204,2023-10-07 04:57:00,Offline
D205,2023-10-03 00:00:00,Online
D205,2023-10-03 00:50:00,Idle
D205,2023-10-03 02:14:00,Busy
D205,2023-10-03 03:13:00,Idle
D205,2023-10-03 04:10:00,Busy
D205,2023-10-03 04:34:00,Idle
D205,2023-10-03 06:27:00,Busy
D205,2023-10-03 07:26:00,Busy
D205,2023-10-03 09:00:00,Busy
D205,2023-10-03 09:59:00,Offline
D205,2023-10-04 09:59:00,Online
D205,2023-10-04 11:52:00,Busy
D205,2023-10-04 13:48:00,Busy
D205,2023-10-04 14:29:00,Busy
D205,2023-10-04 15:00:00,Idle
D205,2023-10-04 16:32:00,Idle
D205,2023-10-04 17:12:00,Busy
D205,2023-10-04 18:03:00,Offline
D205,2023-10-05 06:03:00,Online
D205,2023-10-05 07:06:00,Busy
D205,2023-10-05 08:07:00,Idle
D205,2023-10-05 09:04:00,Idle
D205,2023-10-05 11:03:00,Idle
D205,2023-10-05 12:18:00,Busy
D205,2023-10-05 14:17:00,Busy
D205,2023-10-05 15:09:00,Busy
D205,2023-10-05 16:50:00,Idle
D205,2023-10-05 17:36:00,Busy
D205,2023-10-05 17:57:00,Offline
D205,2023-10-06 15:57:00,Online
D205,2023-10-06 16:43:00,Busy
D205,2023-10-06 17:39:00,Idle
D205,2023-10-06 18:08:00,Idle
D205,2023-10-06 19:27:00,Busy
D205,2023-10-06 20:48:00,Busy
D205,2023-10-06 21:34:00,Offline
D205,2023-10-07 19:34:00,Online
D205,2023-10-07 21:24:00,Busy
D205,2023-10-07 23:02:00,Idle
D205,2023-10-07 23:19:00,Busy
D205,2023-10-08 00:13:00,Offline
D205,2023-10-08 22:13:00,Online
D205,2023-10-08 23:23:00,Idle
D205,2023-10-09 01:23:00,Idle
D205,2023-10-09 02:05:00,Busy
D205,2023-10-09 03:00:00,Idle
D205,2023-10-09 03:18:00,Idle
D205,2023-10-09 04:47:00,Busy
D205,2023-10-09 06:30:00,Busy
D205,2023-10-09 08:14:00,Idle
D205,2023-10-09 08:43:00,Offline
D205,2023-10-10 05:43:00,Online
D205,2023-10-10 06:40:00,Idle
D205,2023-10-10 07:07:00,Busy
D205,2023-10-10 08:17:00,Idle
D205,2023-10-10 08:58:00,Idle
D205,2023-10-10 10:28:00,Busy
D205,2023-10-10 12:12:00,Busy
D205,2023-10-10 12:53:00,Busy
D205,2023-10-10 13:39:00,Offline
D205,2023-10-11 10:39:00,Online
D205,2023-10-11 12:16:00,Idle
D205,2023-10-11 12:58:00,Idle
D205,2023-10-11 13:23:00,Idle
D205,2023-10-11 14:06:00,Offline
D205,2023-10-12 12:06:00,Online
D205,2023-10-12 13:28:00,Busy
D205,2023-10-12 14:55:00,Busy
D205,2023-10-12 16:54:00,Busy
D205,2023-10-12 17:23:00,Offline
D205,2023-10-13 05:23:00,Online
D205,2023-10-13 06:59:00,Busy
D205,2023-10-13 07:56:00,Idle
D205,2023-10-13 08:50:00,Idle
D205,2023-10-13 09:49:00,Idle
D205,2023-10-13 10:31:00,Busy
D205,2023-10-13 11:21:00,Offline
D205,2023-10-14 09:21:00,Online
D205,2023-10-14 10:32:00,Idle
D205,2023-10-14 12:32:00,Idle
D205,2023-10-14 14:05:00,Idle
D205,2023-10-14 15:08:00,Idle
D205,2023-10-14 17:05:00,Idle
D205,2023-10-14 18:02:00,Busy
D205,2023-10-14 18:43:00,Offline
D205,2023-10-15 09:43:00,Online
D205,2023-10-15 10:20:00,Busy
D205,2023-10-15 11:58:00,Busy
D205,2023-10-15 13:42:00,Busy
D205,2023-10-15 15:16:00,Busy
D205,2023-10-15 16:43:00,Busy
D205,2023-10-15 18:14:00,Busy
D205,2023-10-15 18:32:00,Idle
D205,2023-10-15 19:36:00,Idle
D205,2023-10-15 20:33:00,Idle
D205,2023-10-15 21:03:00,Offline
D205,2023-10-16 10:03:00,Online
D205,2023-10-16 11:48:00,Busy
D205,2023-10-16 13:07:00,Busy
D205,2023-10-16 14:23:00,Busy
D205,2023-10-16 15:51:00,Busy
D205,2023-10-16 16:41:00,Idle
D205,2023-10-16 18:24:00,Busy
D205,2023-10-16 19:39:00,Idle
D205,2023-10-16 21:22:00,Idle
D205,2023-10-16 22:53:00,Idle
D205,2023-10-16 23:39:00,Idle
D205,2023-10-16 23:50:00,Offline
D207,2023-10-06 00:00:00,Online
D207,2023-10-06 01:09:00,Idle
D207,2023-10-06 02:16:00,Idle
D207,2023-10-06 03:00:00,Idle
D207,2023-10-06 04:49:00,Busy
D207,2023-10-06 06:27:00,Idle
D207,2023-10-06 08:12:00,Idle
D207,2023-10-06 09:24:00,Idle
D207,2023-10-06 10:24:00,Busy
D207,2023-10-06 11:11:00,Offline
D207,2023-10-07 06:11:00,Online
D207,2023-10-07 07:04:00,Busy
D207,2023-10-07 08:50:00,Busy
D207,2023-10-07 10:27:00,Idle
D207,2023-10-07 12:08:00,Idle
D207,2023-10-07 12:35:00,Offline
D207,2023-10-08 11:35:00,Online
D207,2023-10-08 12:39:00,Busy
D207,2023-10-08 14:36:00,Idle
D207,2023-10-08 15:38:00,Busy
D207,2023-10-08 16:48:00,Idle
D207,2023-10-08 17:39:00,Busy
D207,2023-10-08 17:54:00,Idle
D207,2023-10-08 18:51:00,Offline
D207,2023-10-09 11:51:00,Online
D207,2023-10-09 12:39:00,Idle
D207,2023-10-09 13:49:00,Busy
D207,2023-10-09 15:32:00,Busy
D207,2023-10-09 15:52:00,Offline
D207,2023-10-10 03:52:00,Online
D207,2023-10-10 04:12:00,Idle
D207,2023-10-10 05:20:00,Idle
D207,2023-10-10 06:26:00,Busy
D207,2023-10-10 07:25:00,Idle
D207,2023-10-10 08:59:00,Busy
D207,2023-10-10 09:25:00,Offline
D208,2023-10-02 00:00:00,Online
D208,2023-10-02 00:48:00,Idle
D208,2023-10-02 01:52:00,Busy
D208,2023-10-02 03:29:00,Busy
D208,2023-10-02 04:11:00,Idle
D208,2023-10-02 04:46:00,Idle
D208,2023-10-02 06:15:00,Busy
D208,2023-10-02 07:15:00,Busy
D208,2023-10-02 09:02:00,Busy
D208,2023-10-02 10:41:00,Idle
D208,2023-10-02 11:32:00,Offline
D208,2023-10-03 08:32:00,Online
D208,2023-10-03 09:11:00,Idle
D208,2023-10-03 10:07:00,Busy
D208,2023-10-03 11:46:00,Busy
D208,2023-10-03 13:28:00,Busy
D208,2023-10-03 14:19:00,Idle
D208,2023-10-03 14:49:00,Idle
D208,2023-10-03 16:10:00,Idle
D208,2023-10-03 16:46:00,Offline
D208,2023-10-04 12:46:00,Online
D208,2023-10-04 14:21:00,Busy
D208,2023-10-04 14:58:00,Busy
D208,2023-10-04 16:13:00,Idle
D208,2023-10-04 16:39:00,Idle
D208,2023-10-04 17:14:00,Offline
D208,2023-10-05 10:14:00,Online
D208,2023-10-05 11:05:00,Busy
D208,2023-10-05 11:27:00,Idle
D208,2023-10-05 13:15:00,Idle
D208,2023-10-05 14:29:00,Idle
D208,2023-10-05 15:27:00,Offline
D208,2023-10-06 07:27:00,Online
D208,2023-10-06 08:46:00,Idle
D208,2023-10-06 10:01:00,Idle
D208,2023-10-06 11:49:00,Idle
D208,2023-10-06 12:11:00,Idle
D208,2023-10-06 14:04:00,Busy
D208,2023-10-06 14:55:00,Busy
D208,2023-10-06 16:36:00,Busy
D208,2023-10-06 17:33:00,Idle
D208,2023-10-06 17:53:00,Offline
D208,2023-10-07 06:53:00,Online
D208,2023-10-07 08:13:00,Busy
D208,2023-10-07 10:06:00,Idle
D208,2023-10-07 10:32:00,Idle
D208,2023-10-07 11:15:00,Offline
D208,2023-10-08 05:15:00,Online
D208,2023-10-08 07:09:00,Busy
D208,2023-10-08 08:43:00,Idle
D208,2023-10-08 10:20:00,Busy
D208,2023-10-08 12:14:00,Idle
D208,2023-10-08 13:19:00,Idle
D208,2023-10-08 14:10:00,Busy
D208,2023-10-08 15:04:00,Busy
D208,2023-10-08 16:48:00,Busy
D208,2023-10-08 17:46:00,Offline
D208,2023-10-09 07:46:00,Online
D208,2023-10-09 09:30:00,Busy
D208,2023-10-09 11:30:00,Idle
D208,2023-10-09 11:45:00,Busy
D208,2023-10-09 12:35:00,Idle
D208,2023-10-09 14:15:00,Busy
D208,2023-10-09 15:38:00,Idle
D208,2023-10-09 15:59:00,Offline
D208,2023-10-10 08:59:00,Online
D208,2023-10-10 10:05:00,Idle
D208,2023-10-10 11:18:00,Idle
D208,2023-10-10 13:13:00,Busy
D208,2023-10-10 14:24:00,Idle
D208,2023-10-10 16:11:00,Busy
D208,2023-10-10 16:46:00,Busy
D208,2023-10-10 18:06:00,Busy
D208,2023-10-10 18:49:00,Busy
D208,2023-10-10 19:45:00,Offline
D208,2023-10-11 18:45:00,Online
D208,2023-10-11 19:20:00,Idle
D208,2023-10-11 20:07:00,Idle
D208,2023-10-11 21:12:00,Idle
D208,2023-10-11 21:34:00,Idle
D208,2023-10-11 22:00:00,Busy
D208,2023-10-11 23:39:00,Idle
D208,2023-10-12 00:38:00,Idle
D208,2023-10-12 01:42:00,Idle
D208,2023-10-12 02:38:00,Idle
D208,2023-10-12 03:29:00,Idle
D208,2023-10-12 04:04:00,Offline
D208,2023-10-12 16:04:00,Online
D208,2023-10-12 16:46:00,Busy
D208,2023-10-12 18:16:00,Busy
D208,2023-10-12 19:31:00,Busy
D208,2023-10-12 20:18:00,Offline
D208,2023-10-13 14:18:00,Online
D208,2023-10-13 14:55:00,Busy
D208,2023-10-13 16:15:00,Busy
D208,2023-10-13 17:39:00,Busy
D208,2023-10-13 18:18:00,Busy
D208,2023-10-13 19:29:00,Idle
D208,2023-10-13 20:27:00,Idle
D208,2023-10-13 21:13:00,Idle
D208,2023-10-13 22:01:00,Offline
D209,2023-10-04 00:00:00,Online
D209,2023-10-04 01:24:00,Busy
D209,2023-10-04 02:34:00,Busy
D209,2023-10-04 04:32:00,Busy
D209,2023-10-04 05:32:00,Busy
D209,2023-10-04 06:28:00,Idle
D209,2023-10-04 07:13:00,Busy
D209,2023-10-04 08:28:00,Idle
D209,2023-10-04 09:12:00,Busy
D209,2023-10-04 10:32:00,Busy
D209,2023-10-04 10:47:00,Offline
D209,2023-10-05 06:47:00,Online
D209,2023-10-05 07:38:00,Busy
D209,2023-10-05 08:02:00,Busy
D209,2023-10-05 10:00:00,Busy
D209,2023-10-05 10:41:00,Offline
D209,2023-10-05 22:41:00,Online
D209,2023-10-06 00:26:00,Idle
D209,2023-10-06 01:53:00,Idle
D209,2023-10-06 02:21:00,Idle
D209,2023-10-06 04:13:00,Idle
D209,2023-10-06 05:31:00,Busy
D209,2023-10-06 06:22:00,Idle
D209,2023-10-06 07:35:00,Busy
D209,2023-10-06 08:24:00,Offline
D209,2023-10-07 04:24:00,Online
D209,2023-10-07 06:11:00,Busy
D209,2023-10-07 07:58:00,Idle
D209,2023-10-07 08:43:00,Idle
D209,2023-10-07 09:25:00,Busy
D209,2023-10-07 10:27:00,Busy
D209,2023-10-07 11:42:00,Busy
D209,2023-10-07 12:41:00,Offline
D209,2023-10-08 03:41:00,Online
D209,2023-10-08 04:19:00,Busy
D209,2023-10-08 05:33:00,Idle
D209,2023-10-08 06:29:00,Idle
D209,2023-10-08 07:41:00,Busy
D209,2023-10-08 09:08:00,Busy
D209,2023-10-08 09:49:00,Idle
D209,2023-10-08 10:02:00,Offline
D209,2023-10-08 23:02:00,Online
D209,2023-10-09 00:28:00,Idle
D209,2023-10-09 02:11:00,Busy
D209,2023-10-09 02:43:00,Busy
D209,2023-10-09 03:30:00,Offline
D209,2023-10-10 00:30:00,Online
D209,2023-10-10 01:21:00,Idle
D209,2023-10-10 03:09:00,Idle
D209,2023-10-10 04:01:00,Busy
D209,2023-10-10 04:39:00,Idle
D209,2023-10-10 05:25:00,Offline
D209,2023-10-10 22:25:00,Online
D209,2023-10-10 22:57:00,Busy
D209,2023-10-11 00:27:00,Busy
D209,2023-10-11 01:28:00,Idle
D209,2023-10-11 03:16:00,Busy
D209,2023-10-11 04:53:00,Idle
D209,2023-10-11 06:30:00,Idle
D209,2023-10-11 07:08:00,Busy
D209,2023-10-11 07:53:00,Busy
D209,2023-10-11 08:38:00,Offline
D209,2023-10-12 01:38:00,Online
D209,2023-10-12 02:20:00,Idle
D209,2023-10-12 02:36:00,Busy
D209,2023-10-12 04:03:00,Busy
D209,2023-10-12 04:30:00,Busy
D209,2023-10-12 05:51:00,Busy
D209,2023-10-12 06:27:00,Offline
D209,2023-10-12 19:27:00,Online
D209,2023-10-12 20:09:00,Idle
D209,2023-10-12 21:14:00,Busy
D209,2023-10-12 22:13:00,Idle
D209,2023-10-12 23:09:00,Idle
D209,2023-10-12 23:47:00,Idle
D209,2023-10-13 00:02:00,Idle
D209,2023-10-13 01:10:00,Idle
D209,2023-10-13 02:21:00,Idle
D209,2023-10-13 03:56:00,Busy
D209,2023-10-13 04:28:00,Busy
D209,2023-10-13 05:21:00,Offline
D210,2023-10-03 00:00:00,Online
D210,2023-10-03 01:14:00,Idle
D210,2023-10-03 02:36:00,Idle
D210,2023-10-03 04:09:00,Busy
D210,2023-10-03 04:54:00,Busy
D210,2023-10-03 06:06:00,Busy
D210,2023-10-03 06:52:00,Busy
D210,2023-10-03 07:37:00,Offline
D210,2023-10-03 20:37:00,Online
D210,2023-10-03 21:22:00,Idle
D210,2023-10-03 22:08:00,Busy
D210,2023-10-03 23:46:00,Idle
D210,2023-10-04 01:07:00,Busy
D210,2023-10-04 01:28:00,Offline
D210,2023-10-04 21:28:00,Online
D210,2023-10-04 22:49:00,Idle
D210,2023-10-04 23:17:00,Busy
D210,2023-10-04 23:57:00,Idle
D210,2023-10-05 00:55:00,Idle
D210,2023-10-05 02:37:00,Idle
D210,2023-10-05 02:54:00,Offline
D210,2023-10-06 01:54:00,Online
D210,2023-10-06 03:27:00,Idle
D210,2023-10-06 05:00:00,Busy
D210,2023-10-06 06:59:00,Busy
D210,2023-10-06 08:18:00,Busy
D210,2023-10-06 09:24:00,Idle
D210,2023-10-06 10:37:00,Busy
D210,2023-10-06 12:25:00,Idle
D210,2023-10-06 12:55:00,Offline
D210,2023-10-07 06:55:00,Online
D210,2023-10-07 08:01:00,Idle
D210,2023-10-07 08:23:00,Busy
D210,2023-10-07 09:41:00,Idle
D210,2023-10-07 10:23:00,Idle
D210,2023-10-07 10:53:00,Idle
D210,2023-10-07 12:49:00,Idle
D210,2023-10-07 13:24:00,Offline
D210,2023-10-08 05:24:00,Online
D210,2023-10-08 06:08:00,Busy
D210,2023-10-08 07:18:00,Idle
D210,2023-10-08 08:40:00,Idle
D210,2023-10-08 08:58:00,Busy
D210,2023-10-08 10:43:00,Busy
D210,2023-10-08 11:39:00,Offline
D210,2023-10-09 03:39:00,Online
D210,2023-10-09 04:30:00,Idle
D210,2023-10-09 05:45:00,Idle
D210,2023-10-09 07:24:00,Idle
D210,2023-10-09 08:20:00,Busy
D210,2023-10-09 08:41:00,Busy
D210,2023-10-09 10:22:00,Idle
D210,2023-10-09 11:29:00,Idle
D210,2023-10-09 12:28:00,Offline
D210,2023-10-10 01:28:00,Online
D210,2023-10-10 03:15:00,Busy
D210,2023-10-10 04:15:00,Idle
D210,2023-10-10 05:18:00,Idle
D210,2023-10-10 05:37:00,Idle
D210,2023-10-10 06:10:00,Busy
D210,2023-10-10 07:08:00,Offline
D210,2023-10-11 05:08:00,Online
D210,2023-10-11 06:14:00,Busy
D210,2023-10-11 06:32:00,Idle
D210,2023-10-11 08:10:00,Idle
D210,2023-10-11 09:13:00,Idle
D210,2023-10-11 09:40:00,Idle
D210,2023-10-11 10:15:00,Idle
D210,2023-10-11 11:36:00,Busy
D210,2023-10-11 12:04:00,Busy
D210,2023-10-11 12:57:00,Offline
D210,2023-10-12 11:57:00,Online
D210,2023-10-12 12:17:00,Busy
D210,2023-10-12 14:14:00,Idle
D210,2023-10-12 15:48:00,Idle
D210,2023-10-12 17:23:00,Busy
D210,2023-10-12 18:36:00,Busy
D210,2023-10-12 20:12:00,Idle
D210,2023-10-12 20:32:00,Idle
D210,2023-10-12 20:56:00,Offline
D210,2023-10-13 19:56:00,Online
D210,2023-10-13 20:39:00,Busy
D210,2023-10-13 22:16:00,Idle
D210,2023-10-13 23:48:00,Idle
D210,2023-10-14 00:27:00,Idle
D210,2023-10-14 02:09:00,Idle
D210,2023-10-14 03:01:00,Busy
D210,2023-10-14 03:26:00,Idle
D210,2023-10-14 04:23:00,Offline
D212,2023-10-02 00:00:00,Online
D212,2023-10-02 00:27:00,Busy
D212,2023-10-02 02:09:00,Busy
D212,2023-10-02 04:05:00,Busy
D212,2023-10-02 05:45:00,Idle
D212,2023-10-02 06:11:00,Offline
D212,2023-10-03 03:11:00,Online
D212,2023-10-03 03:43:00,Idle
D212,2023-10-03 04:32:00,Idle
D212,2023-10-03 04:56:00,Idle
D212,2023-10-03 06:10:00,Busy
D212,2023-10-03 08:05:00,Idle
D212,2023-10-03 08:21:00,Busy
D212,2023-10-03 08:59:00,Busy
D212,2023-10-03 09:38:00,Idle
D212,2023-10-03 11:30:00,Busy
D212,2023-10-03 13:13:00,Idle
D212,2023-10-03 14:01:00,Offline
D212,2023-10-04 09:01:00,Online
D212,2023-10-04 09:48:00,Busy
D212,2023-10-04 10:38:00,Idle
D212,2023-10-04 12:13:00,Busy
D212,2023-10-04 13:13:00,Busy
D212,2023-10-04 14:47:00,Busy
D212,2023-10-04 15:49:00,Busy
D212,2023-10-04 16:52:00,Idle
D212,2023-10-04 17:19:00,Offline
D212,2023-10-05 12:19:00,Online
D212,2023-10-05 12:56:00,Busy
D212,2023-10-05 14:35:00,Busy
D212,2023-10-05 15:07:00,Busy
D212,2023-10-05 15:31:00,Idle
D212,2023-10-05 16:50:00,Idle
D212,2023-10-05 17:33:00,Busy
D212,2023-10-05 18:48:00,Busy
D212,2023-10-05 20:18:00,Idle
D212,2023-10-05 22:13:00,Idle
D212,2023-10-05 23:04:00,Busy
D212,2023-10-05 23:59:00,Offline
D212,2023-10-06 17:59:00,Online
D212,2023-10-06 19:57:00,Idle
D212,2023-10-06 21:40:00,Busy
D212,2023-10-06 22:06:00,Idle
D212,2023-10-06 23:02:00,Idle
D212,2023-10-07 01:00:00,Idle
D212,2023-10-07 02:22:00,Idle
D212,2023-10-07 04:10:00,Idle
D212,2023-10-07 04:59:00,Offline
D213,2023-10-06 00:00:00,Online
D213,2023-10-06 01:24:00,Busy
D213,2023-10-06 02:41:00,Busy
D213,2023-10-06 03:42:00,Busy
D213,2023-10-06 04:50:00,Busy
D213,2023-10-06 05:55:00,Idle
D213,2023-10-06 06:34:00,Offline
D213,2023-10-06 21:34:00,Online
D213,2023-10-06 21:54:00,Idle
D213,2023-10-06 22:18:00,Idle
D213,2023-10-07 00:01:00,Idle
D213,2023-10-07 00:52:00,Busy
D213,2023-10-07 01:05:00,Offline
D213,2023-10-08 01:05:00,Online
D213,2023-10-08 02:50:00,Busy
D213,2023-10-08 04:06:00,Busy
D213,2023-10-08 04:25:00,Busy
D213,2023-10-08 05:34:00,Busy
D213,2023-10-08 07:17:00,Idle
D213,2023-10-08 08:04:00,Offline
D213,2023-10-08 21:04:00,Online
D213,2023-10-08 22:00:00,Idle
D213,2023-10-08 23:21:00,Busy
D213,2023-10-09 00:17:00,Idle
D213,2023-10-09 01:14:00,Offline
D213,2023-10-10 00:14:00,Online
D213,2023-10-10 00:37:00,Busy
D213,2023-10-10 02:36:00,Busy
D213,2023-10-10 03:04:00,Idle
D213,2023-10-10 04:03:00,Idle
D213,2023-10-10 05:01:00,Idle
D213,2023-10-10 05:45:00,Offline
D213,2023-10-10 21:45:00,Online
D213,2023-10-10 22:40:00,Busy
D213,2023-10-11 00:19:00,Busy
D213,2023-10-11 01:16:00,Idle
D213,2023-10-11 01:38:00,Idle
D213,2023-10-11 03:07:00,Idle
D213,2023-10-11 04:03:00,Idle
D213,2023-10-11 04:58:00,Idle
D213,2023-10-11 06:43:00,Busy
D213,2023-10-11 08:27:00,Busy
D213,2023-10-11 09:03:00,Offline
D213,2023-10-12 03:03:00,Online
D213,2023-10-12 04:44:00,Idle
D213,2023-10-12 06:43:00,Idle
D213,2023-10-12 07:24:00,Busy
D213,2023-10-12 08:53:00,Idle
D213,2023-10-12 09:42:00,Idle
D213,2023-10-12 10:31:00,Offline
D213,2023-10-13 10:31:00,Online
D213,2023-10-13 11:17:00,Idle
D213,2023-10-13 12:32:00,Busy
D213,2023-10-13 12:59:00,Busy
D213,2023-10-13 13:56:00,Idle
D213,2023-10-13 14:50:00,Busy
D213,2023-10-13 15:37:00,Busy
D213,2023-10-13 16:13:00,Idle
D213,2023-10-13 17:22:00,Busy
D213,2023-10-13 18:16:00,Idle
D213,2023-10-13 19:09:00,Offline
D213,2023-10-14 11:09:00,Online
D213,2023-10-14 11:28:00,Idle
D213,2023-10-14 11:48:00,Busy
D213,2023-10-14 12:12:00,Idle
D213,2023-10-14 14:01:00,Busy
D213,2023-10-14 15:20:00,Idle
D213,2023-10-14 15:59:00,Idle
D213,2023-10-14 16:50:00,Busy
D213,2023-10-14 17:40:00,Busy
D213,2023-10-14 18:07:00,Offline
D213,2023-10-15 09:07:00,Online
D213,2023-10-15 10:18:00,Idle
D213,2023-10-15 11:31:00,Idle
D213,2023-10-15 13:19:00,Idle
D213,2023-10-15 14:04:00,Busy
D213,2023-10-15 14:57:00,Busy
D213,2023-10-15 15:27:00,Busy
D213,2023-10-15 16:53:00,Idle
D213,2023-10-15 17:21:00,Busy
D213,2023-10-15 18:54:00,Idle
D213,2023-10-15 19:31:00,Offline
D214,2023-10-03 00:00:00,Online
D214,2023-10-03 00:44:00,Idle
D214,2023-10-03 01:06:00,Busy
D214,2023-10-03 02:21:00,Idle
D214,2023-10-03 02:49:00,Offline
D214,2023-10-03 15:49:00,Online
D214,2023-10-03 17:15:00,Idle
D214,2023-10-03 18:21:00,Idle
D214,2023-10-03 18:42:00,Busy
D214,2023-10-03 19:11:00,Busy
D214,2023-10-03 21:03:00,Idle
D214,2023-10-03 23:02:00,Idle
D214,2023-10-04 00:17:00,Idle
D214,2023-10-04 00:54:00,Offline
D214,2023-10-04 17:54:00,Online
D214,2023-10-04 18:27:00,Idle
D214,2023-10-04 19:56:00,Busy
D214,2023-10-04 20:45:00,Idle
D214,2023-10-04 21:07:00,Offline
D214,2023-10-05 17:07:00,Online
D214,2023-10-05 18:11:00,Busy
D214,2023-10-05 18:41:00,Busy
D214,2023-10-05 20:28:00,Idle
D214,2023-10-05 22:22:00,Busy
D214,2023-10-06 00:22:00,Busy
D214,2023-10-06 01:47:00,Busy
D214,2023-10-06 02:26:00,Idle
D214,2023-10-06 04:26:00,Busy
D214,2023-10-06 05:26:00,Offline
D214,2023-10-06 17:26:00,Online
D214,2023-10-06 18:45:00,Idle
D214,2023-10-06 20:30:00,Busy
D214,2023-10-06 20:54:00,Idle
D214,2023-10-06 22:31:00,Busy
D214,2023-10-06 23:02:00,Idle
D214,2023-10-06 23:34:00,Offline
D214,2023-10-07 23:34:00,Online
D214,2023-10-08 00:58:00,Idle
D214,2023-10-08 02:02:00,Idle
D214,2023-10-08 03:49:00,Busy
D214,2023-10-08 05:06:00,Idle
D214,2023-10-08 06:05:00,Busy
D214,2023-10-08 07:04:00,Busy
D214,2023-10-08 07:55:00,Offline
D214,2023-10-09 03:55:00,Online
D214,2023-10-09 05:06:00,Idle
D214,2023-10-09 06:27:00,Idle
D214,2023-10-09 06:56:00,Idle
D214,2023-10-09 08:54:00,Busy
D214,2023-10-09 09:09:00,Idle
D214,2023-10-09 10:14:00,Busy
D214,2023-10-09 10:58:00,Idle
D214,2023-10-09 11:23:00,Idle
D214,2023-10-09 12:21:00,Offline
D214,2023-10-10 03:21:00,Online
D214,2023-10-10 03:57:00,Idle
D214,2023-10-10 05:17:00,Idle
D214,2023-10-10 07:00:00,Idle
D214,2023-10-10 08:57:00,Idle
D214,2023-10-10 09:53:00,Offline
D214,2023-10-11 04:53:00,Online
D214,2023-10-11 06:52:00,Busy
D214,2023-10-11 08:12:00,Idle
D214,2023-10-11 08:37:00,Busy
D214,2023-10-11 08:58:00,Offline
D214,2023-10-12 06:58:00,Online
D214,2023-10-12 08:09:00,Idle
D214,2023-10-12 08:46:00,Busy
D214,2023-10-12 10:40:00,Busy
D214,2023-10-12 10:57:00,Busy
D214,2023-10-12 11:56:00,Idle
D214,2023-10-12 13:29:00,Idle
D214,2023-10-12 15:07:00,Busy
D214,2023-10-12 16:20:00,Idle
D214,2023-10-12 17:38:00,Idle
D214,2023-10-12 18:13:00,Offline
D214,2023-10-13 08:13:00,Online
D214,2023-10-13 09:04:00,Busy
D214,2023-10-13 10:44:00,Busy
D214,2023-10-13 11:57:00,Busy
D214,2023-10-13 12:52:00,Busy
D214,2023-10-13 14:08:00,Busy
D214,2023-10-13 14:59:00,Idle
D214,2023-10-13 15:38:00,Busy
D214,2023-10-13 15:58:00,Idle
D214,2023-10-13 16:54:00,Offline
D214,2023-10-14 12:54:00,Online
D214,2023-10-14 13:41:00,Busy
D214,2023-10-14 14:19:00,Idle
D214,2023-10-14 15:09:00,Busy
D214,2023-10-14 16:02:00,Idle
D214,2023-10-14 17:18:00,Idle
D214,2023-10-14 18:48:00,Busy
D214,2023-10-14 20:41:00,Busy
D214,2023-10-14 21:11:00,Offline
D214,2023-10-15 14:11:00,Online
D214,2023-10-15 15:35:00,Busy
D214,2023-10-15 16:45:00,Busy
D214,2023-10-15 18:27:00,Busy
D214,2023-10-15 19:54:00,Idle
D214,2023-10-15 20:20:00,Offline
D214,2023-10-16 19:20:00,Online
D214,2023-10-16 20:15:00,Idle
D214,2023-10-16 22:10:00,Busy
D214,2023-10-16 23:48:00,Busy
D214,2023-10-17 00:04:00,Idle
D214,2023-10-17 01:17:00,Idle
D214,2023-10-17 01:36:00,Busy
D214,2023-10-17 03:14:00,Busy
D214,2023-10-17 03:42:00,Busy
D214,2023-10-17 04:05:00,Idle
D214,2023-10-17 04:48:00,Offline
D214,2023-10-17 18:48:00,Online
D214,2023-10-17 20:12:00,Busy
D214,2023-10-17 20:33:00,Idle
D214,2023-10-17 21:19:00,Busy
D214,2023-10-17 22:08:00,Idle
D214,2023-10-17 22:54:00,Busy
D214,2023-10-17 23:14:00,Offline
D215,2023-10-06 00:00:00,Online
D215,2023-10-06 01:33:00,Idle
D215,2023-10-06 02:19:00,Idle
D215,2023-10-06 03:35:00,Busy
D215,2023-10-06 05:34:00,Idle
D215,2023-10-06 06:10:00,Busy
D215,2023-10-06 07:45:00,Busy
D215,2023-10-06 07:58:00,Offline
D215,2023-10-07 06:58:00,Online
D215,2023-10-07 08:40:00,Busy
D215,2023-10-07 10:14:00,Busy
D215,2023-10-07 12:12:00,Idle
D215,2023-10-07 14:07:00,Busy
D215,2023-10-07 14:57:00,Busy
D215,2023-10-07 15:27:00,Busy
D215,2023-10-07 15:57:00,Idle
D215,2023-10-07 16:54:00,Busy
D215,2023-10-07 18:47:00,Busy
D215,2023-10-07 19:28:00,Offline
D215,2023-10-08 11:28:00,Online
D215,2023-10-08 13:04:00,Busy
D215,2023-10-08 14:45:00,Idle
D215,2023-10-08 16:18:00,Idle
D215,2023-10-08 18:17:00,Busy
D215,2023-10-08 19:10:00,Offline
D215,2023-10-09 19:10:00,Online
D215,2023-10-09 20:02:00,Idle
D215,2023-10-09 21:17:00,Idle
D215,2023-10-09 22:44:00,Busy
D215,2023-10-10 00:28:00,Idle
D215,2023-10-10 02:28:00,Idle
D215,2023-10-10 02:56:00,Offline
D215,2023-10-10 16:56:00,Online
D215,2023-10-10 17:36:00,Busy
D215,2023-10-10 18:24:00,Idle
D215,2023-10-10 20:03:00,Busy
D215,2023-10-10 20:37:00,Idle
D215,2023-10-10 21:32:00,Idle
D215,2023-10-10 23:02:00,Idle
D215,2023-10-11 00:43:00,Idle
D215,2023-10-11 02:28:00,Idle
D215,2023-10-11 02:53:00,Idle
D215,2023-10-11 03:34:00,Idle
D215,2023-10-11 04:24:00,Offline
D215,2023-10-11 21:24:00,Online
D215,2023-10-11 22:00:00,Idle
D215,2023-10-11 23:22:00,Idle
D215,2023-10-12 01:05:00,Idle
D215,2023-10-12 02:56:00,Idle
D215,2023-10-12 04:16:00,Idle
D215,2023-10-12 04:46:00,Busy
D215,2023-10-12 05:26:00,Offline
D215,2023-10-12 17:26:00,Online
D215,2023-10-12 18:41:00,Busy
D215,2023-10-12 20:26:00,Idle
D215,2023-10-12 20:43:00,Busy
D215,2023-10-12 21:52:00,Idle
D215,2023-10-12 23:05:00,Busy
D215,2023-10-13 00:33:00,Busy
D215,2023-10-13 01:06:00,Idle
D215,2023-10-13 01:43:00,Busy
D215,2023-10-13 02:22:00,Offline
D215,2023-10-14 02:22:00,Online
D215,2023-10-14 03:48:00,Idle
D215,2023-10-14 04:16:00,Busy
D215,2023-10-14 06:02:00,Busy
D215,2023-10-14 07:49:00,Busy
D215,2023-10-14 08:18:00,Idle
D215,2023-10-14 09:09:00,Busy
D215,2023-10-14 09:40:00,Offline
D215,2023-10-15 07:40:00,Online
D215,2023-10-15 08:10:00,Idle
D215,2023-10-15 08:27:00,Idle
D215,2023-10-15 10:14:00,Idle
D215,2023-10-15 11:51:00,Busy
D215,2023-10-15 12:23:00,Idle
D215,2023-10-15 14:11:00,Idle
D215,2023-10-15 14:59:00,Offline
D215,2023-10-16 02:59:00,Online
D215,2023-10-16 04:14:00,Idle
D215,2023-10-16 05:24:00,Idle
D215,2023-10-16 06:30:00,Busy
D215,2023-10-16 06:41:00,Offline
D215,2023-10-17 01:41:00,Online
D215,2023-10-17 03:00:00,Idle
D215,2023-10-17 03:43:00,Idle
D215,2023-10-17 04:03:00,Idle
D215,2023-10-17 05:14:00,Busy
D215,2023-10-17 05:47:00,Offline
D216,2023-10-04 00:00:00,Online
D216,2023-10-04 00:22:00,Busy
D216,2023-10-04 01:00:00,Idle
D216,2023-10-04 01:55:00,Busy
D216,2023-10-04 02:22:00,Idle
D216,2023-10-04 03:01:00,Idle
D216,2023-10-04 03:27:00,Idle
D216,2023-10-04 03:48:00,Busy
D216,2023-10-04 04:33:00,Busy
D216,2023-10-04 04:49:00,Idle
D216,2023-10-04 05:29:00,Offline
D216,2023-10-04 18:29:00,Online
D216,2023-10-04 19:20:00,Busy
D216,2023-10-04 19:54:00,Idle
D216,2023-10-04 20:52:00,Idle
D216,2023-10-04 22:36:00,Busy
D216,2023-10-05 00:22:00,Idle
D216,2023-10-05 01:16:00,Idle
D216,2023-10-05 02:52:00,Idle
D216,2023-10-05 03:35:00,Offline
D216,2023-10-05 21:35:00,Online
D216,2023-10-05 22:21:00,Idle
D216,2023-10-06 00:08:00,Idle
D216,2023-10-06 02:02:00,Idle
D216,2023-10-06 02:32:00,Idle
D216,2023-10-06 04:25:00,Idle
D216,2023-10-06 05:59:00,Idle
D216,2023-10-06 07:14:00,Idle
D216,2023-10-06 08:00:00,Offline
D216,2023-10-07 08:00:00,Online
D216,2023-10-07 09:03:00,Idle
D216,2023-10-07 10:48:00,Idle
D216,2023-10-07 12:40:00,Idle
D216,2023-10-07 14:35:00,Busy
D216,2023-10-07 15:28:00,Idle
D216,2023-10-07 16:16:00,Busy
D216,2023-10-07 16:48:00,Offline
D216,2023-10-08 10:48:00,Online
D216,2023-10-08 12:38:00,Idle
D216,2023-10-08 13:08:00,Busy
D216,2023-10-08 14:22:00,Idle
D216,2023-10-08 16:04:00,Idle
D216,2023-10-08 16:35:00,Offline
D216,2023-10-09 15:35:00,Online
D216,2023-10-09 16:28:00,Idle
D216,2023-10-09 16:52:00,Idle
D216,2023-10-09 18:48:00,Busy
D216,2023-10-09 20:37:00,Busy
D216,2023-10-09 21:03:00,Busy
D216,2023-10-09 21:18:00,Offline
D216,2023-10-10 10:18:00,Online
D216,2023-10-10 11:06:00,Busy
D216,2023-10-10 11:50:00,Busy
D216,2023-10-10 12:56:00,Busy
D216,2023-10-10 14:35:00,Busy
D216,2023-10-10 15:31:00,Idle
D216,2023-10-10 15:47:00,Busy
D216,2023-10-10 16:30:00,Busy
D216,2023-10-10 18:14:00,Busy
D216,2023-10-10 18:41:00,Idle
D216,2023-10-10 19:26:00,Offline
D216,2023-10-11 12:26:00,Online
D216,2023-10-11 14:25:00,Idle
D216,2023-10-11 15:15:00,Busy
D216,2023-10-11 15:37:00,Busy
D216,2023-10-11 16:43:00,Idle
D216,2023-10-11 17:22:00,Idle
D216,2023-10-11 18:48:00,Idle
D216,2023-10-11 19:52:00,Busy
D216,2023-10-11 20:22:00,Busy
D216,2023-10-11 22:07:00,Idle
D216,2023-10-11 22:22:00,Offline
D217,2023-10-03 00:00:00,Online
D217,2023-10-03 00:31:00,Idle
D217,2023-10-03 02:10:00,Busy
D217,2023-10-03 03:13:00,Idle
D217,2023-10-03 05:09:00,Idle
D217,2023-10-03 05:51:00,Idle
D217,2023-10-03 06:27:00,Offline
D217,2023-10-04 04:27:00,Online
D217,2023-10-04 05:41:00,Idle
D217,2023-10-04 06:11:00,Idle
D217,2023-10-04 07:32:00,Busy
D217,2023-10-04 09:06:00,Busy
D217,2023-10-04 11:00:00,Busy
D217,2023-10-04 12:44:00,Idle
D217,2023-10-04 13:39:00,Busy
D217,2023-10-04 13:52:00,Offline
D217,2023-10-05 05:52:00,Online
D217,2023-10-05 07:41:00,Busy
D217,2023-10-05 08:58:00,Idle
D217,2023-10-05 09:23:00,Idle
D217,2023-10-05 10:12:00,Idle
D217,2023-10-05 11:39:00,Idle
D217,2023-10-05 12:33:00,Busy
D217,2023-10-05 13:26:00,Idle
D217,2023-10-05 14:14:00,Offline
D217,2023-10-06 11:14:00,Online
D217,2023-10-06 12:18:00,Busy
D217,2023-10-06 14:00:00,Idle
D217,2023-10-06 14:37:00,Idle
D217,2023-10-06 16:02:00,Idle
D217,2023-10-06 17:22:00,Busy
D217,2023-10-06 18:50:00,Idle
D217,2023-10-06 19:20:00,Idle
D217,2023-10-06 20:12:00,Idle
D217,2023-10-06 21:09:00,Offline
D217,2023-10-07 21:09:00,Online
D217,2023-10-07 22:15:00,Busy
D217,2023-10-07 23:41:00,Busy
D217,2023-10-08 00:39:00,Idle
D217,2023-10-08 02:06:00,Idle
D217,2023-10-08 03:14:00,Busy
D217,2023-10-08 04:40:00,Busy
D217,2023-10-08 06:17:00,Busy
D217,2023-10-08 07:10:00,Idle
D217,2023-10-08 08:08:00,Offline
D217,2023-10-09 01:08:00,Online
D217,2023-10-09 01:55:00,Idle
D217,2023-10-09 03:34:00,Busy
D217,2023-10-09 05:04:00,Idle
D217,2023-10-09 06:13:00,Busy
D217,2023-10-09 06:54:00,Idle
D217,2023-10-09 08:31:00,Busy
D217,2023-10-09 09:13:00,Busy
D217,2023-10-09 09:30:00,Busy
D217,2023-10-09 11:20:00,Busy
D217,2023-10-09 11:55:00,Offline
D217,2023-10-10 09:55:00,Online
D217,2023-10-10 11:40:00,Idle
D217,2023-10-10 12:00:00,Idle
D217,2023-10-10 12:23:00,Busy
D217,2023-10-10 12:56:00,Offline
D218,2023-10-01 00:00:00,Online
D218,2023-10-01 01:26:00,Idle
D218,2023-10-01 01:49:00,Idle
D218,2023-10-01 02:52:00,Busy
D218,2023-10-01 04:06:00,Idle
D218,2023-10-01 05:32:00,Busy
D218,2023-10-01 06:04:00,Offline
D218,2023-10-01 21:04:00,Online
D218,2023-10-01 22:16:00,Idle
D218,2023-10-01 23:24:00,Busy
D218,2023-10-01 23:39:00,Busy
D218,2023-10-01 23:54:00,Offline
D218,2023-10-02 16:54:00,Online
D218,2023-10-02 17:41:00,Idle
D218,2023-10-02 18:08:00,Idle
D218,2023-10-02 18:41:00,Idle
D218,2023-10-02 19:36:00,Idle
D218,2023-10-02 19:53:00,Offline
D218,2023-10-03 12:53:00,Online
D218,2023-10-03 14:40:00,Busy
D218,2023-10-03 16:17:00,Busy
D218,2023-10-03 18:03:00,Idle
D218,2023-10-03 18:46:00,Busy
D218,2023-10-03 20:08:00,Idle
D218,2023-10-03 21:00:00,Idle
D218,2023-10-03 21:18:00,Idle
D218,2023-10-03 21:50:00,Busy
D218,2023-10-03 23:01:00,Busy
D218,2023-10-04 00:39:00,Busy
D218,2023-10-04 00:51:00,Offline
D218,2023-10-04 18:51:00,Online
D218,2023-10-04 19:35:00,Busy
D218,2023-10-04 21:33:00,Idle
D218,2023-10-04 23:31:00,Idle
D218,2023-10-05 00:51:00,Idle
D218,2023-10-05 01:07:00,Busy
D218,2023-10-05 02:45:00,Busy
D218,2023-10-05 03:39:00,Idle
D218,2023-10-05 05:08:00,Idle
D218,2023-10-05 06:34:00,Busy
D218,2023-10-05 07:39:00,Idle
D218,2023-10-05 08:29:00,Offline
D218,2023-10-06 03:29:00,Online
D218,2023-10-06 04:58:00,Idle
D218,2023-10-06 06:33:00,Idle
D218,2023-10-06 07:30:00,Busy
D218,2023-10-06 08:33:00,Idle
D218,2023-10-06 09:31:00,Busy
D218,2023-10-06 09:57:00,Idle
D218,2023-10-06 11:13:00,Busy
D218,2023-10-06 12:33:00,Idle
D218,2023-10-06 13:46:00,Busy
D218,2023-10-06 13:56:00,Offline
D218,2023-10-07 12:56:00,Online
D218,2023-10-07 14:00:00,Idle
D218,2023-10-07 15:07:00,Idle
D218,2023-10-07 16:16:00,Idle
D218,2023-10-07 17:19:00,Busy
D218,2023-10-07 18:09:00,Idle
D218,2023-10-07 19:36:00,Busy
D218,2023-10-07 20:22:00,Busy
D218,2023-10-07 21:19:00,Idle
D218,2023-10-07 21:53:00,Offline
D218,2023-10-08 15:53:00,Online
D218,2023-10-08 16:46:00,Busy
D218,2023-10-08 17:57:00,Busy
D218,2023-10-08 19:27:00,Busy
D218,2023-10-08 20:25:00,Busy
D218,2023-10-08 21:05:00,Busy
D218,2023-10-08 21:16:00,Offline
D218,2023-10-09 09:16:00,Online
D218,2023-10-09 10:45:00,Busy
D218,2023-10-09 11:33:00,Idle
D218,2023-10-09 12:33:00,Busy
D218,2023-10-09 14:13:00,Busy
D218,2023-10-09 15:57:00,Idle
D218,2023-10-09 16:39:00,Idle
D218,2023-10-09 18:29:00,Busy
D218,2023-10-09 19:13:00,Busy
D218,2023-10-09 19:40:00,Busy
D218,2023-10-09 21:13:00,Idle
D218,2023-10-09 21:33:00,Offline
D218,2023-10-10 13:33:00,Online
D218,2023-10-10 14:43:00,Busy
D218,2023-10-10 16:05:00,Busy
D218,2023-10-10 17:59:00,Busy
D218,2023-10-10 18:47:00,Busy
D218,2023-10-10 19:07:00,Idle
D218,2023-10-10 21:07:00,Busy
D218,2023-10-10 21:40:00,Busy
D218,2023-10-10 22:28:00,Offline
D218,2023-10-11 15:28:00,Online
D218,2023-10-11 16:19:00,Busy
D218,2023-10-11 18:04:00,Idle
D218,2023-10-11 19:35:00,Busy
D218,2023-10-11 21:06:00,Idle
D218,2023-10-11 21:42:00,Busy
D218,2023-10-11 23:11:00,Busy
D218,2023-10-11 23:56:00,Offline
D218,2023-10-12 17:56:00,Online
D218,2023-10-12 18:18:00,Busy
D218,2023-10-12 18:49:00,Busy
D218,2023-10-12 19:48:00,Busy
D218,2023-10-12 20:27:00,Idle
D218,2023-10-12 20:39:00,Offline
D219,2023-10-01 00:00:00,Online
D219,2023-10-01 01:11:00,Busy
D219,2023-10-01 01:27:00,Idle
D219,2023-10-01 01:48:00,Busy
D219,2023-10-01 02:43:00,Offline
D219,2023-10-01 19:43:00,Online
D219,2023-10-01 20:47:00,Idle
D219,2023-10-01 22:08:00,Idle
D219,2023-10-01 23:54:00,Idle
D219,2023-10-02 00:31:00,Offline
D219,2023-10-02 18:31:00,Online
D219,2023-10-02 19:56:00,Busy
D219,2023-10-02 20:55:00,Idle
D219,2023-10-02 22:13:00,Busy
D219,2023-10-02 22:43:00,Idle
D219,2023-10-02 23:45:00,Busy
D219,2023-10-03 00:27:00,Busy
D219,2023-10-03 01:54:00,Busy
D219,2023-10-03 02:19:00,Offline
D219,2023-10-03 15:19:00,Online
D219,2023-10-03 15:43:00,Busy
D219,2023-10-03 16:01:00,Busy
D219,2023-10-03 17:38:00,Busy
D219,2023-10-03 18:03:00,Offline
D219,2023-10-04 15:03:00,Online
D219,2023-10-04 16:14:00,Busy
D219,2023-10-04 17:55:00,Busy
D219,2023-10-04 18:28:00,Idle
D219,2023-10-04 18:44:00,Idle
D219,2023-10-04 19:36:00,Offline
D219,2023-10-05 13:36:00,Online
D219,2023-10-05 13:51:00,Busy
D219,2023-10-05 14:19:00,Busy
D219,2023-10-05 15:02:00,Idle
D219,2023-10-05 16:22:00,Busy
D219,2023-10-05 17:33:00,Idle
D219,2023-10-05 18:18:00,Idle
D219,2023-10-05 19:25:00,Idle
D219,2023-10-05 20:04:00,Offline
D219,2023-10-06 17:04:00,Online
D219,2023-10-06 17:52:00,Busy
D219,2023-10-06 18:18:00,Idle
D219,2023-10-06 19:12:00,Idle
D219,2023-10-06 21:12:00,Busy
D219,2023-10-06 22:21:00,Busy
D219,2023-10-06 22:47:00,Busy
D219,2023-10-07 00:05:00,Busy
D219,2023-10-07 00:48:00,Offline
D219,2023-10-07 17:48:00,Online
D219,2023-10-07 19:15:00,Busy
D219,2023-10-07 20:33:00,Idle
D219,2023-10-07 22:24:00,Idle
D219,2023-10-07 23:24:00,Offline
D219,2023-10-08 17:24:00,Online
D219,2023-10-08 19:07:00,Busy
D219,2023-10-08 20:40:00,Idle
D219,2023-10-08 21:55:00,Idle
D219,2023-10-08 23:36:00,Idle
D219,2023-10-09 01:21:00,Idle
D219,2023-10-09 02:23:00,Busy
D219,2023-10-09 03:26:00,Busy
D219,2023-10-09 04:22:00,Offline
D219,2023-10-09 20:22:00,Online
D219,2023-10-09 21:54:00,Idle
D219,2023-10-09 22:16:00,Idle
D219,2023-10-09 23:23:00,Idle
D219,2023-10-10 00:01:00,Idle
D219,2023-10-10 00:12:00,Offline
D220,2023-10-02 00:00:00,Online
D220,2023-10-02 01:59:00,Idle
D220,2023-10-02 02:18:00,Idle
D220,2023-10-02 03:44:00,Busy
D220,2023-10-02 04:09:00,Idle
D220,2023-10-02 04:35:00,Busy
D220,2023-10-02 06:08:00,Idle
D220,2023-10-02 06:54:00,Busy
D220,2023-10-02 08:36:00,Busy
D220,2023-10-02 10:05:00,Busy
D220,2023-10-02 10:24:00,Offline
D220,2023-10-03 08:24:00,Online
D220,2023-10-03 10:02:00,Idle
D220,2023-10-03 11:36:00,Idle
D220,2023-10-03 12:08:00,Idle
D220,2023-10-03 12:30:00,Idle
D220,2023-10-03 14:02:00,Idle
D220,2023-10-03 14:23:00,Idle
D220,2023-10-03 15:02:00,Offline
D220,2023-10-04 12:02:00,Online
D220,2023-10-04 12:19:00,Busy
D220,2023-10-04 13:02:00,Busy
D220,2023-10-04 14:29:00,Idle
D220,2023-10-04 14:53:00,Offline
D220,2023-10-05 14:53:00,Online
D220,2023-10-05 16:20:00,Busy
D220,2023-10-05 17:06:00,Busy
D220,2023-10-05 19:06:00,Idle
D220,2023-10-05 20:56:00,Idle
D220,2023-10-05 21:55:00,Idle
D220,2023-10-05 22:59:00,Busy
D220,2023-10-05 23:24:00,Offline
D220,2023-10-06 20:24:00,Online
D220,2023-10-06 21:34:00,Idle
D220,2023-10-06 23:04:00,Busy
D220,2023-10-07 00:40:00,Idle
D220,2023-10-07 02:24:00,Idle
D220,2023-10-07 03:45:00,Busy
D220,2023-10-07 05:29:00,Busy
D220,2023-10-07 06:32:00,Idle
D220,2023-10-07 07:38:00,Idle
D220,2023-10-07 08:28:00,Busy
D220,2023-10-07 08:40:00,Offline
D220,2023-10-08 03:40:00,Online
D220,2023-10-08 05:34:00,Busy
D220,2023-10-08 06:31:00,Busy
D220,2023-10-08 08:19:00,Idle
D220,2023-10-08 09:38:00,Busy
D220,2023-10-08 11:23:00,Idle
D220,2023-10-08 12:50:00,Idle
D220,2023-10-08 13:36:00,Busy
D220,2023-10-08 15:25:00,Idle
D220,2023-10-08 16:00:00,Idle
D220,2023-10-08 17:24:00,Idle
D220,2023-10-08 18:14:00,Offline
D220,2023-10-09 07:14:00,Online
D220,2023-10-09 09:07:00,Idle
D220,2023-10-09 10:04:00,Idle
D220,2023-10-09 11:11:00,Busy
D220,2023-10-09 12:59:00,Busy
D220,2023-10-09 13:35:00,Offline
D220,2023-10-10 13:35:00,Online
D220,2023-10-10 13:59:00,Busy
D220,2023-10-10 14:42:00,Idle
D220,2023-10-10 15:38:00,Busy
D220,2023-10-10 16:39:00,Busy
D220,2023-10-10 17:12:00,Offline
D221,2023-10-04 00:00:00,Online
D221,2023-10-04 00:41:00,Busy
D221,2023-10-04 00:59:00,Busy
D221,2023-10-04 02:09:00,Idle
D221,2023-10-04 03:25:00,Busy
D221,2023-10-04 05:16:00,Busy
D221,2023-10-04 05:44:00,Idle
D221,2023-10-04 07:25:00,Idle
D221,2023-10-04 07:43:00,Idle
D221,2023-10-04 08:13:00,Offline
D221,2023-10-05 05:13:00,Online
D221,2023-10-05 07:10:00,Idle
D221,2023-10-05 07:49:00,Busy
D221,2023-10-05 08:28:00,Busy
D221,2023-10-05 09:36:00,Idle
D221,2023-10-05 10:07:00,Idle
D221,2023-10-05 10:39:00,Busy
D221,2023-10-05 11:19:00,Idle
D221,2023-10-05 12:12:00,Offline
D221,2023-10-06 09:12:00,Online
D221,2023-10-06 09:58:00,Busy
D221,2023-10-06 11:38:00,Idle
D221,2023-10-06 12:34:00,Idle
D221,2023-10-06 12:54:00,Offline
D221,2023-10-07 11:54:00,Online
D221,2023-10-07 12:29:00,Busy
D221,2023-10-07 13:05:00,Busy
D221,2023-10-07 14:49:00,Idle
D221,2023-10-07 15:20:00,Idle
D221,2023-10-07 16:21:00,Busy
D221,2023-10-07 17:15:00,Idle
D221,2023-10-07 17:51:00,Busy
D221,2023-10-07 19:16:00,Busy
D221,2023-10-07 20:16:00,Idle
D221,2023-10-07 20:52:00,Offline
D221,2023-10-08 20:52:00,Online
D221,2023-10-08 21:42:00,Idle
D221,2023-10-08 22:46:00,Busy
D221,2023-10-08 23:39:00,Busy
D221,2023-10-09 01:17:00,Idle
D221,2023-10-09 03:15:00,Idle
D221,2023-10-09 03:34:00,Busy
D221,2023-10-09 03:51:00,Offline
D222,2023-10-06 00:00:00,Online
D222,2023-10-06 01:12:00,Idle
D222,2023-10-06 01:38:00,Busy
D222,2023-10-06 02:10:00,Busy
D222,2023-10-06 04:05:00,Idle
D222,2023-10-06 05:56:00,Idle
D222,2023-10-06 06:23:00,Idle
D222,2023-10-06 06:42:00,Idle
D222,2023-10-06 07:38:00,Offline
D222,2023-10-07 06:38:00,Online
D222,2023-10-07 07:50:00,Idle
D222,2023-10-07 08:15:00,Idle
D222,2023-10-07 10:05:00,Idle
D222,2023-10-07 12:03:00,Idle
D222,2023-10-07 12:40:00,Idle
D222,2023-10-07 13:17:00,Busy
D222,2023-10-07 13:32:00,Busy
D222,2023-10-07 13:47:00,Idle
D222,2023-10-07 14:55:00,Idle
D222,2023-10-07 15:31:00,Idle
D222,2023-10-07 16:16:00,Offline
D222,2023-10-08 10:16:00,Online
D222,2023-10-08 11:18:00,Busy
D222,2023-10-08 12:08:00,Busy
D222,2023-10-08 13:19:00,Idle
D222,2023-10-08 15:10:00,Idle
D222,2023-10-08 15:55:00,Idle
D222,2023-10-08 16:13:00,Offline
D222,2023-10-09 14:13:00,Online
D222,2023-10-09 16:05:00,Idle
D222,2023-10-09 17:06:00,Busy
D222,2023-10-09 18:20:00,Busy
D222,2023-10-09 20:16:00,Busy
D222,2023-10-09 21:28:00,Idle
D222,2023-10-09 22:56:00,Idle
D222,2023-10-09 23:47:00,Idle
D222,2023-10-10 00:14:00,Offline
D222,2023-10-10 20:14:00,Online
D222,2023-10-10 22:08:00,Idle
D222,2023-10-10 23:22:00,Idle
D222,2023-10-10 23:43:00,Idle
D222,2023-10-11 00:06:00,Idle
D222,2023-10-11 00:40:00,Idle
D222,2023-10-11 02:24:00,Busy
D222,2023-10-11 03:56:00,Idle
D222,2023-10-11 04:22:00,Idle
D222,2023-10-11 05:00:00,Offline
D222,2023-10-11 17:00:00,Online
D222,2023-10-11 19:00:00,Busy
D222,2023-10-11 19:59:00,Idle
D222,2023-10-11 20:57:00,Idle
D222,2023-10-11 22:19:00,Idle
D222,2023-10-12 00:17:00,Idle
D222,2023-10-12 00:52:00,Offline
D223,2023-10-03 00:00:00,Online
D223,2023-10-03 00:17:00,Idle
D223,2023-10-03 01:08:00,Idle
D223,2023-10-03 01:45:00,Idle
D223,2023-10-03 02:20:00,Offline
D223,2023-10-03 14:20:00,Online
D223,2023-10-03 15:58:00,Idle
D223,2023-10-03 16:57:00,Idle
D223,2023-10-03 18:17:00,Idle
D223,2023-10-03 20:01:00,Idle
D223,2023-10-03 20:54:00,Busy
D223,2023-10-03 21:31:00,Idle
D223,2023-10-03 23:09:00,Busy
D223,2023-10-04 00:44:00,Idle
D223,2023-10-04 01:18:00,Idle
D223,2023-10-04 02:16:00,Offline
D223,2023-10-05 02:16:00,Online
D223,2023-10-05 03:55:00,Busy
D223,2023-10-05 05:03:00,Busy
D223,2023-10-05 06:55:00,Busy
D223,2023-10-05 07:49:00,Idle
D223,2023-10-05 08:17:00,Idle
D223,2023-10-05 08:59:00,Idle
D223,2023-10-05 09:16:00,Busy
D223,2023-10-05 10:51:00,Busy
D223,2023-10-05 11:44:00,Busy
D223,2023-10-05 12:33:00,Busy
D223,2023-10-05 12:51:00,Offline
D223,2023-10-06 01:51:00,Online
D223,2023-10-06 03:32:00,Idle
D223,2023-10-06 05:27:00,Idle
D223,2023-10-06 06:40:00,Busy
D223,2023-10-06 07:55:00,Busy
D223,2023-10-06 08:23:00,Idle
D223,2023-10-06 09:03:00,Offline
D223,2023-10-07 01:03:00,Online
D223,2023-10-07 01:56:00,Busy
D223,2023-10-07 02:47:00,Busy
D223,2023-10-07 04:13:00,Busy
D223,2023-10-07 05:08:00,Offline
D223,2023-10-07 17:08:00,Online
D223,2023-10-07 18:44:00,Busy
D223,2023-10-07 19:20:00,Idle
D223,2023-10-07 21:16:00,Idle
D223,2023-10-07 22:55:00,Busy
D223,2023-10-08 00:49:00,Idle
D223,2023-10-08 01:34:00,Offline
D223,2023-10-08 18:34:00,Online
D223,2023-10-08 18:59:00,Idle
D223,2023-10-08 20:07:00,Busy
D223,2023-10-08 20:49:00,Idle
D223,2023-10-08 21:47:00,Busy
D223,2023-10-08 23:32:00,Idle
D223,2023-10-09 00:28:00,Busy
D223,2023-10-09 00:38:00,Offline
D223,2023-10-10 00:38:00,Online
D223,2023-10-10 02:28:00,Busy
D223,2023-10-10 03:59:00,Busy
D223,2023-10-10 05:57:00,Idle
D223,2023-10-10 06:42:00,Offline
D223,2023-10-10 20:42:00,Online
D223,2023-10-10 21:26:00,Busy
D223,2023-10-10 21:48:00,Busy
D223,2023-10-10 22:08:00,Idle
D223,2023-10-10 23:10:00,Busy
D223,2023-10-11 00:11:00,Idle
D223,2023-10-11 01:57:00,Idle
D223,2023-10-11 02:24:00,Offline
D223,2023-10-11 14:24:00,Online
D223,2023-10-11 16:10:00,Busy
D223,2023-10-11 16:28:00,Idle
D223,2023-10-11 17:30:00,Busy
D223,2023-10-11 18:20:00,Idle
D223,2023-10-11 19:45:00,Busy
D223,2023-10-11 20:46:00,Busy
D223,2023-10-11 21:27:00,Offline
D223,2023-10-12 16:27:00,Online
D223,2023-10-12 17:05:00,Idle
D223,2023-10-12 18:18:00,Busy
D223,2023-10-12 18:40:00,Idle
D223,2023-10-12 19:23:00,Busy
D223,2023-10-12 19:41:00,Busy
D223,2023-10-12 21:35:00,Busy
D223,2023-10-12 23:28:00,Busy
D223,2023-10-12 23:57:00,Offline
D223,2023-10-13 22:57:00,Online
D223,2023-10-13 23:43:00,Idle
D223,2023-10-14 01:24:00,Busy
D223,2023-10-14 03:18:00,Busy
D223,2023-10-14 04:13:00,Offline
D223,2023-10-15 01:13:00,Online
D223,2023-10-15 02:17:00,Busy
D223,2023-10-15 03:51:00,Idle
D223,2023-10-15 04:11:00,Idle
D223,2023-10-15 06:07:00,Idle
D223,2023-10-15 07:04:00,Offline
D224,2023-10-06 00:00:00,Online
D224,2023-10-06 01:54:00,Idle
D224,2023-10-06 02:09:00,Busy
D224,2023-10-06 02:49:00,Busy
D224,2023-10-06 03:10:00,Busy
D224,2023-10-06 04:04:00,Offline
D224,2023-10-06 16:04:00,Online
D224,2023-10-06 16:19:00,Idle
D224,2023-10-06 16:57:00,Idle
D224,2023-10-06 17:29:00,Idle
D224,2023-10-06 18:23:00,Idle
D224,2023-10-06 18:43:00,Busy
D224,2023-10-06 20:32:00,Idle
D224,2023-10-06 21:25:00,Idle
D224,2023-10-06 22:30:00,Busy
D224,2023-10-06 23:30:00,Offline
D224,2023-10-07 13:30:00,Online
D224,2023-10-07 14:05:00,Idle
D224,2023-10-07 14:38:00,Idle
D224,2023-10-07 14:59:00,Idle
D224,2023-10-07 16:25:00,Busy
D224,2023-10-07 17:57:00,Busy
D224,2023-10-07 19:22:00,Busy
D224,2023-10-07 21:02:00,Idle
D224,2023-10-07 22:56:00,Idle
D224,2023-10-08 00:53:00,Idle
D224,2023-10-08 01:11:00,Offline
D224,2023-10-08 13:11:00,Online
D224,2023-10-08 13:39:00,Idle
D224,2023-10-08 15:32:00,Busy
D224,2023-10-08 16:42:00,Idle
D224,2023-10-08 18:16:00,Busy
D224,2023-10-08 19:08:00,Offline
D224,2023-10-09 11:08:00,Online
D224,2023-10-09 12:17:00,Busy
D224,2023-10-09 13:45:00,Idle
D224,2023-10-09 15:14:00,Idle
D224,2023-10-09 16:57:00,Idle
D224,2023-10-09 18:29:00,Busy
D224,2023-10-09 19:40:00,Busy
D224,2023-10-09 20:46:00,Idle
D224,2023-10-09 22:32:00,Idle
D224,2023-10-10 00:09:00,Idle
D224,2023-10-10 00:54:00,Busy
D224,2023-10-10 01:32:00,Offline
D224,2023-10-10 21:32:00,Online
D224,2023-10-10 23:11:00,Idle
D224,2023-10-11 01:03:00,Idle
D224,2023-10-11 01:39:00,Idle
D224,2023-10-11 02:25:00,Idle
D224,2023-10-11 04:02:00,Busy
D224,2023-10-11 04:43:00,Idle
D224,2023-10-11 05:27:00,Busy
D224,2023-10-11 05:45:00,Busy
D224,2023-10-11 06:50:00,Busy
D224,2023-10-11 07:06:00,Offline
D224,2023-10-12 05:06:00,Online
D224,2023-10-12 06:11:00,Idle
D224,2023-10-12 08:00:00,Idle
D224,2023-10-12 09:39:00,Idle
D224,2023-10-12 10:04:00,Busy
D224,2023-10-12 11:21:00,Idle
D224,2023-10-12 12:46:00,Busy
D224,2023-10-12 13:57:00,Idle
D224,2023-10-12 15:26:00,Idle
D224,2023-10-12 17:16:00,Busy
D224,2023-10-12 17:39:00,Offline
D224,2023-10-13 05:39:00,Online
D224,2023-10-13 07:27:00,Busy
D224,2023-10-13 08:04:00,Idle
D224,2023-10-13 09:01:00,Idle
D224,2023-10-13 10:54:00,Idle
D224,2023-10-13 11:44:00,Offline
D224,2023-10-14 00:44:00,Online
D224,2023-10-14 02:28:00,Busy
D224,2023-10-14 03:32:00,Idle
D224,2023-10-14 04:30:00,Idle
D224,2023-10-14 05:02:00,Idle
D224,2023-10-14 05:28:00,Idle
D224,2023-10-14 05:51:00,Busy
D224,2023-10-14 06:45:00,Idle
D224,2023-10-14 07:09:00,Offline
D224,2023-10-15 02:09:00,Online
D224,2023-10-15 02:33:00,Idle
D224,2023-10-15 03:20:00,Idle
D224,2023-10-15 03:40:00,Idle
D224,2023-10-15 04:18:00,Offline
D225,2023-10-01 00:00:00,Online
D225,2023-10-01 01:57:00,Busy
D225,2023-10-01 02:53:00,Busy
D225,2023-10-01 04:34:00,Busy
D225,2023-10-01 04:54:00,Offline
D225,2023-10-01 17:54:00,Online
D225,2023-10-01 18:48:00,Busy
D225,2023-10-01 20:39:00,Idle
D225,2023-10-01 21:29:00,Idle
D225,2023-10-01 22:08:00,Busy
D225,2023-10-01 23:58:00,Busy
D225,2023-10-02 00:24:00,Idle
D225,2023-10-02 00:54:00,Busy
D225,2023-10-02 01:16:00,Busy
D225,2023-10-02 03:02:00,Idle
D225,2023-10-02 04:33:00,Busy
D225,2023-10-02 04:48:00,Offline
D225,2023-10-03 03:48:00,Online
D225,2023-10-03 04:52:00,Busy
D225,2023-10-03 06:43:00,Idle
D225,2023-10-03 07:09:00,Idle
D225,2023-10-03 07:42:00,Busy
D225,2023-10-03 08:07:00,Busy
D225,2023-10-03 09:32:00,Busy
D225,2023-10-03 10:41:00,Idle
D225,2023-10-03 10:56:00,Idle
D225,2023-10-03 11:44:00,Offline
D225,2023-10-04 07:44:00,Online
D225,2023-10-04 09:18:00,Busy
D225,2023-10-04 10:22:00,Busy
D225,2023-10-04 12:04:00,Busy
D225,2023-10-04 13:21:00,Idle
D225,2023-10-04 13:53:00,Offline
D225,2023-10-05 12:53:00,Online
D225,2023-10-05 13:38:00,Busy
D225,2023-10-05 13:59:00,Busy
D225,2023-10-05 15:01:00,Busy
D225,2023-10-05 15:44:00,Idle
D225,2023-10-05 17:17:00,Idle
D225,2023-10-05 17:47:00,Idle
D225,2023-10-05 19:23:00,Idle
D225,2023-10-05 20:11:00,Idle
D225,2023-10-05 22:06:00,Busy
D225,2023-10-05 23:06:00,Idle
D225,2023-10-05 23:47:00,Offline
D225,2023-10-06 17:47:00,Online
D225,2023-10-06 19:39:00,Idle
D225,2023-10-06 20:05:00,Busy
D225,2023-10-06 21:06:00,Busy
D225,2023-10-06 22:01:00,Busy
D225,2023-10-06 22:25:00,Busy
D225,2023-10-06 23:48:00,Idle
D225,2023-10-07 00:21:00,Busy
D225,2023-10-07 02:08:00,Busy
D225,2023-10-07 03:44:00,Busy
D225,2023-10-07 05:07:00,Idle
D225,2023-10-07 05:21:00,Offline
D225,2023-10-07 18:21:00,Online
D225,2023-10-07 20:01:00,Busy
D225,2023-10-07 20:30:00,Idle
D225,2023-10-07 22:30:00,Idle
D225,2023-10-08 00:18:00,Idle
D225,2023-10-08 02:13:00,Idle
D225,2023-10-08 04:07:00,Busy
D225,2023-10-08 05:59:00,Idle
D225,2023-10-08 06:32:00,Idle
D225,2023-10-08 07:05:00,Idle
D225,2023-10-08 07:56:00,Offline
D225,2023-10-08 21:56:00,Online
D225,2023-10-08 22:54:00,Idle
D225,2023-10-09 00:39:00,Idle
D225,2023-10-09 01:05:00,Busy
D225,2023-10-09 02:30:00,Busy
D225,2023-10-09 03:54:00,Busy
D225,2023-10-09 04:55:00,Busy
D225,2023-10-09 05:34:00,Busy
D225,2023-10-09 06:06:00,Busy
D225,2023-10-09 06:30:00,Busy
D225,2023-10-09 06:41:00,Offline
D225,2023-10-10 03:41:00,Online
D225,2023-10-10 05:02:00,Busy
D225,2023-10-10 06:02:00,Busy
D225,2023-10-10 06:17:00,Idle
D225,2023-10-10 06:46:00,Idle
D225,2023-10-10 07:15:00,Offline
D225,2023-10-11 05:15:00,Online
D225,2023-10-11 06:56:00,Idle
D225,2023-10-11 08:14:00,Idle
D225,2023-10-11 09:32:00,Idle
D225,2023-10-11 10:24:00,Busy
D225,2023-10-11 11:21:00,Busy
D225,2023-10-11 12:29:00,Idle
D225,2023-10-11 12:50:00,Idle
D225,2023-10-11 13:33:00,Offline
D226,2023-10-04 00:00:00,Online
D226,2023-10-04 01:56:00,Busy
D226,2023-10-04 03:05:00,Idle
D226,2023-10-04 03:29:00,Busy
D226,2023-10-04 05:17:00,Busy
D226,2023-10-04 06:04:00,Offline
D226,2023-10-05 06:04:00,Online
D226,2023-10-05 06:27:00,Busy
D226,2023-10-05 07:18:00,Busy
D226,2023-10-05 08:23:00,Idle
D226,2023-10-05 08:43:00,Idle
D226,2023-10-05 10:39:00,Busy
D226,2023-10-05 12:36:00,Busy
D226,2023-10-05 14:11:00,Idle
D226,2023-10-05 15:04:00,Idle
D226,2023-10-05 15:43:00,Busy
D226,2023-10-05 16:36:00,Offline
D226,2023-10-06 14:36:00,Online
D226,2023-10-06 14:51:00,Busy
D226,2023-10-06 16:43:00,Idle
D226,2023-10-06 17:30:00,Idle
D226,2023-10-06 18:37:00,Idle
D226,2023-10-06 19:06:00,Idle
D226,2023-10-06 19:27:00,Idle
D226,2023-10-06 20:49:00,Idle
D226,2023-10-06 21:46:00,Idle
D226,2023-10-06 22:20:00,Offline
D226,2023-10-07 13:20:00,Online
D226,2023-10-07 15:08:00,Idle
D226,2023-10-07 16:17:00,Idle
D226,2023-10-07 17:36:00,Busy
D226,2023-10-07 18:06:00,Idle
D226,2023-10-07 18:36:00,Busy
D226,2023-10-07 20:13:00,Busy
D226,2023-10-07 20:28:00,Idle
D226,2023-10-07 21:29:00,Busy
D226,2023-10-07 22:38:00,Idle
D226,2023-10-08 00:15:00,Idle
D226,2023-10-08 01:04:00,Offline
D226,2023-10-08 15:04:00,Online
D226,2023-10-08 16:30:00,Busy
D226,2023-10-08 16:59:00,Idle
D226,2023-10-08 18:32:00,Busy
D226,2023-10-08 18:51:00,Idle
D226,2023-10-08 19:13:00,Busy
D226,2023-10-08 19:27:00,Offline
D226,2023-10-09 11:27:00,Online
D226,2023-10-09 12:48:00,Busy
D226,2023-10-09 14:45:00,Idle
D226,2023-10-09 16:33:00,Busy
D226,2023-10-09 17:24:00,Idle
D226,2023-10-09 17:48:00,Idle
D226,2023-10-09 18:45:00,Busy
D226,2023-10-09 19:37:00,Busy
D226,2023-10-09 21:29:00,Busy
D226,2023-10-09 22:57:00,Busy
D226,2023-10-09 23:55:00,Offline
D226,2023-10-10 19:55:00,Online
D226,2023-10-10 21:14:00,Busy
D226,2023-10-10 23:00:00,Idle
D226,2023-10-10 23:15:00,Busy
D226,2023-10-11 01:03:00,Idle
D226,2023-10-11 01:57:00,Busy
D226,2023-10-11 02:10:00,Offline
D226,2023-10-11 16:10:00,Online
D226,2023-10-11 16:39:00,Busy
D226,2023-10-11 18:22:00,Idle
D226,2023-10-11 19:46:00,Busy
D226,2023-10-11 20:25:00,Busy
D226,2023-10-11 21:08:00,Busy
D226,2023-10-11 22:38:00,Busy
D226,2023-10-11 23:14:00,Offline
D226,2023-10-12 23:14:00,Online
D226,2023-10-13 00:00:00,Busy
D226,2023-10-13 01:05:00,Busy
D226,2023-10-13 02:49:00,Idle
D226,2023-10-13 04:45:00,Busy
D226,2023-10-13 05:35:00,Busy
D226,2023-10-13 06:21:00,Busy
D226,2023-10-13 08:01:00,Idle
D226,2023-10-13 09:40:00,Idle
D226,2023-10-13 11:39:00,Idle
D226,2023-10-13 13:28:00,Busy
D226,2023-10-13 14:00:00,Offline
D226,2023-10-14 03:00:00,Online
D226,2023-10-14 03:29:00,Idle
D226,2023-10-14 04:27:00,Idle
D226,2023-10-14 06:13:00,Idle
D226,2023-10-14 06:54:00,Busy
D226,2023-10-14 07:34:00,Offline
D226,2023-10-15 06:34:00,Online
D226,2023-10-15 07:02:00,Busy
D226,2023-10-15 07:31:00,Busy
D226,2023-10-15 09:02:00,Busy
D226,2023-10-15 09:20:00,Offline
D226,2023-10-16 00:20:00,Online
D226,2023-10-16 01:13:00,Busy
D226,2023-10-16 02:19:00,Busy
D226,2023-10-16 03:11:00,Idle
D226,2023-10-16 04:49:00,Idle
D226,2023-10-16 05:53:00,Idle
D226,2023-10-16 06:46:00,Offline
D227,2023-10-03 00:00:00,Online
D227,2023-10-03 01:22:00,Busy
D227,2023-10-03 01:59:00,Busy
D227,2023-10-03 03:02:00,Busy
D227,2023-10-03 03:24:00,Offline
D227,2023-10-04 01:24:00,Online
D227,2023-10-04 02:16:00,Idle
D227,2023-10-04 03:37:00,Idle
D227,2023-10-04 05:23:00,Busy
D227,2023-10-04 06:47:00,Busy
D227,2023-10-04 07:11:00,Idle
D227,2023-10-04 08:25:00,Idle
D227,2023-10-04 09:01:00,Busy
D227,2023-10-04 10:53:00,Idle
D227,2023-10-04 11:59:00,Busy
D227,2023-10-04 13:30:00,Busy
D227,2023-10-04 14:10:00,Offline
D227,2023-10-05 03:10:00,Online
D227,2023-10-05 04:57:00,Busy
D227,2023-10-05 06:40:00,Busy
D227,2023-10-05 07:00:00,Busy
D227,2023-10-05 08:06:00,Busy
D227,2023-10-05 08:48:00,Offline
D227,2023-10-05 21:48:00,Online
D227,2023-10-05 23:43:00,Idle
D227,2023-10-06 01:02:00,Idle
D227,2023-10-06 02:14:00,Idle
D227,2023-10-06 04:02:00,Busy
D227,2023-10-06 04:54:00,Idle
D227,2023-10-06 06:35:00,Busy
D227,2023-10-06 07:04:00,Busy
D227,2023-10-06 07:49:00,Idle
D227,2023-10-06 09:43:00,Busy
D227,2023-10-06 10:08:00,Offline
D227,2023-10-06 23:08:00,Online
D227,2023-10-06 23:26:00,Busy
D227,2023-10-07 01:03:00,Idle
D227,2023-10-07 02:08:00,Idle
D227,2023-10-07 02:45:00,Busy
D227,2023-10-07 04:37:00,Idle
D227,2023-10-07 05:24:00,Idle
D227,2023-10-07 07:21:00,Idle
D227,2023-10-07 09:04:00,Idle
D227,2023-10-07 10:37:00,Busy
D227,2023-10-07 11:38:00,Busy
D227,2023-10-07 12:35:00,Offline
D227,2023-10-08 04:35:00,Online
D227,2023-10-08 06:34:00,Busy
D227,2023-10-08 06:55:00,Idle
D227,2023-10-08 08:40:00,Idle
D227,2023-10-08 09:33:00,Busy
D227,2023-10-08 10:46:00,Idle
D227,2023-10-08 11:32:00,Offline
D227,2023-10-09 04:32:00,Online
D227,2023-10-09 06:20:00,Busy
D227,2023-10-09 06:43:00,Idle
D227,2023-10-09 07:39:00,Busy
D227,2023-10-09 09:38:00,Idle
D227,2023-10-09 09:58:00,Idle
D227,2023-10-09 11:42:00,Busy
D227,2023-10-09 12:33:00,Busy
D227,2023-10-09 14:23:00,Idle
D227,2023-10-09 15:06:00,Offline
D228,2023-10-06 00:00:00,Online
D228,2023-10-06 01:41:00,Idle
D228,2023-10-06 03:03:00,Idle
D228,2023-10-06 03:30:00,Busy
D228,2023-10-06 04:36:00,Busy
D228,2023-10-06 06:20:00,Busy
D228,2023-10-06 06:58:00,Idle
D228,2023-10-06 07:12:00,Offline
D228,2023-10-07 05:12:00,Online
D228,2023-10-07 06:53:00,Busy
D228,2023-10-07 08:08:00,Busy
D228,2023-10-07 09:42:00,Busy
D228,2023-10-07 11:35:00,Idle
D228,2023-10-07 13:05:00,Busy
D228,2023-10-07 14:16:00,Busy
D228,2023-10-07 15:43:00,Idle
D228,2023-10-07 17:25:00,Busy
D228,2023-10-07 19:06:00,Busy
D228,2023-10-07 20:10:00,Busy
D228,2023-10-07 20:28:00,Offline
D228,2023-10-08 18:28:00,Online
D228,2023-10-08 18:50:00,Idle
D228,2023-10-08 20:05:00,Busy
D228,2023-10-08 20:34:00,Busy
D228,2023-10-08 21:22:00,Idle
D228,2023-10-08 21:46:00,Offline
D228,2023-10-09 09:46:00,Online
D228,2023-10-09 10:50:00,Busy
D228,2023-10-09 12:10:00,Busy
D228,2023-10-09 13:45:00,Busy
D228,2023-10-09 14:41:00,Idle
D228,2023-10-09 16:35:00,Idle
D228,2023-10-09 18:29:00,Idle
D228,2023-10-09 19:23:00,Offline
D228,2023-10-10 09:23:00,Online
D228,2023-10-10 10:03:00,Idle
D228,2023-10-10 11:58:00,Busy
D228,2023-10-10 13:11:00,Busy
D228,2023-10-10 14:56:00,Idle
D228,2023-10-10 16:50:00,Idle
D228,2023-10-10 18:37:00,Idle
D228,2023-10-10 20:00:00,Idle
D228,2023-10-10 21:36:00,Busy
D228,2023-10-10 22:33:00,Idle
D228,2023-10-10 23:22:00,Offline
D228,2023-10-11 18:22:00,Online
D228,2023-10-11 19:49:00,Idle
D228,2023-10-11 21:43:00,Busy
D228,2023-10-11 23:29:00,Busy
D228,2023-10-12 00:48:00,Busy
D228,2023-10-12 01:22:00,Offline
D228,2023-10-12 21:22:00,Online
D228,2023-10-12 21:54:00,Idle
D228,2023-10-12 23:07:00,Idle
D228,2023-10-13 00:48:00,Busy
D228,2023-10-13 01:21:00,Busy
D228,2023-10-13 01:51:00,Idle
D228,2023-10-13 02:40:00,Busy
D228,2023-10-13 03:07:00,Busy
D228,2023-10-13 04:11:00,Idle
D228,2023-10-13 05:01:00,Offline
D228,2023-10-13 17:01:00,Online
D228,2023-10-13 17:35:00,Busy
D228,2023-10-13 19:21:00,Idle
D228,2023-10-13 19:58:00,Idle
D228,2023-10-13 21:54:00,Idle
D228,2023-10-13 22:24:00,Busy
D228,2023-10-13 23:08:00,Busy
D228,2023-10-14 01:00:00,Busy
D228,2023-10-14 01:28:00,Offline
D228,2023-10-14 19:28:00,Online
D228,2023-10-14 20:33:00,Idle
D228,2023-10-14 22:32:00,Idle
D228,2023-10-14 23:36:00,Idle
D228,2023-10-15 00:23:00,Busy
D228,2023-10-15 02:18:00,Idle
D228,2023-10-15 03:01:00,Offline
D228,2023-10-16 01:01:00,Online
D228,2023-10-16 02:53:00,Idle
D228,2023-10-16 03:30:00,Busy
D228,2023-10-16 04:37:00,Idle
D228,2023-10-16 06:23:00,Busy
D228,2023-10-16 06:55:00,Offline
D228,2023-10-16 20:55:00,Online
D228,2023-10-16 22:39:00,Busy
D228,2023-10-17 00:20:00,Busy
D228,2023-10-17 00:58:00,Idle
D228,2023-10-17 02:14:00,Idle
D228,2023-10-17 04:04:00,Busy
D228,2023-10-17 05:27:00,Idle
D228,2023-10-17 06:57:00,Busy
D228,2023-10-17 08:21:00,Busy
D228,2023-10-17 09:25:00,Busy
D228,2023-10-17 10:43:00,Idle
D228,2023-10-17 11:13:00,Offline
D228,2023-10-18 08:13:00,Online
D228,2023-10-18 09:09:00,Busy
D228,2023-10-18 09:44:00,Idle
D228,2023-10-18 11:10:00,Busy
D228,2023-10-18 11:54:00,Busy
D228,2023-10-18 13:08:00,Busy
D228,2023-10-18 15:02:00,Busy
D228,2023-10-18 16:12:00,Busy
D228,2023-10-18 17:09:00,Offline
D228,2023-10-19 10:09:00,Online
D228,2023-10-19 10:45:00,Idle
D228,2023-10-19 12:01:00,Idle
D228,2023-10-19 13:32:00,Busy
D228,2023-10-19 13:52:00,Busy
D228,2023-10-19 15:05:00,Idle
D228,2023-10-19 15:15:00,Offline
D228,2023-10-20 11:15:00,Online
D228,2023-10-20 12:02:00,Idle
D228,2023-10-20 12:23:00,Busy
D228,2023-10-20 13:34:00,Busy
D228,2023-10-20 15:20:00,Busy
D228,2023-10-20 16:43:00,Idle
D228,2023-10-20 18:15:00,Busy
D228,2023-10-20 19:08:00,Busy
D228,2023-10-20 20:57:00,Busy
D228,2023-10-20 22:12:00,Busy
D228,2023-10-20 23:07:00,Offline
D229,2023-10-03 00:00:00,Online
D229,2023-10-03 01:22:00,Busy
D229,2023-10-03 03:07:00,Busy
D229,2023-10-03 04:42:00,Busy
D229,2023-10-03 05:56:00,Busy
D229,2023-10-03 06:47:00,Idle
D229,2023-10-03 07:20:00,Idle
D229,2023-10-03 08:12:00,Idle
D229,2023-10-03 08:49:00,Offline
D229,2023-10-04 01:49:00,Online
D229,2023-10-04 03:46:00,Idle
D229,2023-10-04 04:01:00,Busy
D229,2023-10-04 05:34:00,Busy
D229,2023-10-04 06:29:00,Idle
D229,2023-10-04 07:25:00,Busy
D229,2023-10-04 07:43:00,Busy
D229,2023-10-04 09:20:00,Busy
D229,2023-10-04 09:59:00,Idle
D229,2023-10-04 11:43:00,Busy
D229,2023-10-04 12:29:00,Idle
D229,2023-10-04 13:03:00,Offline
D229,2023-10-05 10:03:00,Online
D229,2023-10-05 11:12:00,Idle
D229,2023-10-05 13:03:00,Idle
D229,2023-10-05 14:35:00,Idle
D229,2023-10-05 15:22:00,Busy
D229,2023-10-05 16:54:00,Busy
D229,2023-10-05 17:10:00,Offline
D229,2023-10-06 05:10:00,Online
D229,2023-10-06 05:35:00,Idle
D229,2023-10-06 06:51:00,Busy
D229,2023-10-06 07:34:00,Busy
D229,2023-10-06 07:50:00,Offline
D229,2023-10-07 04:50:00,Online
D229,2023-10-07 05:23:00,Busy
D229,2023-10-07 06:56:00,Idle
D229,2023-10-07 08:33:00,Busy
D229,2023-10-07 09:44:00,Idle
D229,2023-10-07 11:41:00,Idle
D229,2023-10-07 13:03:00,Idle
D229,2023-10-07 13:44:00,Busy
D229,2023-10-07 15:38:00,Idle
D229,2023-10-07 15:49:00,Offline
D229,2023-10-08 10:49:00,Online
D229,2023-10-08 11:36:00,Busy
D229,2023-10-08 12:14:00,Busy
D229,2023-10-08 13:53:00,Idle
D229,2023-10-08 15:30:00,Busy
D229,2023-10-08 16:02:00,Idle
D229,2023-10-08 16:21:00,Idle
D229,2023-10-08 16:54:00,Busy
D229,2023-10-08 18:43:00,Idle
D229,2023-10-08 18:58:00,Offline
D229,2023-10-09 08:58:00,Online
D229,2023-10-09 09:57:00,Idle
D229,2023-10-09 11:01:00,Idle
D229,2023-10-09 11:20:00,Busy
D229,2023-10-09 12:08:00,Busy
D229,2023-10-09 12:33:00,Busy
D229,2023-10-09 13:01:00,Offline
D229,2023-10-10 07:01:00,Online
D229,2023-10-10 07:28:00,Busy
D229,2023-10-10 08:33:00,Busy
D229,2023-10-10 10:13:00,Idle
D229,2023-10-10 11:34:00,Idle
D229,2023-10-10 12:58:00,Busy
D229,2023-10-10 13:15:00,Busy
D229,2023-10-10 14:03:00,Idle
D229,2023-10-10 15:17:00,Idle
D229,2023-10-10 16:05:00,Offline
D229,2023-10-11 16:05:00,Online
D229,2023-10-11 17:17:00,Busy
D229,2023-10-11 19:07:00,Idle
D229,2023-10-11 20:55:00,Busy
D229,2023-10-11 22:10:00,Busy
D229,2023-10-11 23:54:00,Idle
D229,2023-10-12 01:43:00,Busy
D229,2023-10-12 02:25:00,Busy
D229,2023-10-12 03:15:00,Offline
D229,2023-10-12 22:15:00,Online
D229,2023-10-12 23:53:00,Idle
D229,2023-10-13 00:08:00,Idle
D229,2023-10-13 00:29:00,Idle
D229,2023-10-13 00:48:00,Idle
D229,2023-10-13 01:42:00,Idle
D229,2023-10-13 02:12:00,Busy
D229,2023-10-13 02:25:00,Offline
D229,2023-10-13 23:25:00,Online
D229,2023-10-14 00:34:00,Idle
D229,2023-10-14 02:05:00,Busy
D229,2023-10-14 03:16:00,Idle
D229,2023-10-14 04:13:00,Idle
D229,2023-10-14 05:46:00,Idle
D229,2023-10-14 06:32:00,Idle
D229,2023-10-14 06:58:00,Idle
D229,2023-10-14 07:56:00,Idle
D229,2023-10-14 08:08:00,Offline
D229,2023-10-14 20:08:00,Online
D229,2023-10-14 21:16:00,Busy
D229,2023-10-14 23:14:00,Busy
D229,2023-10-15 00:47:00,Busy
D229,2023-10-15 01:55:00,Busy
D229,2023-10-15 03:31:00,Idle
D229,2023-10-15 05:04:00,Idle
D229,2023-10-15 05:24:00,Offline
D229,2023-10-15 18:24:00,Online
D229,2023-10-15 18:51:00,Idle
D229,2023-10-15 19:17:00,Busy
D229,2023-10-15 21:17:00,Idle
D229,2023-10-15 22:43:00,Idle
D229,2023-10-15 23:33:00,Idle
D229,2023-10-16 01:07:00,Busy
D229,2023-10-16 02:27:00,Busy
D229,2023-10-16 03:14:00,Offline
D230,2023-10-06 00:00:00,Online
D230,2023-10-06 00:57:00,Busy
D230,2023-10-06 01:47:00,Idle
D230,2023-10-06 03:19:00,Busy
D230,2023-10-06 03:51:00,Idle
D230,2023-10-06 04:24:00,Idle
D230,2023-10-06 04:53:00,Offline
D230,2023-10-06 20:53:00,Online
D230,2023-10-06 21:27:00,Idle
D230,2023-10-06 22:52:00,Busy
D230,2023-10-07 00:03:00,Busy
D230,2023-10-07 00:47:00,Busy
D230,2023-10-07 01:30:00,Idle
D230,2023-10-07 02:37:00,Busy
D230,2023-10-07 04:08:00,Busy
D230,2023-10-07 05:02:00,Busy
D230,2023-10-07 06:18:00,Busy
D230,2023-10-07 08:01:00,Idle
D230,2023-10-07 08:53:00,Offline
D230,2023-10-08 07:53:00,Online
D230,2023-10-08 09:26:00,Busy
D230,2023-10-08 11:17:00,Busy
D230,2023-10-08 11:42:00,Busy
D230,2023-10-08 12:13:00,Idle
D230,2023-10-08 14:04:00,Busy
D230,2023-10-08 14:37:00,Offline
D230,2023-10-09 07:37:00,Online
D230,2023-10-09 08:11:00,Busy
D230,2023-10-09 09:40:00,Idle
D230,2023-10-09 10:04:00,Idle
D230,2023-10-09 11:47:00,Busy
D230,2023-10-09 12:37:00,Offline
D230,2023-10-10 12:37:00,Online
D230,2023-10-10 13:46:00,Idle
D230,2023-10-10 14:08:00,Busy
D230,2023-10-10 14:33:00,Busy
D230,2023-10-10 16:01:00,Busy
D230,2023-10-10 16:21:00,Idle
D230,2023-10-10 18:01:00,Busy
D230,2023-10-10 18:50:00,Idle
D230,2023-10-10 19:23:00,Busy
D230,2023-10-10 20:49:00,Idle
D230,2023-10-10 21:49:00,Busy
D230,2023-10-10 22:40:00,Offline
D230,2023-10-11 12:40:00,Online
D230,2023-10-11 14:34:00,Idle
D230,2023-10-11 15:04:00,Busy
D230,2023-10-11 16:30:00,Idle
D230,2023-10-11 17:25:00,Busy
D230,2023-10-11 19:05:00,Busy
D230,2023-10-11 20:05:00,Idle
D230,2023-10-11 20:20:00,Offline
D230,2023-10-12 18:20:00,Online
D230,2023-10-12 19:08:00,Busy
D230,2023-10-12 20:15:00,Idle
D230,2023-10-12 21:54:00,Busy
D230,2023-10-12 22:21:00,Idle
D230,2023-10-12 23:10:00,Idle
D230,2023-10-12 23:48:00,Idle
D230,2023-10-13 01:10:00,Busy
D230,2023-10-13 01:37:00,Idle
D230,2023-10-13 02:47:00,Idle
D230,2023-10-13 03:10:00,Offline
D230,2023-10-14 02:10:00,Online
D230,2023-10-14 03:36:00,Busy
D230,2023-10-14 05:25:00,Idle
D230,2023-10-14 06:28:00,Busy
D230,2023-10-14 07:55:00,Idle
D230,2023-10-14 08:29:00,Idle
D230,2023-10-14 10:27:00,Idle
D230,2023-10-14 11:15:00,Idle
D230,2023-10-14 12:07:00,Busy
D230,2023-10-14 13:17:00,Busy
D230,2023-10-14 13:54:00,Offline
D230,2023-10-15 07:54:00,Online
D230,2023-10-15 09:47:00,Idle
D230,2023-10-15 11:34:00,Idle
D230,2023-10-15 13:27:00,Idle
D230,2023-10-15 15:07:00,Busy
D230,2023-10-15 16:49:00,Idle
D230,2023-10-15 17:45:00,Offline
D230,2023-10-16 08:45:00,Online
D230,2023-10-16 09:39:00,Idle
D230,2023-10-16 10:16:00,Idle
D230,2023-10-16 11:38:00,Idle
D230,2023-10-16 11:54:00,Busy
D230,2023-10-16 13:38:00,Idle
D230,2023-10-16 14:44:00,Busy
D230,2023-10-16 16:44:00,Busy
D230,2023-10-16 17:19:00,Busy
D230,2023-10-16 18:15:00,Idle
D230,2023-10-16 18:38:00,Offline
D230,2023-10-17 17:38:00,Online
D230,2023-10-17 18:57:00,Busy
D230,2023-10-17 19:59:00,Idle
D230,2023-10-17 21:06:00,Busy
D230,2023-10-17 22:33:00,Busy
D230,2023-10-17 23:13:00,Busy
D230,2023-10-17 23:47:00,Offline
D230,2023-10-18 15:47:00,Online
D230,2023-10-18 16:32:00,Busy
D230,2023-10-18 17:10:00,Busy
D230,2023-10-18 17:32:00,Busy
D230,2023-10-18 18:03:00,Offline
D230,2023-10-19 13:03:00,Online
D230,2023-10-19 13:23:00,Busy
D230,2023-10-19 15:16:00,Idle
D230,2023-10-19 15:37:00,Busy
D230,2023-10-19 16:38:00,Busy
D230,2023-10-19 16:54:00,Idle
D230,2023-10-19 17:50:00,Idle
D230,2023-10-19 19:00:00,Busy
D230,2023-10-19 19:14:00,Offline
D230,2023-10-20 16:14:00,Online
D230,2023-10-20 17:21:00,Idle
D230,2023-10-20 19:06:00,Busy
D230,2023-10-20 20:29:00,Busy
D230,2023-10-20 22:16:00,Busy
D230,2023-10-20 22:53:00,Idle
D230,2023-10-20 23:27:00,Busy
D230,2023-10-21 00:31:00,Idle
D230,2023-10-21 01:29:00,Idle
D230,2023-10-21 01:56:00,Offline
D230,2023-10-21 19:56:00,Online
D230,2023-10-21 20:45:00,Busy
D230,2023-10-21 21:54:00,Idle
D230,2023-10-21 23:47:00,Busy
D230,2023-10-22 01:29:00,Idle
D230,2023-10-22 02:11:00,Idle
D230,2023-10-22 02:30:00,Busy
D230,2023-10-22 03:43:00,Idle
D230,2023-10-22 04:19:00,Offline
D231,2023-10-02 00:00:00,Online
D231,2023-10-02 01:34:00,Idle
D231,2023-10-02 03:25:00,Busy
D231,2023-10-02 03:47:00,Idle
D231,2023-10-02 04:35:00,Idle
D231,2023-10-02 06:12:00,Busy
D231,2023-10-02 07:13:00,Busy
D231,2023-10-02 08:21:00,Busy
D231,2023-10-02 10:08:00,Busy
D231,2023-10-02 10:46:00,Offline
D231,2023-10-03 06:46:00,Online
D231,2023-10-03 08:36:00,Busy
D231,2023-10-03 08:56:00,Idle
D231,2023-10-03 10:38:00,Busy
D231,2023-10-03 11:03:00,Busy
D231,2023-10-03 11:48:00,Idle
D231,2023-10-03 12:23:00,Idle
D231,2023-10-03 13:17:00,Idle
D231,2023-10-03 15:00:00,Idle
D231,2023-10-03 15:35:00,Offline
D231,2023-10-04 10:35:00,Online
D231,2023-10-04 11:56:00,Busy
D231,2023-10-04 13:28:00,Busy
D231,2023-10-04 15:09:00,Idle
D231,2023-10-04 17:07:00,Idle
D231,2023-10-04 18:44:00,Busy
D231,2023-10-04 19:31:00,Busy
D231,2023-10-04 20:16:00,Idle
D231,2023-10-04 20:43:00,Busy
D231,2023-10-04 22:29:00,Idle
D231,2023-10-05 00:19:00,Busy
D231,2023-10-05 00:45:00,Offline
D231,2023-10-05 21:45:00,Online
D231,2023-10-05 22:33:00,Idle
D231,2023-10-05 23:05:00,Idle
D231,2023-10-05 23:57:00,Idle
D231,2023-10-06 01:26:00,Idle
D231,2023-10-06 02:53:00,Busy
D231,2023-10-06 03:40:00,Busy
D231,2023-10-06 03:58:00,Offline
D231,2023-10-07 01:58:00,Online
D231,2023-10-07 02:35:00,Idle
D231,2023-10-07 04:30:00,Idle
D231,2023-10-07 06:22:00,Idle
D231,2023-10-07 07:56:00,Idle
D231,2023-10-07 08:49:00,Offline
D231,2023-10-08 01:49:00,Online
D231,2023-10-08 02:23:00,Busy
D231,2023-10-08 03:09:00,Idle
D231,2023-10-08 03:43:00,Busy
D231,2023-10-08 05:22:00,Idle
D231,2023-10-08 07:20:00,Busy
D231,2023-10-08 09:09:00,Busy
D231,2023-10-08 09:20:00,Offline
D232,2023-10-03 00:00:00,Online
D232,2023-10-03 01:19:00,Idle
D232,2023-10-03 03:04:00,Busy
D232,2023-10-03 04:21:00,Idle
D232,2023-10-03 06:00:00,Idle
D232,2023-10-03 06:17:00,Offline
D232,2023-10-04 04:17:00,Online
D232,2023-10-04 06:15:00,Busy
D232,2023-10-04 07:48:00,Idle
D232,2023-10-04 08:35:00,Idle
D232,2023-10-04 09:24:00,Idle
D232,2023-10-04 10:08:00,Busy
D232,2023-10-04 11:44:00,Busy
D232,2023-10-04 13:30:00,Idle
D232,2023-10-04 14:30:00,Offline
D232,2023-10-05 09:30:00,Online
D232,2023-10-05 10:26:00,Busy
D232,2023-10-05 12:12:00,Idle
D232,2023-10-05 12:58:00,Busy
D232,2023-10-05 13:52:00,Idle
D232,2023-10-05 14:36:00,Idle
D232,2023-10-05 15:31:00,Busy
D232,2023-10-05 16:01:00,Idle
D232,2023-10-05 17:03:00,Idle
D232,2023-10-05 17:16:00,Offline
D232,2023-10-06 11:16:00,Online
D232,2023-10-06 12:09:00,Busy
D232,2023-10-06 13:38:00,Idle
D232,2023-10-06 15:36:00,Busy
D232,2023-10-06 17:12:00,Idle
D232,2023-10-06 18:26:00,Busy
D232,2023-10-06 19:24:00,Idle
D232,2023-10-06 20:20:00,Idle
D232,2023-10-06 20:49:00,Idle
D232,2023-10-06 22:13:00,Busy
D232,2023-10-06 22:58:00,Offline
D232,2023-10-07 20:58:00,Online
D232,2023-10-07 21:34:00,Idle
D232,2023-10-07 23:33:00,Busy
D232,2023-10-08 00:55:00,Busy
D232,2023-10-08 01:42:00,Offline
D232,2023-10-08 22:42:00,Online
D232,2023-10-08 23:57:00,Idle
D232,2023-10-09 01:47:00,Idle
D232,2023-10-09 02:21:00,Idle
D232,2023-10-09 03:28:00,Busy
D232,2023-10-09 04:53:00,Idle
D232,2023-10-09 05:21:00,Offline
D232,2023-10-09 20:21:00,Online
D232,2023-10-09 22:06:00,Idle
D232,2023-10-09 23:02:00,Idle
D232,2023-10-09 23:34:00,Idle
D232,2023-10-10 00:08:00,Idle
D232,2023-10-10 00:25:00,Busy
D232,2023-10-10 01:52:00,Busy
D232,2023-10-10 03:05:00,Idle
D232,2023-10-10 04:21:00,Busy
D232,2023-10-10 05:02:00,Busy
D232,2023-10-10 05:22:00,Offline
D232,2023-10-10 22:22:00,Online
D232,2023-10-10 23:56:00,Idle
D232,2023-10-11 01:06:00,Idle
D232,2023-10-11 02:58:00,Idle
D232,2023-10-11 04:57:00,Busy
D232,2023-10-11 06:18:00,Busy
D232,2023-10-11 07:05:00,Idle
D232,2023-10-11 08:57:00,Idle
D232,2023-10-11 10:21:00,Idle
D232,2023-10-11 11:03:00,Offline
D232,2023-10-12 01:03:00,Online
D232,2023-10-12 03:01:00,Idle
D232,2023-10-12 04:33:00,Busy
D232,2023-10-12 05:39:00,Busy
D232,2023-10-12 06:49:00,Busy
D232,2023-10-12 08:28:00,Busy
D232,2023-10-12 08:58:00,Busy
D232,2023-10-12 09:41:00,Busy
D232,2023-10-12 10:38:00,Offline
D232,2023-10-13 06:38:00,Online
D232,2023-10-13 08:13:00,Busy
D232,2023-10-13 10:07:00,Idle
D232,2023-10-13 12:04:00,Idle
D232,2023-10-13 12:51:00,Busy
D232,2023-10-13 14:40:00,Busy
D232,2023-10-13 16:20:00,Busy
D232,2023-10-13 16:50:00,Idle
D232,2023-10-13 18:19:00,Idle
D232,2023-10-13 20:12:00,Busy
D232,2023-10-13 20:56:00,Offline
D233,2023-10-03 00:00:00,Online
D233,2023-10-03 01:37:00,Busy
D233,2023-10-03 02:48:00,Busy
D233,2023-10-03 03:27:00,Idle
D233,2023-10-03 03:48:00,Idle
D233,2023-10-03 05:10:00,Busy
D233,2023-10-03 05:38:00,Busy
D233,2023-10-03 06:19:00,Busy
D233,2023-10-03 08:12:00,Idle
D233,2023-10-03 08:34:00,Busy
D233,2023-10-03 09:27:00,Offline
D233,2023-10-04 03:27:00,Online
D233,2023-10-04 04:25:00,Busy
D233,2023-10-04 04:47:00,Idle
D233,2023-10-04 05:55:00,Idle
D233,2023-10-04 06:41:00,Idle
D233,2023-10-04 06:56:00,Idle
D233,2023-10-04 08:28:00,Idle
D233,2023-10-04 09:12:00,Busy
D233,2023-10-04 11:02:00,Idle
D233,2023-10-04 12:25:00,Idle
D233,2023-10-04 13:31:00,Idle
D233,2023-10-04 13:55:00,Offline
D233,2023-10-05 08:55:00,Online
D233,2023-10-05 09:20:00,Busy
D233,2023-10-05 09:46:00,Busy
D233,2023-10-05 11:45:00,Busy
D233,2023-10-05 12:46:00,Busy
D233,2023-10-05 13:22:00,Idle
D233,2023-10-05 14:08:00,Idle
D233,2023-10-05 15:26:00,Busy
D233,2023-10-05 16:59:00,Busy
D233,2023-10-05 17:20:00,Busy
D233,2023-10-05 17:43:00,Idle
D233,2023-10-05 18:25:00,Offline
D233,2023-10-06 08:25:00,Online
D233,2023-10-06 09:55:00,Busy
D233,2023-10-06 10:30:00,Idle
D233,2023-10-06 12:00:00,Busy
D233,2023-10-06 13:07:00,Busy
D233,2023-10-06 13:54:00,Idle
D233,2023-10-06 14:13:00,Idle
D233,2023-10-06 15:44:00,Busy
D233,2023-10-06 16:29:00,Offline
D233,2023-10-07 10:29:00,Online
D233,2023-10-07 12:19:00,Idle
D233,2023-10-07 14:17:00,Idle
D233,2023-10-07 16:10:00,Busy
D233,2023-10-07 18:04:00,Idle
D233,2023-10-07 18:27:00,Idle
D233,2023-10-07 20:27:00,Busy
D233,2023-10-07 22:02:00,Busy
D233,2023-10-07 23:16:00,Busy
D233,2023-10-08 00:25:00,Idle
D233,2023-10-08 02:21:00,Busy
D233,2023-10-08 03:17:00,Offline
D233,2023-10-09 03:17:00,Online
D233,2023-10-09 03:44:00,Idle
D233,2023-10-09 04:40:00,Busy
D233,2023-10-09 05:54:00,Busy
D233,2023-10-09 07:43:00,Busy
D233,2023-10-09 08:54:00,Idle
D233,2023-10-09 10:47:00,Busy
D233,2023-10-09 11:36:00,Busy
D233,2023-10-09 12:30:00,Offline
D233,2023-10-10 01:30:00,Online
D233,2023-10-10 02:17:00,Busy
D233,2023-10-10 03:29:00,Busy
D233,2023-10-10 03:45:00,Busy
D233,2023-10-10 04:32:00,Offline
D233,2023-10-10 18:32:00,Online
D233,2023-10-10 18:53:00,Busy
D233,2023-10-10 20:16:00,Busy
D233,2023-10-10 20:32:00,Busy
D233,2023-10-10 21:32:00,Busy
D233,2023-10-10 22:15:00,Idle
D233,2023-10-10 23:06:00,Idle
D233,2023-10-10 23:27:00,Offline
D233,2023-10-11 14:27:00,Online
D233,2023-10-11 15:42:00,Idle
D233,2023-10-11 16:18:00,Busy
D233,2023-10-11 17:37:00,Idle
D233,2023-10-11 18:55:00,Idle
D233,2023-10-11 20:35:00,Idle
D233,2023-10-11 21:12:00,Busy
D233,2023-10-11 22:02:00,Offline
D233,2023-10-12 22:02:00,Online
D233,2023-10-12 23:19:00,Busy
D233,2023-10-13 01:02:00,Busy
D233,2023-10-13 02:56:00,Idle
D233,2023-10-13 04:47:00,Idle
D233,2023-10-13 05:50:00,Idle
D233,2023-10-13 07:37:00,Idle
D233,2023-10-13 08:55:00,Busy
D233,2023-10-13 09:37:00,Busy
D233,2023-10-13 09:56:00,Offline
D233,2023-10-14 02:56:00,Online
D233,2023-10-14 04:13:00,Idle
D233,2023-10-14 05:09:00,Busy
D233,2023-10-14 05:54:00,Idle
D233,2023-10-14 06:35:00,Idle
D233,2023-10-14 07:19:00,Offline
D233,2023-10-14 23:19:00,Online
D233,2023-10-15 00:01:00,Idle
D233,2023-10-15 01:26:00,Idle
D233,2023-10-15 02:51:00,Busy
D233,2023-10-15 03:57:00,Idle
D233,2023-10-15 05:08:00,Idle
D233,2023-10-15 06:04:00,Busy
D233,2023-10-15 07:46:00,Busy
D233,2023-10-15 08:48:00,Busy
D233,2023-10-15 10:02:00,Idle
D233,2023-10-15 10:32:00,Idle
D233,2023-10-15 10:46:00,Offline
D233,2023-10-16 07:46:00,Online
D233,2023-10-16 09:39:00,Idle
D233,2023-10-16 11:32:00,Busy
D233,2023-10-16 12:59:00,Idle
D233,2023-10-16 13:21:00,Idle
D233,2023-10-16 14:21:00,Idle
D233,2023-10-16 15:20:00,Idle
D233,2023-10-16 16:40:00,Idle
D233,2023-10-16 17:08:00,Idle
D233,2023-10-16 17:55:00,Offline
D234,2023-10-06 00:00:00,Online
D234,2023-10-06 01:44:00,Busy
D234,2023-10-06 03:31:00,Busy
D234,2023-10-06 04:55:00,Idle
D234,2023-10-06 06:39:00,Busy
D234,2023-10-06 07:49:00,Busy
D234,2023-10-06 09:02:00,Busy
D234,2023-10-06 09:28:00,Idle
D234,2023-10-06 10:25:00,Idle
D234,2023-10-06 11:23:00,Idle
D234,2023-10-06 13:16:00,Busy
D234,2023-10-06 13:31:00,Offline
D234,2023-10-07 06:31:00,Online
D234,2023-10-07 08:03:00,Busy
D234,2023-10-07 08:35:00,Idle
D234,2023-10-07 10:14:00,Busy
D234,2023-10-07 11:35:00,Idle
D234,2023-10-07 12:20:00,Busy
D234,2023-10-07 13:34:00,Idle
D234,2023-10-07 14:20:00,Offline
D234,2023-10-08 04:20:00,Online
D234,2023-10-08 04:53:00,Idle
D234,2023-10-08 06:47:00,Idle
D234,2023-10-08 08:28:00,Busy
D234,2023-10-08 10:12:00,Busy
D234,2023-10-08 11:12:00,Idle
D234,2023-10-08 12:48:00,Idle
D234,2023-10-08 13:34:00,Idle
D234,2023-10-08 15:18:00,Idle
D234,2023-10-08 15:28:00,Offline
D234,2023-10-09 11:28:00,Online
D234,2023-10-09 12:39:00,Idle
D234,2023-10-09 13:35:00,Idle
D234,2023-10-09 15:07:00,Busy
D234,2023-10-09 16:53:00,Busy
D234,2023-10-09 18:43:00,Idle
D234,2023-10-09 19:06:00,Idle
D234,2023-10-09 20:34:00,Busy
D234,2023-10-09 22:15:00,Idle
D234,2023-10-10 00:12:00,Busy
D234,2023-10-10 00:47:00,Offline
D234,2023-10-11 00:47:00,Online
D234,2023-10-11 02:38:00,Busy
D234,2023-10-11 03:41:00,Idle
D234,2023-10-11 03:59:00,Busy
D234,2023-10-11 05:43:00,Busy
D234,2023-10-11 07:17:00,Busy
D234,2023-10-11 08:39:00,Busy
D234,2023-10-11 09:03:00,Idle
D234,2023-10-11 10:01:00,Busy
D234,2023-10-11 10:51:00,Offline
D234,2023-10-12 08:51:00,Online
D234,2023-10-12 09:13:00,Idle
D234,2023-10-12 10:44:00,Busy
D234,2023-10-12 12:41:00,Busy
D234,2023-10-12 14:17:00,Busy
D234,2023-10-12 15:01:00,Busy
D234,2023-10-12 15:23:00,Idle
D234,2023-10-12 16:35:00,Busy
D234,2023-10-12 16:54:00,Busy
D234,2023-10-12 17:58:00,Busy
D234,2023-10-12 18:16:00,Offline
D234,2023-10-13 18:16:00,Online
D234,2023-10-13 19:21:00,Busy
D234,2023-10-13 19:40:00,Busy
D234,2023-10-13 21:16:00,Busy
D234,2023-10-13 22:25:00,Busy
D234,2023-10-13 23:50:00,Busy
D234,2023-10-14 00:59:00,Busy
D234,2023-10-14 01:30:00,Busy
D234,2023-10-14 02:04:00,Offline
D235,2023-10-05 00:00:00,Online
D235,2023-10-05 01:37:00,Idle
D235,2023-10-05 02:25:00,Idle
D235,2023-10-05 03:22:00,Idle
D235,2023-10-05 05:15:00,Busy
D235,2023-10-05 05:49:00,Idle
D235,2023-10-05 06:32:00,Offline
D235,2023-10-06 01:32:00,Online
D235,2023-10-06 01:50:00,Busy
D235,2023-10-06 02:21:00,Busy
D235,2023-10-06 03:35:00,Idle
D235,2023-10-06 05:01:00,Idle
D235,2023-10-06 06:35:00,Busy
D235,2023-10-06 06:56:00,Busy
D235,2023-10-06 08:03:00,Busy
D235,2023-10-06 09:22:00,Busy
D235,2023-10-06 09:55:00,Offline
D235,2023-10-06 23:55:00,Online
D235,2023-10-07 01:00:00,Busy
D235,2023-10-07 01:16:00,Busy
D235,2023-10-07 02:27:00,Idle
D235,2023-10-07 03:10:00,Offline
D235,2023-10-07 17:10:00,Online
D235,2023-10-07 18:28:00,Busy
D235,2023-10-07 18:43:00,Busy
D235,2023-10-07 19:16:00,Idle
D235,2023-10-07 21:03:00,Idle
D235,2023-10-07 21:50:00,Busy
D235,2023-10-07 22:26:00,Idle
D235,2023-10-07 23:27:00,Busy
D235,2023-10-08 00:18:00,Offline
D235,2023-10-08 21:18:00,Online
D235,2023-10-08 21:57:00,Busy
D235,2023-10-08 22:19:00,Busy
D235,2023-10-09 00:05:00,Busy
D235,2023-10-09 01:37:00,Idle
D235,2023-10-09 03:03:00,Busy
D235,2023-10-09 03:58:00,Idle
D235,2023-10-09 05:21:00,Busy
D235,2023-10-09 05:48:00,Offline
D235,2023-10-09 23:48:00,Online
D235,2023-10-10 01:41:00,Idle
D235,2023-10-10 03:28:00,Idle
D235,2023-10-10 03:47:00,Idle
D235,2023-10-10 04:30:00,Offline
D235,2023-10-10 20:30:00,Online
D235,2023-10-10 21:44:00,Busy
D235,2023-10-10 22:46:00,Idle
D235,2023-10-11 00:16:00,Busy
D235,2023-10-11 00:42:00,Idle
D235,2023-10-11 01:20:00,Idle
D235,2023-10-11 03:17:00,Idle
D235,2023-10-11 03:40:00,Offline
D235,2023-10-11 19:40:00,Online
D235,2023-10-11 20:36:00,Busy
D235,2023-10-11 21:37:00,Idle
D235,2023-10-11 22:30:00,Busy
D235,2023-10-11 23:17:00,Idle
D235,2023-10-11 23:32:00,Offline
D236,2023-10-02 00:00:00,Online
D236,2023-10-02 00:22:00,Idle
D236,2023-10-02 01:19:00,Idle
D236,2023-10-02 02:02:00,Busy
D236,2023-10-02 03:28:00,Idle
D236,2023-10-02 04:05:00,Idle
D236,2023-10-02 04:47:00,Idle
D236,2023-10-02 06:45:00,Idle
D236,2023-10-02 07:55:00,Idle
D236,2023-10-02 09:54:00,Busy
D236,2023-10-02 11:15:00,Idle
D236,2023-10-02 12:15:00,Offline
D236,2023-10-03 00:15:00,Online
D236,2023-10-03 01:45:00,Idle
D236,2023-10-03 03:21:00,Idle
D236,2023-10-03 03:38:00,Idle
D236,2023-10-03 04:50:00,Busy
D236,2023-10-03 06:42:00,Idle
D236,2023-10-03 08:28:00,Idle
D236,2023-10-03 08:48:00,Offline
D236,2023-10-03 23:48:00,Online
D236,2023-10-04 00:18:00,Idle
D236,2023-10-04 01:59:00,Busy
D236,2023-10-04 03:59:00,Idle
D236,2023-10-04 05:11:00,Idle
D236,2023-10-04 05:54:00,Offline
D236,2023-10-05 03:54:00,Online
D236,2023-10-05 04:14:00,Busy
D236,2023-10-05 05:40:00,Busy
D236,2023-10-05 06:44:00,Idle
D236,2023-10-05 08:01:00,Busy
D236,2023-10-05 09:32:00,Idle
D236,2023-10-05 11:07:00,Idle
D236,2023-10-05 11:27:00,Idle
D236,2023-10-05 11:45:00,Offline
D236,2023-10-06 02:45:00,Online
D236,2023-10-06 04:36:00,Busy
D236,2023-10-06 06:04:00,Busy
D236,2023-10-06 06:26:00,Busy
D236,2023-10-06 08:15:00,Idle
D236,2023-10-06 09:05:00,Offline
D236,2023-10-06 22:05:00,Online
D236,2023-10-06 23:29:00,Busy
D236,2023-10-07 01:05:00,Idle
D236,2023-10-07 02:06:00,Idle
D236,2023-10-07 03:22:00,Idle
D236,2023-10-07 04:41:00,Idle
D236,2023-10-07 06:30:00,Idle
D236,2023-10-07 07:55:00,Idle
D236,2023-10-07 09:48:00,Idle
D236,2023-10-07 10:23:00,Offline
D236,2023-10-08 05:23:00,Online
D236,2023-10-08 06:17:00,Busy
D236,2023-10-08 07:20:00,Busy
D236,2023-10-08 09:10:00,Idle
D236,2023-10-08 10:35:00,Busy
D236,2023-10-08 11:48:00,Idle
D236,2023-10-08 12:05:00,Offline
D236,2023-10-09 00:05:00,Online
D236,2023-10-09 01:39:00,Busy
D236,2023-10-09 03:33:00,Busy
D236,2023-10-09 04:29:00,Idle
D236,2023-10-09 06:09:00,Busy
D236,2023-10-09 07:52:00,Busy
D236,2023-10-09 09:18:00,Busy
D236,2023-10-09 09:42:00,Offline
D236,2023-10-10 03:42:00,Online
D236,2023-10-10 05:03:00,Idle
D236,2023-10-10 06:29:00,Busy
D236,2023-10-10 07:26:00,Idle
D236,2023-10-10 08:01:00,Busy
D236,2023-10-10 08:51:00,Offline
D236,2023-10-11 05:51:00,Online
D236,2023-10-11 07:21:00,Idle
D236,2023-10-11 08:07:00,Busy
D236,2023-10-11 08:32:00,Busy
D236,2023-10-11 08:47:00,Busy
D236,2023-10-11 09:28:00,Offline
D236,2023-10-11 23:28:00,Online
D236,2023-10-12 00:47:00,Idle
D236,2023-10-12 02:38:00,Busy
D236,2023-10-12 03:05:00,Busy
D236,2023-10-12 04:03:00,Busy
D236,2023-10-12 04:34:00,Offline
D236,2023-10-13 00:34:00,Online
D236,2023-10-13 01:35:00,Busy
D236,2023-10-13 02:39:00,Idle
D236,2023-10-13 03:48:00,Idle
D236,2023-10-13 04:43:00,Idle
D236,2023-10-13 05:41:00,Offline
D236,2023-10-13 22:41:00,Online
D236,2023-10-13 23:06:00,Idle
D236,2023-10-14 00:37:00,Idle
D236,2023-10-14 02:18:00,Idle
D236,2023-10-14 04:04:00,Idle
D236,2023-10-14 05:44:00,Busy
D236,2023-10-14 07:40:00,Idle
D236,2023-10-14 08:11:00,Busy
D236,2023-10-14 08:40:00,Offline
D238,2023-10-05 00:00:00,Online
D238,2023-10-05 01:50:00,Idle
D238,2023-10-05 03:33:00,Idle
D238,2023-10-05 05:14:00,Busy
D238,2023-10-05 05:37:00,Offline
D238,2023-10-06 04:37:00,Online
D238,2023-10-06 05:11:00,Busy
D238,2023-10-06 05:49:00,Busy
D238,2023-10-06 07:03:00,Busy
D238,2023-10-06 07:26:00,Offline
D238,2023-10-06 21:26:00,Online
D238,2023-10-06 22:27:00,Idle
D238,2023-10-06 23:01:00,Busy
D238,2023-10-06 23:47:00,Idle
D238,2023-10-07 00:38:00,Busy
D238,2023-10-07 01:27:00,Offline
D238,2023-10-07 17:27:00,Online
D238,2023-10-07 18:20:00,Idle
D238,2023-10-07 19:28:00,Idle
D238,2023-10-07 20:13:00,Busy
D238,2023-10-07 20:43:00,Idle
D238,2023-10-07 21:51:00,Busy
D238,2023-10-07 22:34:00,Offline
D238,2023-10-08 12:34:00,Online
D238,2023-10-08 13:14:00,Busy
D238,2023-10-08 14:53:00,Idle
D238,2023-10-08 15:12:00,Busy
D238,2023-10-08 15:38:00,Offline
D240,2023-10-01 00:00:00,Online
D240,2023-10-01 01:33:00,Busy
D240,2023-10-01 01:59:00,Idle
D240,2023-10-01 03:35:00,Idle
D240,2023-10-01 05:35:00,Idle
D240,2023-10-01 07:06:00,Busy
D240,2023-10-01 08:41:00,Idle
D240,2023-10-01 10:24:00,Busy
D240,2023-10-01 11:20:00,Idle
D240,2023-10-01 12:49:00,Busy
D240,2023-10-01 13:27:00,Busy
D240,2023-10-01 13:48:00,Offline
D240,2023-10-02 01:48:00,Online
D240,2023-10-02 02:12:00,Busy
D240,2023-10-02 02:41:00,Idle
D240,2023-10-02 03:07:00,Busy
D240,2023-10-02 03:32:00,Idle
D240,2023-10-02 04:24:00,Idle
D240,2023-10-02 05:03:00,Offline
D240,2023-10-02 21:03:00,Online
D240,2023-10-02 22:55:00,Idle
D240,2023-10-03 00:54:00,Busy
D240,2023-10-03 02:50:00,Idle
D240,2023-10-03 03:22:00,Idle
D240,2023-10-03 03:53:00,Busy
D240,2023-10-03 04:54:00,Idle
D240,2023-10-03 05:30:00,Idle
D240,2023-10-03 06:57:00,Idle
D240,2023-10-03 07:22:00,Offline
D240,2023-10-04 05:22:00,Online
D240,2023-10-04 06:39:00,Busy
D240,2023-10-04 07:57:00,Idle
D240,2023-10-04 08:42:00,Busy
D240,2023-10-04 09:20:00,Idle
D240,2023-10-04 11:17:00,Idle
D240,2023-10-04 12:01:00,Idle
D240,2023-10-04 12:40:00,Busy
D240,2023-10-04 14:27:00,Idle
D240,2023-10-04 15:32:00,Idle
D240,2023-10-04 16:52:00,Idle
D240,2023-10-04 17:47:00,Offline
D240,2023-10-05 07:47:00,Online
D240,2023-10-05 08:30:00,Busy
D240,2023-10-05 08:52:00,Idle
D240,2023-10-05 10:28:00,Busy
D240,2023-10-05 11:31:00,Idle
D240,2023-10-05 12:17:00,Busy
D240,2023-10-05 14:15:00,Idle
D240,2023-10-05 14:55:00,Offline
D240,2023-10-06 14:55:00,Online
D240,2023-10-06 16:35:00,Busy
D240,2023-10-06 17:15:00,Idle
D240,2023-10-06 17:36:00,Idle
D240,2023-10-06 18:19:00,Idle
D240,2023-10-06 19:15:00,Idle
D240,2023-10-06 19:52:00,Busy
D240,2023-10-06 20:18:00,Idle
D240,2023-10-06 22:10:00,Idle
D240,2023-10-06 23:07:00,Offline
D240,2023-10-07 22:07:00,Online
D240,2023-10-07 22:25:00,Idle
D240,2023-10-07 22:49:00,Idle
D240,2023-10-08 00:49:00,Idle
D240,2023-10-08 02:11:00,Idle
D240,2023-10-08 03:48:00,Idle
D240,2023-10-08 05:48:00,Idle
D240,2023-10-08 06:14:00,Busy
D240,2023-10-08 08:09:00,Idle
D240,2023-10-08 09:35:00,Busy
D240,2023-10-08 11:07:00,Busy
D240,2023-10-08 12:02:00,Offline
D241,2023-10-02 00:00:00,Online
D241,2023-10-02 00:56:00,Idle
D241,2023-10-02 02:35:00,Busy
D241,2023-10-02 03:18:00,Idle
D241,2023-10-02 05:04:00,Idle
D241,2023-10-02 05:25:00,Offline
D241,2023-10-02 18:25:00,Online
D241,2023-10-02 19:55:00,Busy
D241,2023-10-02 20:32:00,Idle
D241,2023-10-02 21:50:00,Busy
D241,2023-10-02 23:32:00,Busy
D241,2023-10-03 00:25:00,Offline
D241,2023-10-03 23:25:00,Online
D241,2023-10-04 00:46:00,Idle
D241,2023-10-04 01:45:00,Idle
D241,2023-10-04 03:42:00,Busy
D241,2023-10-04 04:03:00,Offline
D241,2023-10-05 01:03:00,Online
D241,2023-10-05 02:31:00,Idle
D241,2023-10-05 03:59:00,Idle
D241,2023-10-05 05:24:00,Idle
D241,2023-10-05 06:19:00,Offline
D241,2023-10-06 00:19:00,Online
D241,2023-10-06 01:11:00,Busy
D241,2023-10-06 01:39:00,Idle
D241,2023-10-06 03:14:00,Idle
D241,2023-10-06 04:55:00,Busy
D241,2023-10-06 05:47:00,Busy
D241,2023-10-06 06:49:00,Busy
D241,2023-10-06 08:27:00,Busy
D241,2023-10-06 09:33:00,Idle
D241,2023-10-06 09:51:00,Idle
D241,2023-10-06 11:19:00,Busy
D241,2023-10-06 11:35:00,Offline
D241,2023-10-07 09:35:00,Online
D241,2023-10-07 10:29:00,Busy
D241,2023-10-07 11:32:00,Idle
D241,2023-10-07 12:50:00,Busy
D241,2023-10-07 13:16:00,Busy
D241,2023-10-07 13:42:00,Offline
D241,2023-10-08 06:42:00,Online
D241,2023-10-08 08:14:00,Idle
D241,2023-10-08 10:14:00,Busy
D241,2023-10-08 10:42:00,Busy
D241,2023-10-08 12:12:00,Idle
D241,2023-10-08 13:17:00,Idle
D241,2023-10-08 13:51:00,Idle
D241,2023-10-08 14:49:00,Offline
D241,2023-10-09 09:49:00,Online
D241,2023-10-09 10:27:00,Busy
D241,2023-10-09 11:45:00,Idle
D241,2023-10-09 12:02:00,Busy
D241,2023-10-09 13:23:00,Idle
D241,2023-10-09 15:09:00,Busy
D241,2023-10-09 16:54:00,Idle
D241,2023-10-09 17:49:00,Idle
D241,2023-10-09 18:24:00,Offline
D242,2023-10-04 00:00:00,Online
D242,2023-10-04 00:48:00,Idle
D242,2023-10-04 01:52:00,Busy
D242,2023-10-04 03:19:00,Busy
D242,2023-10-04 04:09:00,Idle
D242,2023-10-04 04:43:00,Idle
D242,2023-10-04 05:54:00,Idle
D242,2023-10-04 07:38:00,Busy
D242,2023-10-04 07:53:00,Busy
D242,2023-10-04 08:20:00,Idle
D242,2023-10-04 08:44:00,Offline
D242,2023-10-05 03:44:00,Online
D242,2023-10-05 05:35:00,Idle
D242,2023-10-05 06:51:00,Idle
D242,2023-10-05 08:15:00,Busy
D242,2023-10-05 09:51:00,Idle
D242,2023-10-05 10:50:00,Busy
D242,2023-10-05 11:41:00,Offline
D242,2023-10-06 07:41:00,Online
D242,2023-10-06 09:14:00,Idle
D242,2023-10-06 09:47:00,Busy
D242,2023-10-06 10:11:00,Busy
D242,2023-10-06 11:00:00,Idle
D242,2023-10-06 11:26:00,Offline
D242,2023-10-07 07:26:00,Online
D242,2023-10-07 08:09:00,Busy
D242,2023-10-07 09:51:00,Busy
D242,2023-10-07 10:16:00,Busy
D242,2023-10-07 11:12:00,Busy
D242,2023-10-07 12:51:00,Busy
D242,2023-10-07 14:29:00,Idle
D242,2023-10-07 15:15:00,Idle
D242,2023-10-07 15:54:00,Idle
D242,2023-10-07 16:54:00,Idle
D242,2023-10-07 18:27:00,Idle
D242,2023-10-07 19:12:00,Offline
D242,2023-10-08 07:12:00,Online
D242,2023-10-08 07:50:00,Idle
D242,2023-10-08 09:15:00,Busy
D242,2023-10-08 09:53:00,Busy
D242,2023-10-08 10:08:00,Idle
D242,2023-10-08 11:40:00,Idle
D242,2023-10-08 12:49:00,Busy
D242,2023-10-08 13:27:00,Busy
D242,2023-10-08 14:45:00,Busy
D242,2023-10-08 15:28:00,Offline
D242,2023-10-09 03:28:00,Online
D242,2023-10-09 04:18:00,Busy
D242,2023-10-09 06:06:00,Busy
D242,2023-10-09 07:48:00,Idle
D242,2023-10-09 09:38:00,Busy
D242,2023-10-09 10:30:00,Busy
D242,2023-10-09 10:59:00,Idle
D242,2023-10-09 11:40:00,Offline
D242,2023-10-10 01:40:00,Online
D242,2023-10-10 02:14:00,Idle
D242,2023-10-10 03:12:00,Idle
D242,2023-10-10 03:31:00,Busy
D242,2023-10-10 04:06:00,Offline
D244,2023-10-03 00:00:00,Online
D244,2023-10-03 01:06:00,Busy
D244,2023-10-03 02:14:00,Idle
D244,2023-10-03 03:34:00,Busy
D244,2023-10-03 04:10:00,Offline
D244,2023-10-04 02:10:00,Online
D244,2023-10-04 03:53:00,Busy
D244,2023-10-04 05:43:00,Busy
D244,2023-10-04 07:23:00,Idle
D244,2023-10-04 07:56:00,Offline
D244,2023-10-05 02:56:00,Online
D244,2023-10-05 04:45:00,Idle
D244,2023-10-05 06:29:00,Busy
D244,2023-10-05 06:58:00,Idle
D244,2023-10-05 07:49:00,Busy
D244,2023-10-05 08:47:00,Busy
D244,2023-10-05 09:55:00,Busy
D244,2023-10-05 10:32:00,Offline
D244,2023-10-06 06:32:00,Online
D244,2023-10-06 08:05:00,Busy
D244,2023-10-06 08:54:00,Busy
D244,2023-10-06 10:40:00,Idle
D244,2023-10-06 12:05:00,Busy
D244,2023-10-06 12:56:00,Busy
D244,2023-10-06 13:12:00,Busy
D244,2023-10-06 13:23:00,Offline
D244,2023-10-07 10:23:00,Online
D244,2023-10-07 11:51:00,Idle
D244,2023-10-07 12:18:00,Busy
D244,2023-10-07 13:51:00,Idle
D244,2023-10-07 15:05:00,Busy
D244,2023-10-07 16:49:00,Busy
D244,2023-10-07 18:44:00,Busy
D244,2023-10-07 19:58:00,Busy
D244,2023-10-07 20:15:00,Idle
D244,2023-10-07 21:33:00,Busy
D244,2023-10-07 22:12:00,Idle
D244,2023-10-07 23:03:00,Offline
D244,2023-10-08 23:03:00,Online
D244,2023-10-09 00:33:00,Busy
D244,2023-10-09 01:26:00,Idle
D244,2023-10-09 02:46:00,Idle
D244,2023-10-09 04:46:00,Busy
D244,2023-10-09 05:39:00,Offline
D244,2023-10-10 03:39:00,Online
D244,2023-10-10 04:30:00,Busy
D244,2023-10-10 05:05:00,Idle
D244,2023-10-10 05:32:00,Idle
D244,2023-10-10 06:30:00,Offline
D244,2023-10-11 02:30:00,Online
D244,2023-10-11 03:45:00,Busy
D244,2023-10-11 05:22:00,Idle
D244,2023-10-11 07:08:00,Idle
D244,2023-10-11 08:35:00,Idle
D244,2023-10-11 10:12:00,Busy
D244,2023-10-11 11:44:00,Idle
D244,2023-10-11 12:04:00,Busy
D244,2023-10-11 12:49:00,Idle
D244,2023-10-11 14:20:00,Busy
D244,2023-10-11 14:33:00,Offline
D244,2023-10-12 09:33:00,Online
D244,2023-10-12 11:28:00,Busy
D244,2023-10-12 12:42:00,Idle
D244,2023-10-12 13:46:00,Idle
D244,2023-10-12 14:56:00,Busy
D244,2023-10-12 15:27:00,Busy
D244,2023-10-12 17:24:00,Busy
D244,2023-10-12 19:12:00,Busy
D244,2023-10-12 20:26:00,Idle
D244,2023-10-12 21:02:00,Offline
D246,2023-10-04 00:00:00,Online
D246,2023-10-04 01:55:00,Idle
D246,2023-10-04 03:35:00,Idle
D246,2023-10-04 05:27:00,Busy
D246,2023-10-04 06:20:00,Busy
D246,2023-10-04 06:54:00,Busy
D246,2023-10-04 07:25:00,Busy
D246,2023-10-04 08:25:00,Busy
D246,2023-10-04 09:39:00,Idle
D246,2023-10-04 10:36:00,Offline
D246,2023-10-05 08:36:00,Online
D246,2023-10-05 10:15:00,Busy
D246,2023-10-05 12:05:00,Idle
D246,2023-10-05 14:01:00,Idle
D246,2023-10-05 15:10:00,Idle
D246,2023-10-05 16:47:00,Busy
D246,2023-10-05 18:38:00,Idle
D246,2023-10-05 20:14:00,Idle
D246,2023-10-05 20:55:00,Offline
D246,2023-10-06 14:55:00,Online
D246,2023-10-06 15:11:00,Busy
D246,2023-10-06 16:13:00,Busy
D246,2023-10-06 17:41:00,Busy
D246,2023-10-06 18:43:00,Idle
D246,2023-10-06 20:11:00,Idle
D246,2023-10-06 20:53:00,Busy
D246,2023-10-06 22:48:00,Busy
D246,2023-10-06 23:27:00,Idle
D246,2023-10-06 23:45:00,Offline
D246,2023-10-07 18:45:00,Online
D246,2023-10-07 19:53:00,Idle
D246,2023-10-07 20:12:00,Busy
D246,2023-10-07 21:51:00,Idle
D246,2023-10-07 23:32:00,Idle
D246,2023-10-08 00:39:00,Idle
D246,2023-10-08 02:22:00,Idle
D246,2023-10-08 03:38:00,Idle
D246,2023-10-08 05:15:00,Idle
D246,2023-10-08 05:34:00,Offline
D246,2023-10-08 22:34:00,Online
D246,2023-10-08 23:42:00,Idle
D246,2023-10-09 01:18:00,Busy
D246,2023-10-09 02:58:00,Busy
D246,2023-10-09 03:18:00,Busy
D246,2023-10-09 05:01:00,Idle
D246,2023-10-09 05:20:00,Offline
D246,2023-10-10 03:20:00,Online
D246,2023-10-10 04:53:00,Idle
D246,2023-10-10 06:03:00,Busy
D246,2023-10-10 06:48:00,Busy
D246,2023-10-10 08:44:00,Idle
D246,2023-10-10 09:33:00,Offline
D246,2023-10-11 03:33:00,Online
D246,2023-10-11 04:13:00,Busy
D246,2023-10-11 04:41:00,Busy
D246,2023-10-11 05:32:00,Idle
D246,2023-10-11 06:32:00,Busy
D246,2023-10-11 07:31:00,Busy
D246,2023-10-11 08:20:00,Offline
D246,2023-10-12 03:20:00,Online
D246,2023-10-12 05:12:00,Idle
D246,2023-10-12 05:29:00,Idle
D246,2023-10-12 06:08:00,Idle
D246,2023-10-12 07:02:00,Idle
D246,2023-10-12 07:48:00,Busy
D246,2023-10-12 08:32:00,Offline
D246,2023-10-13 08:32:00,Online
D246,2023-10-13 08:48:00,Busy
D246,2023-10-13 10:16:00,Busy
D246,2023-10-13 11:33:00,Busy
D246,2023-10-13 11:54:00,Idle
D246,2023-10-13 13:27:00,Idle
D246,2023-10-13 15:12:00,Busy
D246,2023-10-13 17:03:00,Busy
D246,2023-10-13 19:01:00,Busy
D246,2023-10-13 19:52:00,Offline
D246,2023-10-14 16:52:00,Online
D246,2023-10-14 18:50:00,Busy
D246,2023-10-14 20:05:00,Busy
D246,2023-10-14 21:40:00,Idle
D246,2023-10-14 22:49:00,Busy
D246,2023-10-14 23:27:00,Offline
D246,2023-10-15 23:27:00,Online
D246,2023-10-16 00:21:00,Busy
D246,2023-10-16 01:36:00,Idle
D246,2023-10-16 02:55:00,Idle
D246,2023-10-16 04:32:00,Idle
D246,2023-10-16 04:50:00,Offline
D247,2023-10-06 00:00:00,Online
D247,2023-10-06 01:13:00,Busy
D247,2023-10-06 02:03:00,Busy
D247,2023-10-06 03:44:00,Idle
D247,2023-10-06 05:12:00,Idle
D247,2023-10-06 06:05:00,Idle
D247,2023-10-06 06:23:00,Busy
D247,2023-10-06 07:59:00,Idle
D247,2023-10-06 09:33:00,Busy
D247,2023-10-06 10:05:00,Busy
D247,2023-10-06 10:34:00,Idle
D247,2023-10-06 11:19:00,Offline
D247,2023-10-07 09:19:00,Online
D247,2023-10-07 10:07:00,Idle
D247,2023-10-07 11:11:00,Idle
D247,2023-10-07 12:45:00,Idle
D247,2023-10-07 13:09:00,Idle
D247,2023-10-07 13:48:00,Offline
D247,2023-10-08 03:48:00,Online
D247,2023-10-08 05:30:00,Busy
D247,2023-10-08 06:03:00,Busy
D247,2023-10-08 07:09:00,Busy
D247,2023-10-08 08:52:00,Idle
D247,2023-10-08 10:14:00,Busy
D247,2023-10-08 10:29:00,Offline
D247,2023-10-09 07:29:00,Online
D247,2023-10-09 08:16:00,Busy
D247,2023-10-09 09:21:00,Idle
D247,2023-10-09 10:09:00,Busy
D247,2023-10-09 11:12:00,Idle
D247,2023-10-09 12:38:00,Busy
D247,2023-10-09 13:08:00,Busy
D247,2023-10-09 13:31:00,Offline
D247,2023-10-10 07:31:00,Online
D247,2023-10-10 08:09:00,Busy
D247,2023-10-10 09:21:00,Idle
D247,2023-10-10 10:11:00,Idle
D247,2023-10-10 10:51:00,Idle
D247,2023-10-10 12:27:00,Busy
D247,2023-10-10 13:19:00,Offline
D247,2023-10-11 10:19:00,Online
D247,2023-10-11 11:25:00,Busy
D247,2023-10-11 11:54:00,Busy
D247,2023-10-11 13:34:00,Idle
D247,2023-10-11 14:26:00,Busy
D247,2023-10-11 14:51:00,Idle
D247,2023-10-11 15:51:00,Idle
D247,2023-10-11 16:49:00,Offline
D247,2023-10-12 16:49:00,Online
D247,2023-10-12 17:04:00,Busy
D247,2023-10-12 17:36:00,Idle
D247,2023-10-12 18:03:00,Busy
D247,2023-10-12 19:10:00,Busy
D247,2023-10-12 19:36:00,Offline
D247,2023-10-13 14:36:00,Online
D247,2023-10-13 16:20:00,Busy
D247,2023-10-13 17:04:00,Busy
D247,2023-10-13 19:03:00,Busy
D247,2023-10-13 20:34:00,Idle
D247,2023-10-13 22:05:00,Busy
D247,2023-10-13 23:57:00,Idle
D247,2023-10-14 00:42:00,Offline
D247,2023-10-14 23:42:00,Online
D247,2023-10-15 01:17:00,Busy
D247,2023-10-15 02:00:00,Idle
D247,2023-10-15 03:23:00,Idle
D247,2023-10-15 04:18:00,Idle
D247,2023-10-15 05:08:00,Idle
D247,2023-10-15 06:44:00,Idle
D247,2023-10-15 08:28:00,Busy
D247,2023-10-15 09:26:00,Busy
D247,2023-10-15 10:52:00,Idle
D247,2023-10-15 12:13:00,Busy
D247,2023-10-15 13:02:00,Offline
D247,2023-10-16 06:02:00,Online
D247,2023-10-16 06:39:00,Idle
D247,2023-10-16 07:57:00,Idle
D247,2023-10-16 08:34:00,Idle
D247,2023-10-16 08:47:00,Offline
D247,2023-10-16 21:47:00,Online
D247,2023-10-16 22:54:00,Idle
D247,2023-10-16 23:38:00,Busy
D247,2023-10-17 00:02:00,Busy
D247,2023-10-17 00:27:00,Offline
D247,2023-10-18 00:27:00,Online
D247,2023-10-18 00:42:00,Busy
D247,2023-10-18 01:41:00,Busy
D247,2023-10-18 02:18:00,Busy
D247,2023-10-18 03:54:00,Idle
D247,2023-10-18 04:38:00,Offline
D247,2023-10-19 04:38:00,Online
D247,2023-10-19 04:53:00,Idle
D247,2023-10-19 05:42:00,Idle
D247,2023-10-19 07:14:00,Busy
D247,2023-10-19 09:12:00,Busy
D247,2023-10-19 10:45:00,Idle
D247,2023-10-19 12:14:00,Idle
D247,2023-10-19 12:33:00,Offline
D247,2023-10-20 05:33:00,Online
D247,2023-10-20 07:00:00,Idle
D247,2023-10-20 08:48:00,Busy
D247,2023-10-20 09:34:00,Idle
D247,2023-10-20 10:15:00,Busy
D247,2023-10-20 11:17:00,Idle
D247,2023-10-20 11:33:00,Busy
D247,2023-10-20 11:44:00,Offline
D247,2023-10-21 01:44:00,Online
D247,2023-10-21 03:05:00,Idle
D247,2023-10-21 03:21:00,Busy
D247,2023-10-21 05:03:00,Busy
D247,2023-10-21 05:32:00,Idle
D247,2023-10-21 06:04:00,Busy
D247,2023-10-21 07:18:00,Busy
D247,2023-10-21 08:59:00,Busy
D247,2023-10-21 10:33:00,Idle
D247,2023-10-21 11:24:00,Busy
D247,2023-10-21 12:58:00,Idle
D247,2023-10-21 13:29:00,Offline
D249,2023-10-03 00:00:00,Online
D249,2023-10-03 01:06:00,Busy
D249,2023-10-03 01:26:00,Busy
D249,2023-10-03 03:03:00,Idle
D249,2023-10-03 04:52:00,Idle
D249,2023-10-03 06:33:00,Busy
D249,2023-10-03 08:31:00,Idle
D249,2023-10-03 10:05:00,Busy
D249,2023-10-03 10:45:00,Offline
D249,2023-10-04 01:45:00,Online
D249,2023-10-04 03:12:00,Busy
D249,2023-10-04 04:14:00,Idle
D249,2023-10-04 05:42:00,Idle
D249,2023-10-04 06:48:00,Busy
D249,2023-10-04 07:59:00,Busy
D249,2023-10-04 09:57:00,Idle
D249,2023-10-04 10:53:00,Idle
D249,2023-10-04 12:23:00,Busy
D249,2023-10-04 12:44:00,Idle
D249,2023-10-04 13:41:00,Offline
D249,2023-10-05 06:41:00,Online
D249,2023-10-05 08:06:00,Idle
D249,2023-10-05 09:14:00,Idle
D249,2023-10-05 09:34:00,Busy
D249,2023-10-05 10:29:00,Idle
D249,2023-10-05 12:10:00,Idle
D249,2023-10-05 12:40:00,Idle
D249,2023-10-05 13:24:00,Offline
D249,2023-10-06 04:24:00,Online
D249,2023-10-06 04:55:00,Idle
D249,2023-10-06 06:22:00,Idle
D249,2023-10-06 07:36:00,Idle
D249,2023-10-06 09:15:00,Idle
D249,2023-10-06 09:55:00,Offline
D249,2023-10-07 09:55:00,Online
D249,2023-10-07 11:15:00,Idle
D249,2023-10-07 12:03:00,Busy
D249,2023-10-07 12:59:00,Idle
D249,2023-10-07 14:34:00,Busy
D249,2023-10-07 15:29:00,Offline
D249,2023-10-08 11:29:00,Online
D249,2023-10-08 13:22:00,Busy
D249,2023-10-08 14:02:00,Busy
D249,2023-10-08 15:50:00,Idle
D249,2023-10-08 16:41:00,Busy
D249,2023-10-08 17:15:00,Idle
D249,2023-10-08 17:59:00,Offline
D249,2023-10-09 11:59:00,Online
D249,2023-10-09 13:14:00,Idle
D249,2023-10-09 14:57:00,Busy
D249,2023-10-09 16:32:00,Busy
D249,2023-10-09 17:55:00,Busy
D249,2023-10-09 19:31:00,Idle
D249,2023-10-09 20:43:00,Busy
D249,2023-10-09 21:36:00,Idle
D249,2023-10-09 22:11:00,Idle
D249,2023-10-09 22:40:00,Busy
D249,2023-10-09 23:05:00,Offline
D249,2023-10-10 12:05:00,Online
D249,2023-10-10 13:55:00,Busy
D249,2023-10-10 14:50:00,Idle
D249,2023-10-10 15:06:00,Busy
D249,2023-10-10 15:29:00,Offline
D249,2023-10-11 12:29:00,Online
D249,2023-10-11 13:21:00,Idle
D249,2023-10-11 14:10:00,Busy
D249,2023-10-11 14:45:00,Idle
D249,2023-10-11 15:31:00,Idle
D249,2023-10-11 16:16:00,Busy
D249,2023-10-11 18:08:00,Idle
D249,2023-10-11 18:55:00,Idle
D249,2023-10-11 20:31:00,Idle
D249,2023-10-11 22:23:00,Busy
D249,2023-10-11 23:04:00,Idle
D249,2023-10-11 23:36:00,Offline
D249,2023-10-12 13:36:00,Online
D249,2023-10-12 15:25:00,Idle
D249,2023-10-12 16:41:00,Busy
D249,2023-10-12 17:21:00,Idle
D249,2023-10-12 17:48:00,Idle
D249,2023-10-12 18:25:00,Idle
D249,2023-10-12 20:23:00,Busy
D249,2023-10-12 22:22:00,Idle
D249,2023-10-12 23:14:00,Offline
D249,2023-10-13 23:14:00,Online
D249,2023-10-14 00:58:00,Idle
D249,2023-10-14 02:45:00,Busy
D249,2023-10-14 03:57:00,Idle
D249,2023-10-14 05:56:00,Idle
D249,2023-10-14 06:41:00,Busy
D249,2023-10-14 07:32:00,Idle
D249,2023-10-14 07:47:00,Busy
D249,2023-10-14 08:00:00,Offline
D250,2023-10-04 00:00:00,Online
D250,2023-10-04 00:26:00,Busy
D250,2023-10-04 01:37:00,Idle
D250,2023-10-04 03:22:00,Busy
D250,2023-10-04 04:08:00,Busy
D250,2023-10-04 05:21:00,Idle
D250,2023-10-04 06:17:00,Offline
D250,2023-10-05 04:17:00,Online
D250,2023-10-05 04:36:00,Busy
D250,2023-10-05 06:15:00,Idle
D250,2023-10-05 07:06:00,Idle
D250,2023-10-05 07:49:00,Busy
D250,2023-10-05 08:48:00,Idle
D250,2023-10-05 10:35:00,Idle
D250,2023-10-05 11:47:00,Idle
D250,2023-10-05 13:12:00,Busy
D250,2023-10-05 14:16:00,Idle
D250,2023-10-05 14:57:00,Busy
D250,2023-10-05 15:37:00,Offline
D250,2023-10-06 06:37:00,Online
D250,2023-10-06 07:38:00,Idle
D250,2023-10-06 08:11:00,Busy
D250,2023-10-06 09:36:00,Busy
D250,2023-10-06 10:02:00,Busy
D250,2023-10-06 10:43:00,Idle
D250,2023-10-06 11:25:00,Offline
D250,2023-10-07 01:25:00,Online
D250,2023-10-07 01:50:00,Idle
D250,2023-10-07 03:05:00,Busy
D250,2023-10-07 03:49:00,Busy
D250,2023-10-07 04:02:00,Offline
D250,2023-10-07 16:02:00,Online
D250,2023-10-07 16:58:00,Busy
D250,2023-10-07 17:31:00,Busy
D250,2023-10-07 19:00:00,Busy
D250,2023-10-07 19:48:00,Idle
D250,2023-10-07 21:08:00,Idle
D250,2023-10-07 21:41:00,Offline
D250,2023-10-08 17:41:00,Online
D250,2023-10-08 19:37:00,Busy
D250,2023-10-08 20:07:00,Idle
D250,2023-10-08 21:12:00,Idle
D250,2023-10-08 22:05:00,Busy
D250,2023-10-08 22:58:00,Busy
D250,2023-10-09 00:09:00,Idle
D250,2023-10-09 01:40:00,Busy
D250,2023-10-09 02:16:00,Offline
D250,2023-10-09 22:16:00,Online
D250,2023-10-09 23:07:00,Busy
D250,2023-10-10 00:56:00,Busy
D250,2023-10-10 02:52:00,Busy
D250,2023-10-10 03:25:00,Busy
D250,2023-10-10 05:16:00,Idle
D250,2023-10-10 05:55:00,Offline
D250,2023-10-11 03:55:00,Online
D250,2023-10-11 04:53:00,Busy
D250,2023-10-11 05:31:00,Busy
D250,2023-10-11 06:11:00,Busy
D250,2023-10-11 07:54:00,Busy
D250,2023-10-11 08:42:00,Offline
D250,2023-10-12 03:42:00,Online
D250,2023-10-12 04:32:00,Busy
D250,2023-10-12 06:10:00,Idle
D250,2023-10-12 07:34:00,Idle
D250,2023-10-12 07:59:00,Busy
D250,2023-10-12 08:19:00,Busy
D250,2023-10-12 09:19:00,Idle
D250,2023-10-12 11:05:00,Busy
D250,2023-10-12 12:38:00,Idle
D250,2023-10-12 13:12:00,Busy
D250,2023-10-12 13:51:00,Idle
D250,2023-10-12 14:04:00,Offline
D250,2023-10-13 14:04:00,Online
D250,2023-10-13 15:59:00,Busy
D250,2023-10-13 16:39:00,Busy
D250,2023-10-13 18:19:00,Idle
D250,2023-10-13 20:06:00,Idle
D250,2023-10-13 20:45:00,Idle
D250,2023-10-13 21:01:00,Busy
D250,2023-10-13 22:28:00,Idle
D250,2023-10-14 00:27:00,Idle
D250,2023-10-14 01:12:00,Idle
D250,2023-10-14 01:35:00,Offline
D250,2023-10-14 15:35:00,Online
D250,2023-10-14 15:59:00,Busy
D250,2023-10-14 16:26:00,Idle
D250,2023-10-14 17:47:00,Busy
D250,2023-10-14 18:47:00,Idle
D250,2023-10-14 20:01:00,Busy
D250,2023-10-14 21:38:00,Idle
D250,2023-10-14 23:06:00,Idle
D250,2023-10-14 23:43:00,Offline
D250,2023-10-15 14:43:00,Online
D250,2023-10-15 16:03:00,Busy
D250,2023-10-15 17:08:00,Busy
D250,2023-10-15 17:38:00,Idle
D250,2023-10-15 19:13:00,Busy
D250,2023-10-15 20:37:00,Busy
D250,2023-10-15 22:17:00,Busy
D250,2023-10-15 23:59:00,Idle
D250,2023-10-16 01:08:00,Idle
D250,2023-10-16 01:52:00,Idle
D250,2023-10-16 02:18:00,Offline
D251,2023-10-04 00:00:00,Online
D251,2023-10-04 00:56:00,Busy
D251,2023-10-04 01:53:00,Idle
D251,2023-10-04 03:11:00,Idle
D251,2023-10-04 05:11:00,Busy
D251,2023-10-04 06:02:00,Busy
D251,2023-10-04 07:14:00,Idle
D251,2023-10-04 08:10:00,Idle
D251,2023-10-04 09:36:00,Idle
D251,2023-10-04 10:04:00,Offline
D251,2023-10-05 08:04:00,Online
D251,2023-10-05 09:41:00,Idle
D251,2023-10-05 10:29:00,Idle
D251,2023-10-05 10:57:00,Busy
D251,2023-10-05 11:27:00,Offline
D251,2023-10-05 23:27:00,Online
D251,2023-10-06 01:00:00,Busy
D251,2023-10-06 01:16:00,Busy
D251,2023-10-06 03:16:00,Idle
D251,2023-10-06 04:25:00,Busy
D251,2023-10-06 06:23:00,Busy
D251,2023-10-06 08:18:00,Idle
D251,2023-10-06 09:18:00,Busy
D251,2023-10-06 10:12:00,Offline
D251,2023-10-07 01:12:00,Online
D251,2023-10-07 01:48:00,Idle
D251,2023-10-07 02:07:00,Busy
D251,2023-10-07 03:23:00,Busy
D251,2023-10-07 03:49:00,Busy
D251,2023-10-07 04:14:00,Offline
D251,2023-10-08 04:14:00,Online
D251,2023-10-08 04:43:00,Idle
D251,2023-10-08 05:20:00,Busy
D251,2023-10-08 05:54:00,Busy
D251,2023-10-08 06:13:00,Busy
D251,2023-10-08 07:23:00,Busy
D251,2023-10-08 08:57:00,Busy
D251,2023-10-08 10:10:00,Idle
D251,2023-10-08 11:59:00,Busy
D251,2023-10-08 12:44:00,Offline
D251,2023-10-09 02:44:00,Online
D251,2023-10-09 04:26:00,Busy
D251,2023-10-09 05:56:00,Busy
D251,2023-10-09 06:46:00,Idle
D251,2023-10-09 07:16:00,Offline
D251,2023-10-10 01:16:00,Online
D251,2023-10-10 01:58:00,Idle
D251,2023-10-10 02:36:00,Busy
D251,2023-10-10 02:56:00,Busy
D251,2023-10-10 04:40:00,Busy
D251,2023-10-10 05:24:00,Busy
D251,2023-10-10 05:44:00,Idle
D251,2023-10-10 06:53:00,Idle
D251,2023-10-10 07:11:00,Offline
D253,2023-10-05 00:00:00,Online
D253,2023-10-05 01:54:00,Idle
D253,2023-10-05 03:07:00,Busy
D253,2023-10-05 04:40:00,Idle
D253,2023-10-05 06:28:00,Idle
D253,2023-10-05 08:16:00,Busy
D253,2023-10-05 08:36:00,Busy
D253,2023-10-05 09:08:00,Idle
D253,2023-10-05 10:28:00,Busy
D253,2023-10-05 11:35:00,Idle
D253,2023-10-05 12:15:00,Offline
D253,2023-10-06 11:15:00,Online
D253,2023-10-06 13:10:00,Idle
D253,2023-10-06 14:43:00,Idle
D253,2023-10-06 15:55:00,Busy
D253,2023-10-06 17:53:00,Busy
D253,2023-10-06 18:17:00,Offline
D253,2023-10-07 17:17:00,Online
D253,2023-10-07 18:06:00,Busy
D253,2023-10-07 19:29:00,Busy
D253,2023-10-07 20:48:00,Idle
D253,2023-10-07 22:24:00,Busy
D253,2023-10-07 23:16:00,Idle
D253,2023-10-08 00:46:00,Busy
D253,2023-10-08 01:59:00,Idle
D253,2023-10-08 02:17:00,Busy
D253,2023-10-08 03:09:00,Offline
D253,2023-10-08 20:09:00,Online
D253,2023-10-08 21:15:00,Busy
D253,2023-10-08 22:36:00,Idle
D253,2023-10-08 23:59:00,Busy
D253,2023-10-09 00:55:00,Busy
D253,2023-10-09 01:58:00,Idle
D253,2023-10-09 02:17:00,Busy
D253,2023-10-09 04:05:00,Busy
D253,2023-10-09 05:03:00,Offline
D253,2023-10-10 01:03:00,Online
D253,2023-10-10 01:25:00,Busy
D253,2023-10-10 01:54:00,Idle
D253,2023-10-10 02:49:00,Busy
D253,2023-10-10 03:27:00,Idle
D253,2023-10-10 03:46:00,Busy
D253,2023-10-10 05:05:00,Busy
D253,2023-10-10 07:00:00,Busy
D253,2023-10-10 07:29:00,Idle
D253,2023-10-10 09:07:00,Busy
D253,2023-10-10 09:48:00,Offline
D253,2023-10-11 09:48:00,Online
D253,2023-10-11 10:52:00,Busy
D253,2023-10-11 12:04:00,Busy
D253,2023-10-11 12:23:00,Busy
D253,2023-10-11 13:55:00,Busy
D253,2023-10-11 15:48:00,Idle
D253,2023-10-11 16:07:00,Offline
D253,2023-10-12 05:07:00,Online
D253,2023-10-12 05:40:00,Idle
D253,2023-10-12 07:05:00,Idle
D253,2023-10-12 08:10:00,Idle
D253,2023-10-12 10:10:00,Idle
D253,2023-10-12 11:37:00,Busy
D253,2023-10-12 12:33:00,Idle
D253,2023-10-12 14:22:00,Busy
D253,2023-10-12 16:07:00,Idle
D253,2023-10-12 16:56:00,Busy
D253,2023-10-12 18:53:00,Idle
D253,2023-10-12 19:14:00,Offline
D253,2023-10-13 08:14:00,Online
D253,2023-10-13 09:05:00,Busy
D253,2023-10-13 10:10:00,Busy
D253,2023-10-13 11:53:00,Idle
D253,2023-10-13 13:28:00,Busy
D253,2023-10-13 14:33:00,Idle
D253,2023-10-13 14:56:00,Idle
D253,2023-10-13 16:35:00,Busy
D253,2023-10-13 18:22:00,Idle
D253,2023-10-13 19:21:00,Idle
D253,2023-10-13 19:39:00,Offline
D254,2023-10-03 00:00:00,Online
D254,2023-10-03 01:21:00,Idle
D254,2023-10-03 02:06:00,Busy
D254,2023-10-03 02:46:00,Busy
D254,2023-10-03 03:08:00,Busy
D254,2023-10-03 04:42:00,Idle
D254,2023-10-03 06:32:00,Busy
D254,2023-10-03 07:06:00,Idle
D254,2023-10-03 07:27:00,Offline
D254,2023-10-04 02:27:00,Online
D254,2023-10-04 03:35:00,Busy
D254,2023-10-04 04:09:00,Busy
D254,2023-10-04 04:58:00,Idle
D254,2023-10-04 05:51:00,Offline
D254,2023-10-05 05:51:00,Online
D254,2023-10-05 07:08:00,Busy
D254,2023-10-05 08:49:00,Busy
D254,2023-10-05 10:28:00,Busy
D254,2023-10-05 11:17:00,Offline
D254,2023-10-06 03:17:00,Online
D254,2023-10-06 03:38:00,Busy
D254,2023-10-06 04:56:00,Busy
D254,2023-10-06 05:24:00,Idle
D254,2023-10-06 05:53:00,Offline
D254,2023-10-07 02:53:00,Online
D254,2023-10-07 04:50:00,Idle
D254,2023-10-07 06:44:00,Busy
D254,2023-10-07 08:08:00,Busy
D254,2023-10-07 08:29:00,Offline
D254,2023-10-08 02:29:00,Online
D254,2023-10-08 03:31:00,Idle
D254,2023-10-08 04:02:00,Busy
D254,2023-10-08 05:41:00,Idle
D254,2023-10-08 06:39:00,Offline
D255,2023-10-05 00:00:00,Online
D255,2023-10-05 00:18:00,Idle
D255,2023-10-05 02:01:00,Busy
D255,2023-10-05 03:24:00,Idle
D255,2023-10-05 03:53:00,Idle
D255,2023-10-05 05:32:00,Idle
D255,2023-10-05 07:22:00,Busy
D255,2023-10-05 08:00:00,Idle
D255,2023-10-05 09:24:00,Busy
D255,2023-10-05 10:21:00,Busy
D255,2023-10-05 11:48:00,Busy
D255,2023-10-05 12:04:00,Offline
D255,2023-10-06 10:04:00,Online
D255,2023-10-06 10:50:00,Idle
D255,2023-10-06 11:27:00,Busy
D255,2023-10-06 12:22:00,Idle
D255,2023-10-06 13:34:00,Busy
D255,2023-10-06 13:50:00,Offline
D255,2023-10-07 07:50:00,Online
D255,2023-10-07 08:45:00,Idle
D255,2023-10-07 09:33:00,Idle
D255,2023-10-07 10:23:00,Idle
D255,2023-10-07 10:43:00,Idle
D255,2023-10-07 11:43:00,Offline
D255,2023-10-08 00:43:00,Online
D255,2023-10-08 01:46:00,Idle
D255,2023-10-08 03:33:00,Busy
D255,2023-10-08 04:38:00,Busy
D255,2023-10-08 05:21:00,Idle
D255,2023-10-08 06:40:00,Idle
D255,2023-10-08 08:35:00,Busy
D255,2023-10-08 10:26:00,Busy
D255,2023-10-08 10:43:00,Busy
D255,2023-10-08 11:15:00,Offline
D255,2023-10-09 10:15:00,Online
D255,2023-10-09 10:58:00,Busy
D255,2023-10-09 11:40:00,Busy
D255,2023-10-09 12:43:00,Busy
D255,2023-10-09 13:20:00,Idle
D255,2023-10-09 13:40:00,Idle
D255,2023-10-09 14:34:00,Offline
D257,2023-10-05 00:00:00,Online
D257,2023-10-05 00:47:00,Idle
D257,2023-10-05 01:52:00,Busy
D257,2023-10-05 03:09:00,Busy
D257,2023-10-05 03:35:00,Busy
D257,2023-10-05 04:26:00,Busy
D257,2023-10-05 05:34:00,Busy
D257,2023-10-05 07:03:00,Busy
D257,2023-10-05 07:35:00,Busy
D257,2023-10-05 09:21:00,Idle
D257,2023-10-05 10:46:00,Idle
D257,2023-10-05 11:24:00,Offline
D257,2023-10-06 09:24:00,Online
D257,2023-10-06 09:45:00,Idle
D257,2023-10-06 10:46:00,Idle
D257,2023-10-06 12:40:00,Idle
D257,2023-10-06 13:31:00,Busy
D257,2023-10-06 14:50:00,Busy
D257,2023-10-06 16:26:00,Idle
D257,2023-10-06 17:54:00,Idle
D257,2023-10-06 18:16:00,Busy
D257,2023-10-06 18:42:00,Busy
D257,2023-10-06 19:43:00,Busy
D257,2023-10-06 20:06:00,Offline
D257,2023-10-07 20:06:00,Online
D257,2023-10-07 20:31:00,Idle
D257,2023-10-07 21:19:00,Idle
D257,2023-10-07 22:56:00,Busy
D257,2023-10-08 00:22:00,Busy
D257,2023-10-08 00:49:00,Busy
D257,2023-10-08 01:53:00,Idle
D257,2023-10-08 03:16:00,Busy
D257,2023-10-08 04:39:00,Idle
D257,2023-10-08 05:36:00,Busy
D257,2023-10-08 05:54:00,Offline
D257,2023-10-08 20:54:00,Online
D257,2023-10-08 22:36:00,Idle
D257,2023-10-08 23:34:00,Busy
D257,2023-10-09 01:06:00,Idle
D257,2023-10-09 02:06:00,Idle
D257,2023-10-09 02:21:00,Idle
D257,2023-10-09 02:41:00,Idle
D257,2023-10-09 04:23:00,Busy
D257,2023-10-09 04:44:00,Busy
D257,2023-10-09 06:06:00,Busy
D257,2023-10-09 06:19:00,Offline
D257,2023-10-09 18:19:00,Online
D257,2023-10-09 19:05:00,Busy
D257,2023-10-09 20:14:00,Busy
D257,2023-10-09 22:08:00,Idle
D257,2023-10-09 23:59:00,Idle
D257,2023-10-10 01:01:00,Idle
D257,2023-10-10 02:50:00,Idle
D257,2023-10-10 04:47:00,Busy
D257,2023-10-10 05:35:00,Busy
D257,2023-10-10 06:18:00,Busy
D257,2023-10-10 07:46:00,Idle
D257,2023-10-10 08:20:00,Offline
D257,2023-10-11 00:20:00,Online
D257,2023-10-11 01:48:00,Busy
D257,2023-10-11 02:45:00,Idle
D257,2023-10-11 04:00:00,Idle
D257,2023-10-11 05:41:00,Busy
D257,2023-10-11 06:29:00,Offline
D257,2023-10-11 21:29:00,Online
D257,2023-10-11 22:04:00,Busy
D257,2023-10-11 22:25:00,Idle
D257,2023-10-11 23:08:00,Busy
D257,2023-10-11 23:43:00,Idle
D257,2023-10-12 00:42:00,Idle
D257,2023-10-12 02:14:00,Busy
D257,2023-10-12 03:03:00,Busy
D257,2023-10-12 04:32:00,Idle
D257,2023-10-12 05:02:00,Offline
D257,2023-10-13 04:02:00,Online
D257,2023-10-13 04:48:00,Idle
D257,2023-10-13 06:18:00,Busy
D257,2023-10-13 06:55:00,Idle
D257,2023-10-13 07:51:00,Idle
D257,2023-10-13 08:32:00,Idle
D257,2023-10-13 10:04:00,Busy
D257,2023-10-13 10:36:00,Idle
D257,2023-10-13 11:16:00,Idle
D257,2023-10-13 11:48:00,Busy
D257,2023-10-13 12:32:00,Offline
D258,2023-10-06 00:00:00,Online
D258,2023-10-06 01:52:00,Idle
D258,2023-10-06 03:38:00,Idle
D258,2023-10-06 05:13:00,Idle
D258,2023-10-06 06:06:00,Busy
D258,2023-10-06 07:54:00,Idle
D258,2023-10-06 08:22:00,Idle
D258,2023-10-06 09:44:00,Idle
D258,2023-10-06 10:28:00,Idle
D258,2023-10-06 10:59:00,Idle
D258,2023-10-06 11:20:00,Busy
D258,2023-10-06 11:45:00,Offline
D258,2023-10-07 06:45:00,Online
D258,2023-10-07 08:24:00,Busy
D258,2023-10-07 10:23:00,Idle
D258,2023-10-07 11:45:00,Idle
D258,2023-10-07 12:25:00,Idle
D258,2023-10-07 14:16:00,Idle
D258,2023-10-07 15:54:00,Busy
D258,2023-10-07 17:00:00,Idle
D258,2023-10-07 17:34:00,Idle
D258,2023-10-07 18:25:00,Busy
D258,2023-10-07 18:35:00,Offline
D258,2023-10-08 09:35:00,Online
D258,2023-10-08 09:52:00,Busy
D258,2023-10-08 11:09:00,Idle
D258,2023-10-08 12:55:00,Busy
D258,2023-10-08 13:23:00,Busy
D258,2023-10-08 15:13:00,Idle
D258,2023-10-08 16:45:00,Idle
D258,2023-10-08 18:05:00,Idle
D258,2023-10-08 19:14:00,Idle
D258,2023-10-08 19:39:00,Idle
D258,2023-10-08 20:48:00,Busy
D258,2023-10-08 21:43:00,Offline
D258,2023-10-09 14:43:00,Online
D258,2023-10-09 16:22:00,Idle
D258,2023-10-09 17:38:00,Busy
D258,2023-10-09 18:16:00,Busy
D258,2023-10-09 18:50:00,Busy
D258,2023-10-09 20:48:00,Busy
D258,2023-10-09 21:10:00,Busy
D258,2023-10-09 21:30:00,Busy
D258,2023-10-09 21:53:00,Idle
D258,2023-10-09 22:37:00,Offline
D258,2023-10-10 15:37:00,Online
D258,2023-10-10 16:56:00,Busy
D258,2023-10-10 17:47:00,Busy
D258,2023-10-10 18:58:00,Idle
D258,2023-10-10 19:57:00,Busy
D258,2023-10-10 21:14:00,Idle
D258,2023-10-10 22:38:00,Idle
D258,2023-10-10 23:32:00,Offline
D258,2023-10-11 22:32:00,Online
D258,2023-10-12 00:08:00,Busy
D258,2023-10-12 01:09:00,Busy
D258,2023-10-12 02:14:00,Idle
D258,2023-10-12 03:21:00,Busy
D258,2023-10-12 03:34:00,Offline
D258,2023-10-13 03:34:00,Online
D258,2023-10-13 04:55:00,Busy
D258,2023-10-13 06:38:00,Idle
D258,2023-10-13 08:11:00,Busy
D258,2023-10-13 09:03:00,Idle
D258,2023-10-13 10:53:00,Busy
D258,2023-10-13 12:25:00,Busy
D258,2023-10-13 13:34:00,Busy
D258,2023-10-13 14:01:00,Busy
D258,2023-10-13 14:59:00,Idle
D258,2023-10-13 15:43:00,Offline
D258,2023-10-14 15:43:00,Online
D258,2023-10-14 17:22:00,Idle
D258,2023-10-14 18:21:00,Idle
D258,2023-10-14 18:37:00,Idle
D258,2023-10-14 19:55:00,Busy
D258,2023-10-14 21:36:00,Busy
D258,2023-10-14 22:16:00,Busy
D258,2023-10-14 23:13:00,Idle
D258,2023-10-15 01:11:00,Idle
D258,2023-10-15 01:29:00,Offline
D258,2023-10-15 16:29:00,Online
D258,2023-10-15 17:56:00,Busy
D258,2023-10-15 18:25:00,Busy
D258,2023-10-15 19:32:00,Idle
D258,2023-10-15 20:26:00,Offline
D258,2023-10-16 08:26:00,Online
D258,2023-10-16 08:50:00,Busy
D258,2023-10-16 09:54:00,Busy
D258,2023-10-16 11:41:00,Idle
D258,2023-10-16 12:43:00,Busy
D258,2023-10-16 13:32:00,Idle
D258,2023-10-16 14:31:00,Offline
D258,2023-10-17 14:31:00,Online
D258,2023-10-17 16:07:00,Busy
D258,2023-10-17 16:27:00,Idle
D258,2023-10-17 18:04:00,Idle
D258,2023-10-17 18:21:00,Offline
D258,2023-10-18 06:21:00,Online
D258,2023-10-18 06:48:00,Idle
D258,2023-10-18 07:29:00,Idle
D258,2023-10-18 08:57:00,Busy
D258,2023-10-18 10:46:00,Idle
D258,2023-10-18 11:12:00,Offline
D259,2023-10-03 00:00:00,Online
D259,2023-10-03 00:28:00,Busy
D259,2023-10-03 02:00:00,Idle
D259,2023-10-03 03:04:00,Busy
D259,2023-10-03 04:04:00,Offline
D259,2023-10-04 04:04:00,Online
D259,2023-10-04 05:30:00,Idle
D259,2023-10-04 06:18:00,Busy
D259,2023-10-04 07:55:00,Idle
D259,2023-10-04 08:53:00,Busy
D259,2023-10-04 09:11:00,Busy
D259,2023-10-04 09:27:00,Idle
D259,2023-10-04 09:59:00,Offline
D259,2023-10-04 23:59:00,Online
D259,2023-10-05 01:01:00,Busy
D259,2023-10-05 01:28:00,Busy
D259,2023-10-05 03:23:00,Busy
D259,2023-10-05 03:49:00,Idle
D259,2023-10-05 05:22:00,Idle
D259,2023-10-05 07:07:00,Busy
D259,2023-10-05 08:42:00,Busy
D259,2023-10-05 10:08:00,Idle
D259,2023-10-05 10:18:00,Offline
D259,2023-10-06 06:18:00,Online
D259,2023-10-06 06:38:00,Busy
D259,2023-10-06 07:05:00,Idle
D259,2023-10-06 08:31:00,Busy
D259,2023-10-06 09:16:00,Idle
D259,2023-10-06 10:20:00,Idle
D259,2023-10-06 10:44:00,Idle
D259,2023-10-06 12:34:00,Busy
D259,2023-10-06 13:16:00,Offline
D259,2023-10-07 13:16:00,Online
D259,2023-10-07 14:47:00,Idle
D259,2023-10-07 15:18:00,Idle
D259,2023-10-07 16:53:00,Idle
D259,2023-10-07 17:29:00,Offline
D259,2023-10-08 08:29:00,Online
D259,2023-10-08 09:04:00,Busy
D259,2023-10-08 10:23:00,Idle
D259,2023-10-08 11:37:00,Busy
D259,2023-10-08 12:46:00,Busy
D259,2023-10-08 13:14:00,Idle
D259,2023-10-08 14:42:00,Idle
D259,2023-10-08 15:18:00,Offline
D259,2023-10-09 12:18:00,Online
D259,2023-10-09 13:10:00,Idle
D259,2023-10-09 14:55:00,Idle
D259,2023-10-09 15:18:00,Idle
D259,2023-10-09 15:46:00,Offline
D259,2023-10-10 15:46:00,Online
D259,2023-10-10 17:10:00,Busy
D259,2023-10-10 18:08:00,Busy
D259,2023-10-10 18:57:00,Busy
D259,2023-10-10 20:11:00,Busy
D259,2023-10-10 20:57:00,Offline
D259,2023-10-11 12:57:00,Online
D259,2023-10-11 13:41:00,Idle
D259,2023-10-11 14:56:00,Idle
D259,2023-10-11 15:57:00,Busy
D259,2023-10-11 17:05:00,Idle
D259,2023-10-11 18:12:00,Idle
D259,2023-10-11 19:11:00,Offline
D259,2023-10-12 07:11:00,Online
D259,2023-10-12 08:42:00,Busy
D259,2023-10-12 09:50:00,Busy
D259,2023-10-12 10:50:00,Idle
D259,2023-10-12 11:14:00,Offline
D260,2023-10-06 00:00:00,Online
D260,2023-10-06 00:46:00,Idle
D260,2023-10-06 01:54:00,Idle
D260,2023-10-06 02:32:00,Busy
D260,2023-10-06 04:19:00,Busy
D260,2023-10-06 05:27:00,Idle
D260,2023-10-06 06:26:00,Offline
D260,2023-10-07 05:26:00,Online
D260,2023-10-07 05:41:00,Busy
D260,2023-10-07 07:08:00,Idle
D260,2023-10-07 09:01:00,Idle
D260,2023-10-07 10:47:00,Idle
D260,2023-10-07 11:09:00,Busy
D260,2023-10-07 12:00:00,Idle
D260,2023-10-07 13:57:00,Busy
D260,2023-10-07 14:57:00,Idle
D260,2023-10-07 15:32:00,Busy
D260,2023-10-07 16:11:00,Offline
D260,2023-10-08 07:11:00,Online
D260,2023-10-08 07:47:00,Idle
D260,2023-10-08 08:50:00,Busy
D260,2023-10-08 10:14:00,Idle
D260,2023-10-08 11:00:00,Busy
D260,2023-10-08 11:34:00,Busy
D260,2023-10-08 13:17:00,Idle
D260,2023-10-08 13:53:00,Busy
D260,2023-10-08 14:03:00,Offline
D260,2023-10-09 02:03:00,Online
D260,2023-10-09 02:44:00,Idle
D260,2023-10-09 03:03:00,Busy
D260,2023-10-09 04:03:00,Busy
D260,2023-10-09 05:38:00,Busy
D260,2023-10-09 06:46:00,Idle
D260,2023-10-09 08:01:00,Idle
D260,2023-10-09 08:49:00,Idle
D260,2023-10-09 09:38:00,Idle
D260,2023-10-09 10:19:00,Offline
D260,2023-10-10 07:19:00,Online
D260,2023-10-10 08:42:00,Busy
D260,2023-10-10 10:29:00,Busy
D260,2023-10-10 12:12:00,Busy
D260,2023-10-10 12:45:00,Idle
D260,2023-10-10 13:56:00,Idle
D260,2023-10-10 14:57:00,Idle
D260,2023-10-10 15:36:00,Offline
D261,2023-10-04 00:00:00,Online
D261,2023-10-04 01:47:00,Idle
D261,2023-10-04 02:11:00,Busy
D261,2023-10-04 04:08:00,Busy
D261,2023-10-04 05:05:00,Idle
D261,2023-10-04 06:37:00,Idle
D261,2023-10-04 07:25:00,Busy
D261,2023-10-04 08:04:00,Offline
D261,2023-10-04 21:04:00,Online
D261,2023-10-04 22:52:00,Busy
D261,2023-10-05 00:26:00,Idle
D261,2023-10-05 02:02:00,Busy
D261,2023-10-05 03:50:00,Busy
D261,2023-10-05 05:34:00,Busy
D261,2023-10-05 05:50:00,Busy
D261,2023-10-05 07:42:00,Idle
D261,2023-10-05 09:05:00,Busy
D261,2023-10-05 09:23:00,Offline
D261,2023-10-05 22:23:00,Online
D261,2023-10-05 23:05:00,Busy
D261,2023-10-06 00:40:00,Busy
D261,2023-10-06 01:35:00,Busy
D261,2023-10-06 03:19:00,Idle
D261,2023-10-06 03:54:00,Offline
D261,2023-10-06 18:54:00,Online
D261,2023-10-06 19:52:00,Idle
D261,2023-10-06 20:54:00,Idle
D261,2023-10-06 22:15:00,Idle
D261,2023-10-06 22:52:00,Busy
D261,2023-10-07 00:28:00,Busy
D261,2023-10-07 01:56:00,Busy
D261,2023-10-07 03:09:00,Idle
D261,2023-10-07 05:04:00,Idle
D261,2023-10-07 05:22:00,Offline
D261,2023-10-07 23:22:00,Online
D261,2023-10-08 00:02:00,Busy
D261,2023-10-08 00:52:00,Busy
D261,2023-10-08 02:15:00,Idle
D261,2023-10-08 03:03:00,Busy
D261,2023-10-08 03:53:00,Idle
D261,2023-10-08 05:15:00,Busy
D261,2023-10-08 05:45:00,Offline
D261,2023-10-09 03:45:00,Online
D261,2023-10-09 04:36:00,Idle
D261,2023-10-09 06:31:00,Busy
D261,2023-10-09 07:36:00,Idle
D261,2023-10-09 08:02:00,Busy
D261,2023-10-09 08:42:00,Offline
D263,2023-10-06 00:00:00,Online
D263,2023-10-06 00:46:00,Busy
D263,2023-10-06 02:18:00,Busy
D263,2023-10-06 03:22:00,Busy
D263,2023-10-06 03:45:00,Idle
D263,2023-10-06 05:32:00,Busy
D263,2023-10-06 07:31:00,Busy
D263,2023-10-06 08:29:00,Idle
D263,2023-10-06 10:03:00,Busy
D263,2023-10-06 11:07:00,Idle
D263,2023-10-06 11:44:00,Busy
D263,2023-10-06 12:36:00,Offline
D263,2023-10-07 02:36:00,Online
D263,2023-10-07 04:02:00,Idle
D263,2023-10-07 05:32:00,Idle
D263,2023-10-07 07:05:00,Idle
D263,2023-10-07 07:44:00,Idle
D263,2023-10-07 08:23:00,Idle
D263,2023-10-07 08:46:00,Idle
D263,2023-10-07 09:58:00,Idle
D263,2023-10-07 11:04:00,Idle
D263,2023-10-07 11:29:00,Offline
D263,2023-10-08 10:29:00,Online
D263,2023-10-08 11:43:00,Busy
D263,2023-10-08 12:39:00,Busy
D263,2023-10-08 13:09:00,Busy
D263,2023-10-08 14:00:00,Idle
D263,2023-10-08 15:49:00,Idle
D263,2023-10-08 17:09:00,Busy
D263,2023-10-08 18:16:00,Idle
D263,2023-10-08 19:41:00,Idle
D263,2023-10-08 20:35:00,Idle
D263,2023-10-08 21:52:00,Idle
D263,2023-10-08 22:03:00,Offline
D263,2023-10-09 20:03:00,Online
D263,2023-10-09 21:29:00,Idle
D263,2023-10-09 22:58:00,Busy
D263,2023-10-09 23:40:00,Idle
D263,2023-10-10 00:51:00,Idle
D263,2023-10-10 01:04:00,Offline
D263,2023-10-11 01:04:00,Online
D263,2023-10-11 02:21:00,Busy
D263,2023-10-11 04:21:00,Busy
D263,2023-10-11 05:41:00,Idle
D263,2023-10-11 07:04:00,Idle
D263,2023-10-11 09:00:00,Busy
D263,2023-10-11 10:36:00,Busy
D263,2023-10-11 11:43:00,Idle
D263,2023-10-11 12:40:00,Idle
D263,2023-10-11 14:03:00,Busy
D263,2023-10-11 14:40:00,Idle
D263,2023-10-11 15:39:00,Offline
D263,2023-10-12 13:39:00,Online
D263,2023-10-12 15:07:00,Idle
D263,2023-10-12 15:41:00,Busy
D263,2023-10-12 16:42:00,Idle
D263,2023-10-12 17:46:00,Busy
D263,2023-10-12 18:48:00,Busy
D263,2023-10-12 20:05:00,Idle
D263,2023-10-12 21:38:00,Idle
D263,2023-10-12 21:59:00,Busy
D263,2023-10-12 23:00:00,Busy
D263,2023-10-12 23:26:00,Busy
D263,2023-10-13 00:19:00,Offline
D263,2023-10-13 19:19:00,Online
D263,2023-10-13 21:14:00,Busy
D263,2023-10-13 22:27:00,Busy
D263,2023-10-13 23:11:00,Idle
D263,2023-10-13 23:59:00,Offline
D263,2023-10-14 18:59:00,Online
D263,2023-10-14 19:18:00,Busy
D263,2023-10-14 19:50:00,Busy
D263,2023-10-14 21:16:00,Busy
D263,2023-10-14 21:38:00,Busy
D263,2023-10-14 22:12:00,Busy
D263,2023-10-14 23:40:00,Busy
D263,2023-10-14 23:55:00,Busy
D263,2023-10-15 00:27:00,Offline
D263,2023-10-15 23:27:00,Online
D263,2023-10-16 00:50:00,Busy
D263,2023-10-16 02:47:00,Idle
D263,2023-10-16 04:05:00,Busy
D263,2023-10-16 04:20:00,Idle
D263,2023-10-16 05:15:00,Busy
D263,2023-10-16 06:15:00,Busy
D263,2023-10-16 06:39:00,Busy
D263,2023-10-16 07:28:00,Offline
D263,2023-10-16 19:28:00,Online
D263,2023-10-16 20:31:00,Idle
D263,2023-10-16 20:54:00,Busy
D263,2023-10-16 21:10:00,Busy
D263,2023-10-16 22:29:00,Idle
D263,2023-10-16 23:34:00,Busy
D263,2023-10-17 00:57:00,Busy
D263,2023-10-17 01:54:00,Offline
D263,2023-10-17 19:54:00,Online
D263,2023-10-17 20:30:00,Busy
D263,2023-10-17 20:56:00,Idle
D263,2023-10-17 21:47:00,Busy
D263,2023-10-17 22:39:00,Busy
D263,2023-10-17 23:32:00,Busy
D263,2023-10-18 00:55:00,Idle
D263,2023-10-18 02:28:00,Idle
D263,2023-10-18 03:03:00,Idle
D263,2023-10-18 04:01:00,Offline
D263,2023-10-18 20:01:00,Online
D263,2023-10-18 21:45:00,Busy
D263,2023-10-18 23:11:00,Busy
D263,2023-10-19 01:08:00,Busy
D263,2023-10-19 01:28:00,Idle
D263,2023-10-19 02:03:00,Busy
D263,2023-10-19 02:50:00,Busy
D263,2023-10-19 03:45:00,Busy
D263,2023-10-19 04:42:00,Offline
D265,2023-10-06 00:00:00,Online
D265,2023-10-06 01:37:00,Idle
D265,2023-10-06 02:28:00,Busy
D265,2023-10-06 02:44:00,Idle
D265,2023-10-06 03:11:00,Busy
D265,2023-10-06 05:09:00,Busy
D265,2023-10-06 06:02:00,Busy
D265,2023-10-06 07:00:00,Offline
D265,2023-10-07 06:00:00,Online
D265,2023-10-07 07:59:00,Idle
D265,2023-10-07 08:46:00,Idle
D265,2023-10-07 10:37:00,Idle
D265,2023-10-07 11:01:00,Idle
D265,2023-10-07 12:46:00,Busy
D265,2023-10-07 13:06:00,Idle
D265,2023-10-07 13:55:00,Offline
D265,2023-10-08 09:55:00,Online
D265,2023-10-08 11:23:00,Idle
D265,2023-10-08 12:47:00,Idle
D265,2023-10-08 14:37:00,Busy
D265,2023-10-08 15:43:00,Busy
D265,2023-10-08 16:47:00,Busy
D265,2023-10-08 17:53:00,Busy
D265,2023-10-08 18:36:00,Idle
D265,2023-10-08 20:07:00,Busy
D265,2023-10-08 20:39:00,Offline
D265,2023-10-09 15:39:00,Online
D265,2023-10-09 17:08:00,Busy
D265,2023-10-09 19:06:00,Idle
D265,2023-10-09 20:15:00,Busy
D265,2023-10-09 20:56:00,Busy
D265,2023-10-09 21:17:00,Idle
D265,2023-10-09 23:09:00,Idle
D265,2023-10-10 00:48:00,Busy
D265,2023-10-10 02:22:00,Busy
D265,2023-10-10 04:12:00,Busy
D265,2023-10-10 04:41:00,Offline
D265,2023-10-11 03:41:00,Online
D265,2023-10-11 03:58:00,Idle
D265,2023-10-11 05:17:00,Busy
D265,2023-10-11 05:59:00,Idle
D265,2023-10-11 06:19:00,Offline
D265,2023-10-11 19:19:00,Online
D265,2023-10-11 20:22:00,Busy
D265,2023-10-11 20:40:00,Idle
D265,2023-10-11 22:02:00,Idle
D265,2023-10-11 23:16:00,Idle
D265,2023-10-12 00:53:00,Busy
D265,2023-10-12 02:42:00,Busy
D265,2023-10-12 04:40:00,Idle
D265,2023-10-12 05:00:00,Idle
D265,2023-10-12 05:18:00,Idle
D265,2023-10-12 06:52:00,Idle
D265,2023-10-12 07:18:00,Offline
D265,2023-10-12 19:18:00,Online
D265,2023-10-12 21:17:00,Busy
D265,2023-10-12 22:53:00,Busy
D265,2023-10-13 00:31:00,Busy
D265,2023-10-13 01:17:00,Busy
D265,2023-10-13 01:36:00,Offline
D265,2023-10-13 17:36:00,Online
D265,2023-10-13 18:17:00,Idle
D265,2023-10-13 20:01:00,Busy
D265,2023-10-13 21:43:00,Idle
D265,2023-10-13 23:04:00,Busy
D265,2023-10-14 00:40:00,Busy
D265,2023-10-14 02:21:00,Busy
D265,2023-10-14 03:46:00,Busy
D265,2023-10-14 04:10:00,Offline
D265,2023-10-15 04:10:00,Online
D265,2023-10-15 05:24:00,Idle
D265,2023-10-15 05:55:00,Busy
D265,2023-10-15 07:36:00,Idle
D265,2023-10-15 08:21:00,Busy
D265,2023-10-15 09:48:00,Busy
D265,2023-10-15 10:58:00,Busy
D265,2023-10-15 11:39:00,Offline
D265,2023-10-16 11:39:00,Online
D265,2023-10-16 12:53:00,Busy
D265,2023-10-16 14:35:00,Busy
D265,2023-10-16 16:21:00,Busy
D265,2023-10-16 17:33:00,Idle
D265,2023-10-16 17:55:00,Busy
D265,2023-10-16 19:26:00,Busy
D265,2023-10-16 19:49:00,Idle
D265,2023-10-16 20:04:00,Busy
D265,2023-10-16 20:24:00,Offline
D266,2023-10-03 00:00:00,Online
D266,2023-10-03 00:35:00,Busy
D266,2023-10-03 01:29:00,Busy
D266,2023-10-03 03:15:00,Busy
D266,2023-10-03 04:34:00,Idle
D266,2023-10-03 06:15:00,Busy
D266,2023-10-03 06:46:00,Idle
D266,2023-10-03 08:37:00,Busy
D266,2023-10-03 09:45:00,Idle
D266,2023-10-03 11:41:00,Busy
D266,2023-10-03 11:57:00,Idle
D266,2023-10-03 12:13:00,Offline
D266,2023-10-04 04:13:00,Online
D266,2023-10-04 05:37:00,Idle
D266,2023-10-04 06:23:00,Idle
D266,2023-10-04 07:52:00,Idle
D266,2023-10-04 08:14:00,Busy
D266,2023-10-04 09:41:00,Idle
D266,2023-10-04 11:20:00,Idle
D266,2023-10-04 12:40:00,Idle
D266,2023-10-04 13:20:00,Offline
D266,2023-10-05 13:20:00,Online
D266,2023-10-05 14:49:00,Idle
D266,2023-10-05 16:02:00,Busy
D266,2023-10-05 17:27:00,Idle
D266,2023-10-05 17:54:00,Offline
D266,2023-10-06 14:54:00,Online
D266,2023-10-06 16:38:00,Busy
D266,2023-10-06 17:55:00,Busy
D266,2023-10-06 19:21:00,Idle
D266,2023-10-06 19:43:00,Offline
D266,2023-10-07 08:43:00,Online
D266,2023-10-07 10:38:00,Idle
D266,2023-10-07 12:01:00,Busy
D266,2023-10-07 13:28:00,Idle
D266,2023-10-07 14:54:00,Idle
D266,2023-10-07 15:23:00,Offline
D266,2023-10-08 10:23:00,Online
D266,2023-10-08 11:08:00,Idle
D266,2023-10-08 13:04:00,Idle
D266,2023-10-08 13:39:00,Idle
D266,2023-10-08 15:05:00,Busy
D266,2023-10-08 15:21:00,Busy
D266,2023-10-08 16:26:00,Busy
D266,2023-10-08 17:16:00,Offline
D266,2023-10-09 16:16:00,Online
D266,2023-10-09 16:41:00,Idle
D266,2023-10-09 18:36:00,Idle
D266,2023-10-09 20:32:00,Idle
D266,2023-10-09 20:53:00,Busy
D266,2023-10-09 21:38:00,Idle
D266,2023-10-09 22:17:00,Offline
D266,2023-10-10 18:17:00,Online
D266,2023-10-10 20:02:00,Idle
D266,2023-10-10 20:34:00,Idle
D266,2023-10-10 21:20:00,Busy
D266,2023-10-10 22:59:00,Idle
D266,2023-10-10 23:53:00,Busy
D266,2023-10-11 00:52:00,Idle
D266,2023-10-11 02:32:00,Idle
D266,2023-10-11 03:10:00,Busy
D266,2023-10-11 03:44:00,Busy
D266,2023-10-11 04:45:00,Idle
D266,2023-10-11 05:02:00,Offline
D266,2023-10-12 02:02:00,Online
D266,2023-10-12 02:19:00,Busy
D266,2023-10-12 04:11:00,Busy
D266,2023-10-12 06:07:00,Busy
D266,2023-10-12 07:05:00,Idle
D266,2023-10-12 09:02:00,Busy
D266,2023-10-12 10:53:00,Idle
D266,2023-10-12 11:29:00,Offline
D266,2023-10-13 02:29:00,Online
D266,2023-10-13 03:56:00,Busy
D266,2023-10-13 04:35:00,Idle
D266,2023-10-13 05:38:00,Idle
D266,2023-10-13 07:29:00,Idle
D266,2023-10-13 08:56:00,Busy
D266,2023-10-13 09:21:00,Busy
D266,2023-10-13 11:11:00,Busy
D266,2023-10-13 11:55:00,Offline
D266,2023-10-14 03:55:00,Online
D266,2023-10-14 04:52:00,Busy
D266,2023-10-14 06:32:00,Busy
D266,2023-10-14 08:21:00,Busy
D266,2023-10-14 08:40:00,Busy
D266,2023-10-14 10:19:00,Busy
D266,2023-10-14 10:51:00,Idle
D266,2023-10-14 11:49:00,Offline
D266,2023-10-15 10:49:00,Online
D266,2023-10-15 12:13:00,Idle
D266,2023-10-15 13:07:00,Idle
D266,2023-10-15 14:02:00,Busy
D266,2023-10-15 15:24:00,Idle
D266,2023-10-15 16:24:00,Idle
D266,2023-10-15 17:14:00,Busy
D266,2023-10-15 17:58:00,Idle
D266,2023-10-15 18:57:00,Idle
D266,2023-10-15 19:14:00,Busy
D266,2023-10-15 19:58:00,Idle
D266,2023-10-15 20:57:00,Offline
D266,2023-10-16 13:57:00,Online
D266,2023-10-16 14:46:00,Busy
D266,2023-10-16 16:41:00,Idle
D266,2023-10-16 18:02:00,Busy
D266,2023-10-16 19:20:00,Idle
D266,2023-10-16 20:05:00,Busy
D266,2023-10-16 20:19:00,Offline
D268,2023-10-05 00:00:00,Online
D268,2023-10-05 01:45:00,Idle
D268,2023-10-05 02:48:00,Idle
D268,2023-10-05 04:24:00,Busy
D268,2023-10-05 04:42:00,Idle
D268,2023-10-05 06:07:00,Busy
D268,2023-10-05 06:52:00,Idle
D268,2023-10-05 08:14:00,Idle
D268,2023-10-05 08:49:00,Idle
D268,2023-10-05 09:50:00,Busy
D268,2023-10-05 11:38:00,Busy
D268,2023-10-05 12:07:00,Offline
D268,2023-10-06 01:07:00,Online
D268,2023-10-06 02:33:00,Idle
D268,2023-10-06 03:42:00,Busy
D268,2023-10-06 03:57:00,Idle
D268,2023-10-06 04:32:00,Busy
D268,2023-10-06 05:32:00,Busy
D268,2023-10-06 07:26:00,Idle
D268,2023-10-06 09:02:00,Idle
D268,2023-10-06 10:31:00,Busy
D268,2023-10-06 11:16:00,Offline
D268,2023-10-07 00:16:00,Online
D268,2023-10-07 00:56:00,Busy
D268,2023-10-07 02:40:00,Busy
D268,2023-10-07 04:37:00,Idle
D268,2023-10-07 05:49:00,Busy
D268,2023-10-07 06:04:00,Offline
D268,2023-10-07 18:04:00,Online
D268,2023-10-07 19:58:00,Busy
D268,2023-10-07 20:38:00,Idle
D268,2023-10-07 22:04:00,Idle
D268,2023-10-08 00:04:00,Busy
D268,2023-10-08 00:28:00,Offline
D268,2023-10-08 20:28:00,Online
D268,2023-10-08 22:19:00,Idle
D268,2023-10-08 23:01:00,Busy
D268,2023-10-08 23:35:00,Busy
D268,2023-10-09 00:45:00,Busy
D268,2023-10-09 02:22:00,Busy
D268,2023-10-09 03:47:00,Busy
D268,2023-10-09 05:25:00,Idle
D268,2023-10-09 06:55:00,Busy
D268,2023-10-09 08:07:00,Busy
D268,2023-10-09 08:59:00,Offline
D268,2023-10-10 07:59:00,Online
D268,2023-10-10 09:07:00,Busy
D268,2023-10-10 10:02:00,Busy
D268,2023-10-10 10:56:00,Idle
D268,2023-10-10 11:14:00,Offline
D268,2023-10-11 06:14:00,Online
D268,2023-10-11 07:20:00,Idle
D268,2023-10-11 09:03:00,Busy
D268,2023-10-11 10:47:00,Busy
D268,2023-10-11 11:05:00,Idle
D268,2023-10-11 12:12:00,Busy
D268,2023-10-11 12:40:00,Busy
D268,2023-10-11 14:19:00,Idle
D268,2023-10-11 14:54:00,Idle
D268,2023-10-11 16:07:00,Idle
D268,2023-10-11 18:00:00,Busy
D268,2023-10-11 19:00:00,Offline
D268,2023-10-12 13:00:00,Online
D268,2023-10-12 14:12:00,Idle
D268,2023-10-12 15:14:00,Idle
D268,2023-10-12 16:32:00,Idle
D268,2023-10-12 18:15:00,Idle
D268,2023-10-12 19:25:00,Idle
D268,2023-10-12 19:51:00,Idle
D268,2023-10-12 20:54:00,Idle
D268,2023-10-12 22:43:00,Busy
D268,2023-10-13 00:15:00,Busy
D268,2023-10-13 00:33:00,Offline
D269,2023-10-03 00:00:00,Online
D269,2023-10-03 01:02:00,Busy
D269,2023-10-03 01:51:00,Idle
D269,2023-10-03 03:11:00,Busy
D269,2023-10-03 05:09:00,Busy
D269,2023-10-03 05:41:00,Idle
D269,2023-10-03 07:25:00,Busy
D269,2023-10-03 08:43:00,Busy
D269,2023-10-03 09:13:00,Offline
D269,2023-10-04 05:13:00,Online
D269,2023-10-04 06:59:00,Busy
D269,2023-10-04 07:50:00,Idle
D269,2023-10-04 08:17:00,Busy
D269,2023-10-04 09:14:00,Offline
D269,2023-10-05 03:14:00,Online
D269,2023-10-05 04:46:00,Idle
D269,2023-10-05 06:37:00,Idle
D269,2023-10-05 07:22:00,Idle
D269,2023-10-05 08:27:00,Idle
D269,2023-10-05 09:16:00,Busy
D269,2023-10-05 10:01:00,Offline
D269,2023-10-06 03:01:00,Online
D269,2023-10-06 03:21:00,Idle
D269,2023-10-06 04:22:00,Busy
D269,2023-10-06 05:26:00,Busy
D269,2023-10-06 06:39:00,Idle
D269,2023-10-06 07:36:00,Busy
D269,2023-10-06 08:04:00,Idle
D269,2023-10-06 10:04:00,Idle
D269,2023-10-06 10:39:00,Offline
D269,2023-10-07 03:39:00,Online
D269,2023-10-07 04:19:00,Idle
D269,2023-10-07 04:44:00,Idle
D269,2023-10-07 06:31:00,Busy
D269,2023-10-07 07:55:00,Idle
D269,2023-10-07 09:34:00,Idle
D269,2023-10-07 11:34:00,Idle
D269,2023-10-07 12:43:00,Busy
D269,2023-10-07 12:59:00,Offline
D269,2023-10-08 06:59:00,Online
D269,2023-10-08 08:42:00,Idle
D269,2023-10-08 10:34:00,Idle
D269,2023-10-08 11:20:00,Busy
D269,2023-10-08 12:40:00,Busy
D269,2023-10-08 13:52:00,Idle
D269,2023-10-08 14:21:00,Busy
D269,2023-10-08 14:54:00,Busy
D269,2023-10-08 16:22:00,Busy
D269,2023-10-08 17:32:00,Busy
D269,2023-10-08 18:28:00,Offline
D269,2023-10-09 18:28:00,Online
D269,2023-10-09 20:25:00,Busy
D269,2023-10-09 21:39:00,Idle
D269,2023-10-09 23:11:00,Idle
D269,2023-10-10 00:09:00,Offline
D269,2023-10-11 00:09:00,Online
D269,2023-10-11 00:48:00,Idle
D269,2023-10-11 02:04:00,Busy
D269,2023-10-11 03:03:00,Idle
D269,2023-10-11 04:39:00,Busy
D269,2023-10-11 05:07:00,Busy
D269,2023-10-11 05:23:00,Offline
D269,2023-10-12 00:23:00,Online
D269,2023-10-12 01:27:00,Idle
D269,2023-10-12 02:19:00,Idle
D269,2023-10-12 04:18:00,Idle
D269,2023-10-12 05:06:00,Idle
D269,2023-10-12 06:16:00,Busy
D269,2023-10-12 08:13:00,Idle
D269,2023-10-12 08:48:00,Idle
D269,2023-10-12 09:14:00,Offline
D269,2023-10-13 09:14:00,Online
D269,2023-10-13 09:45:00,Busy
D269,2023-10-13 11:12:00,Idle
D269,2023-10-13 12:28:00,Idle
D269,2023-10-13 13:31:00,Idle
D269,2023-10-13 14:41:00,Idle
D269,2023-10-13 15:55:00,Busy
D269,2023-10-13 17:36:00,Busy
D269,2023-10-13 19:12:00,Idle
D269,2023-10-13 20:29:00,Idle
D269,2023-10-13 21:29:00,Offline
D269,2023-10-14 09:29:00,Online
D269,2023-10-14 10:52:00,Idle
D269,2023-10-14 11:53:00,Idle
D269,2023-10-14 13:32:00,Idle
D269,2023-10-14 13:56:00,Idle
D269,2023-10-14 14:12:00,Offline
D269,2023-10-15 10:12:00,Online
D269,2023-10-15 10:32:00,Busy
D269,2023-10-15 11:34:00,Idle
D269,2023-10-15 13:32:00,Busy
D269,2023-10-15 14:16:00,Idle
D269,2023-10-15 16:07:00,Idle
D269,2023-10-15 17:15:00,Busy
D269,2023-10-15 18:36:00,Busy
D269,2023-10-15 20:00:00,Idle
D269,2023-10-15 20:35:00,Offline
D269,2023-10-16 11:35:00,Online
D269,2023-10-16 13:11:00,Idle
D269,2023-10-16 13:54:00,Idle
D269,2023-10-16 15:01:00,Busy
D269,2023-10-16 15:16:00,Busy
D269,2023-10-16 16:14:00,Idle
D269,2023-10-16 17:10:00,Offline
D270,2023-10-04 00:00:00,Online
D270,2023-10-04 01:43:00,Idle
D270,2023-10-04 02:33:00,Idle
D270,2023-10-04 03:24:00,Idle
D270,2023-10-04 03:50:00,Offline
D270,2023-10-04 22:50:00,Online
D270,2023-10-05 00:07:00,Busy
D270,2023-10-05 00:38:00,Busy
D270,2023-10-05 01:59:00,Idle
D270,2023-10-05 03:43:00,Busy
D270,2023-10-05 04:33:00,Busy
D270,2023-10-05 04:46:00,Offline
D270,2023-10-05 19:46:00,Online
D270,2023-10-05 20:11:00,Idle
D270,2023-10-05 20:59:00,Busy
D270,2023-10-05 21:15:00,Busy
D270,2023-10-05 21:32:00,Offline
D270,2023-10-06 12:32:00,Online
D270,2023-10-06 14:23:00,Busy
D270,2023-10-06 15:03:00,Busy
D270,2023-10-06 16:50:00,Busy
D270,2023-10-06 17:53:00,Idle
D270,2023-10-06 18:55:00,Busy
D270,2023-10-06 20:13:00,Busy
D270,2023-10-06 21:50:00,Busy
D270,2023-10-06 22:29:00,Busy
D270,2023-10-06 22:55:00,Busy
D270,2023-10-06 23:48:00,Offline
D270,2023-10-07 22:48:00,Online
D270,2023-10-08 00:01:00,Busy
D270,2023-10-08 01:32:00,Busy
D270,2023-10-08 03:11:00,Busy
D270,2023-10-08 03:50:00,Busy
D270,2023-10-08 05:09:00,Busy
D270,2023-10-08 06:31:00,Busy
D270,2023-10-08 08:30:00,Idle
D270,2023-10-08 10:21:00,Idle
D270,2023-10-08 10:33:00,Offline
D270,2023-10-09 07:33:00,Online
D270,2023-10-09 09:31:00,Busy
D270,2023-10-09 11:05:00,Busy
D270,2023-10-09 12:02:00,Busy
D270,2023-10-09 12:40:00,Offline
D270,2023-10-10 10:40:00,Online
D270,2023-10-10 12:24:00,Idle
D270,2023-10-10 12:39:00,Busy
D270,2023-10-10 13:55:00,Idle
D270,2023-10-10 15:45:00,Idle
D270,2023-10-10 16:08:00,Idle
D270,2023-10-10 16:46:00,Idle
D270,2023-10-10 17:20:00,Offline
D270,2023-10-11 06:20:00,Online
D270,2023-10-11 07:00:00,Busy
D270,2023-10-11 07:19:00,Idle
D270,2023-10-11 08:49:00,Idle
D270,2023-10-11 10:30:00,Busy
D270,2023-10-11 11:36:00,Busy
D270,2023-10-11 13:08:00,Idle
D270,2023-10-11 14:48:00,Busy
D270,2023-10-11 16:34:00,Idle
D270,2023-10-11 17:23:00,Busy
D270,2023-10-11 18:22:00,Busy
D270,2023-10-11 18:44:00,Offline
D270,2023-10-12 14:44:00,Online
D270,2023-10-12 15:47:00,Idle
D270,2023-10-12 16:16:00,Idle
D270,2023-10-12 17:07:00,Idle
D270,2023-10-12 18:14:00,Busy
D270,2023-10-12 18:46:00,Busy
D270,2023-10-12 20:12:00,Busy
D270,2023-10-12 21:22:00,Busy
D270,2023-10-12 23:03:00,Busy
D270,2023-10-13 00:23:00,Busy
D270,2023-10-13 01:20:00,Offline
D270,2023-10-13 16:20:00,Online
D270,2023-10-13 16:51:00,Idle
D270,2023-10-13 18:25:00,Busy
D270,2023-10-13 19:46:00,Idle
D270,2023-10-13 20:04:00,Idle
D270,2023-10-13 20:22:00,Offline
D270,2023-10-14 17:22:00,Online
D270,2023-10-14 17:53:00,Busy
D270,2023-10-14 18:17:00,Busy
D270,2023-10-14 20:02:00,Busy
D270,2023-10-14 21:34:00,Idle
D270,2023-10-14 22:31:00,Busy
D270,2023-10-14 22:54:00,Offline
D271,2023-10-02 00:00:00,Online
D271,2023-10-02 01:47:00,Busy
D271,2023-10-02 03:44:00,Busy
D271,2023-10-02 05:06:00,Busy
D271,2023-10-02 06:09:00,Busy
D271,2023-10-02 06:45:00,Idle
D271,2023-10-02 07:45:00,Offline
D271,2023-10-02 21:45:00,Online
D271,2023-10-02 23:29:00,Busy
D271,2023-10-02 23:50:00,Busy
D271,2023-10-03 00:21:00,Idle
D271,2023-10-03 01:21:00,Offline
D271,2023-10-03 15:21:00,Online
D271,2023-10-03 16:09:00,Idle
D271,2023-10-03 17:46:00,Busy
D271,2023-10-03 18:34:00,Busy
D271,2023-10-03 19:53:00,Idle
D271,2023-10-03 20:25:00,Offline
D271,2023-10-04 16:25:00,Online
D271,2023-10-04 17:10:00,Idle
D271,2023-10-04 18:41:00,Busy
D271,2023-10-04 20:17:00,Idle
D271,2023-10-04 21:46:00,Idle
D271,2023-10-04 23:12:00,Idle
D271,2023-10-04 23:56:00,Offline
D271,2023-10-05 21:56:00,Online
D271,2023-10-05 23:13:00,Idle
D271,2023-10-06 00:42:00,Idle
D271,2023-10-06 01:05:00,Busy
D271,2023-10-06 01:28:00,Idle
D271,2023-10-06 03:09:00,Busy
D271,2023-10-06 03:29:00,Offline
D271,2023-10-07 02:29:00,Online
D271,2023-10-07 03:32:00,Busy
D271,2023-10-07 05:17:00,Idle
D271,2023-10-07 06:28:00,Idle
D271,2023-10-07 07:13:00,Idle
D271,2023-10-07 08:11:00,Offline
D271,2023-10-08 05:11:00,Online
D271,2023-10-08 06:29:00,Idle
D271,2023-10-08 07:27:00,Idle
D271,2023-10-08 08:14:00,Idle
D271,2023-10-08 09:06:00,Busy
D271,2023-10-08 10:30:00,Idle
D271,2023-10-08 11:27:00,Busy
D271,2023-10-08 12:10:00,Busy
D271,2023-10-08 13:31:00,Busy
D271,2023-10-08 15:08:00,Busy
D271,2023-10-08 15:30:00,Offline
D271,2023-10-09 13:30:00,Online
D271,2023-10-09 14:38:00,Idle
D271,2023-10-09 15:38:00,Busy
D271,2023-10-09 16:48:00,Busy
D271,2023-10-09 18:18:00,Idle
D271,2023-10-09 18:37:00,Offline
D271,2023-10-10 12:37:00,Online
D271,2023-10-10 12:58:00,Idle
D271,2023-10-10 14:09:00,Busy
D271,2023-10-10 14:29:00,Busy
D271,2023-10-10 14:47:00,Idle
D271,2023-10-10 15:17:00,Busy
D271,2023-10-10 16:42:00,Busy
D271,2023-10-10 17:05:00,Offline
D272,2023-10-05 00:00:00,Online
D272,2023-10-05 01:28:00,Busy
D272,2023-10-05 02:48:00,Idle
D272,2023-10-05 03:32:00,Idle
D272,2023-10-05 05:05:00,Idle
D272,2023-10-05 06:47:00,Busy
D272,2023-10-05 07:23:00,Busy
D272,2023-10-05 08:44:00,Idle
D272,2023-10-05 10:16:00,Busy
D272,2023-10-05 10:57:00,Busy
D272,2023-10-05 12:01:00,Idle
D272,2023-10-05 12:42:00,Offline
D272,2023-10-06 11:42:00,Online
D272,2023-10-06 12:48:00,Idle
D272,2023-10-06 13:39:00,Busy
D272,2023-10-06 15:03:00,Idle
D272,2023-10-06 16:25:00,Busy
D272,2023-10-06 17:35:00,Idle
D272,2023-10-06 18:14:00,Offline
D272,2023-10-07 11:14:00,Online
D272,2023-10-07 12:45:00,Idle
D272,2023-10-07 13:56:00,Idle
D272,2023-10-07 15:13:00,Busy
D272,2023-10-07 16:59:00,Busy
D272,2023-10-07 18:53:00,Busy
D272,2023-10-07 20:00:00,Busy
D272,2023-10-07 20:30:00,Idle
D272,2023-10-07 21:11:00,Busy
D272,2023-10-07 21:59:00,Busy
D272,2023-10-07 22:15:00,Offline
D272,2023-10-08 12:15:00,Online
D272,2023-10-08 14:11:00,Idle
D272,2023-10-08 15:07:00,Busy
D272,2023-10-08 16:39:00,Busy
D272,2023-10-08 17:19:00,Offline
D272,2023-10-09 10:19:00,Online
D272,2023-10-09 11:42:00,Idle
D272,2023-10-09 13:33:00,Idle
D272,2023-10-09 15:25:00,Idle
D272,2023-10-09 16:58:00,Idle
D272,2023-10-09 18:22:00,Idle
D272,2023-10-09 19:32:00,Busy
D272,2023-10-09 20:32:00,Busy
D272,2023-10-09 20:55:00,Offline
D272,2023-10-10 13:55:00,Online
D272,2023-10-10 15:41:00,Busy
D272,2023-10-10 16:13:00,Idle
D272,2023-10-10 17:18:00,Busy
D272,2023-10-10 18:12:00,Busy
D272,2023-10-10 18:37:00,Idle
D272,2023-10-10 20:18:00,Busy
D272,2023-10-10 20:33:00,Idle
D272,2023-10-10 21:12:00,Busy
D272,2023-10-10 22:34:00,Idle
D272,2023-10-10 22:49:00,Offline
D274,2023-10-06 00:00:00,Online
D274,2023-10-06 00:20:00,Busy
D274,2023-10-06 00:51:00,Idle
D274,2023-10-06 01:13:00,Busy
D274,2023-10-06 02:23:00,Busy
D274,2023-10-06 04:22:00,Busy
D274,2023-10-06 05:21:00,Idle
D274,2023-10-06 06:59:00,Busy
D274,2023-10-06 08:07:00,Idle
D274,2023-10-06 08:24:00,Offline
D274,2023-10-07 01:24:00,Online
D274,2023-10-07 02:17:00,Busy
D274,2023-10-07 03:07:00,Busy
D274,2023-10-07 03:39:00,Idle
D274,2023-10-07 04:13:00,Offline
D274,2023-10-08 02:13:00,Online
D274,2023-10-08 03:31:00,Busy
D274,2023-10-08 04:53:00,Busy
D274,2023-10-08 06:01:00,Idle
D274,2023-10-08 06:35:00,Offline
D274,2023-10-08 19:35:00,Online
D274,2023-10-08 20:32:00,Busy
D274,2023-10-08 21:11:00,Busy
D274,2023-10-08 22:50:00,Idle
D274,2023-10-08 23:45:00,Busy
D274,2023-10-09 01:00:00,Busy
D274,2023-10-09 01:52:00,Offline
D274,2023-10-10 00:52:00,Online
D274,2023-10-10 02:27:00,Idle
D274,2023-10-10 03:55:00,Idle
D274,2023-10-10 05:07:00,Idle
D274,2023-10-10 06:11:00,Busy
D274,2023-10-10 06:50:00,Idle
D274,2023-10-10 08:42:00,Idle
D274,2023-10-10 09:11:00,Offline
D274,2023-10-11 08:11:00,Online
D274,2023-10-11 09:06:00,Busy
D274,2023-10-11 10:32:00,Idle
D274,2023-10-11 11:55:00,Idle
D274,2023-10-11 13:00:00,Idle
D274,2023-10-11 14:21:00,Idle
D274,2023-10-11 15:59:00,Idle
D274,2023-10-11 17:15:00,Idle
D274,2023-10-11 18:12:00,Offline
D274,2023-10-12 13:12:00,Online
D274,2023-10-12 14:17:00,Idle
D274,2023-10-12 15:36:00,Idle
D274,2023-10-12 16:02:00,Busy
D274,2023-10-12 17:30:00,Busy
D274,2023-10-12 17:53:00,Offline
D274,2023-10-13 12:53:00,Online
D274,2023-10-13 13:21:00,Idle
D274,2023-10-13 14:13:00,Idle
D274,2023-10-13 16:09:00,Busy
D274,2023-10-13 16:52:00,Busy
D274,2023-10-13 18:18:00,Busy
D274,2023-10-13 18:39:00,Busy
D274,2023-10-13 19:38:00,Offline
D274,2023-10-14 10:38:00,Online
D274,2023-10-14 12:09:00,Idle
D274,2023-10-14 12:58:00,Idle
D274,2023-10-14 14:55:00,Idle
D274,2023-10-14 15:29:00,Idle
D274,2023-10-14 16:25:00,Idle
D274,2023-10-14 17:34:00,Idle
D274,2023-10-14 18:32:00,Idle
D274,2023-10-14 19:04:00,Busy
D274,2023-10-14 20:00:00,Busy
D274,2023-10-14 21:47:00,Idle
D274,2023-10-14 22:41:00,Offline
D274,2023-10-15 17:41:00,Online
D274,2023-10-15 18:14:00,Idle
D274,2023-10-15 18:37:00,Busy
D274,2023-10-15 20:28:00,Idle
D274,2023-10-15 21:05:00,Idle
D274,2023-10-15 22:29:00,Idle
D274,2023-10-15 23:48:00,Busy
D274,2023-10-16 00:31:00,Offline
D274,2023-10-16 13:31:00,Online
D274,2023-10-16 14:48:00,Busy
D274,2023-10-16 16:27:00,Busy
D274,2023-10-16 17:09:00,Idle
D274,2023-10-16 18:36:00,Idle
D274,2023-10-16 19:14:00,Busy
D274,2023-10-16 20:17:00,Idle
D274,2023-10-16 21:34:00,Busy
D274,2023-10-16 22:38:00,Idle
D274,2023-10-17 00:00:00,Idle
D274,2023-10-17 00:11:00,Offline
D274,2023-10-17 16:11:00,Online
D274,2023-10-17 17:46:00,Idle
D274,2023-10-17 18:57:00,Idle
D274,2023-10-17 20:57:00,Busy
D274,2023-10-17 22:43:00,Idle
D274,2023-10-17 23:20:00,Idle
D274,2023-10-18 01:04:00,Busy
D274,2023-10-18 02:44:00,Idle
D274,2023-10-18 02:57:00,Offline
D274,2023-10-18 21:57:00,Online
D274,2023-10-18 23:29:00,Idle
D274,2023-10-18 23:59:00,Idle
D274,2023-10-19 01:38:00,Idle
D274,2023-10-19 02:10:00,Busy
D274,2023-10-19 03:45:00,Busy
D274,2023-10-19 05:31:00,Idle
D274,2023-10-19 06:30:00,Busy
D274,2023-10-19 08:21:00,Busy
D274,2023-10-19 09:58:00,Idle
D274,2023-10-19 11:28:00,Busy
D274,2023-10-19 12:19:00,Offline
D275,2023-10-03 00:00:00,Online
D275,2023-10-03 01:39:00,Busy
D275,2023-10-03 02:41:00,Idle
D275,2023-10-03 04:13:00,Busy
D275,2023-10-03 05:38:00,Idle
D275,2023-10-03 07:36:00,Busy
D275,2023-10-03 09:18:00,Busy
D275,2023-10-03 09:50:00,Idle
D275,2023-10-03 11:14:00,Idle
D275,2023-10-03 11:40:00,Idle
D275,2023-10-03 13:36:00,Busy
D275,2023-10-03 14:11:00,Offline
D275,2023-10-04 11:11:00,Online
D275,2023-10-04 12:32:00,Idle
D275,2023-10-04 14:22:00,Idle
D275,2023-10-04 15:09:00,Busy
D275,2023-10-04 15:50:00,Busy
D275,2023-10-04 16:07:00,Idle
D275,2023-10-04 17:35:00,Busy
D275,2023-10-04 18:07:00,Idle
D275,2023-10-04 20:06:00,Busy
D275,2023-10-04 20:31:00,Offline
D275,2023-10-05 08:31:00,Online
D275,2023-10-05 10:19:00,Busy
D275,2023-10-05 11:33:00,Idle
D275,2023-10-05 11:57:00,Busy
D275,2023-10-05 13:23:00,Idle
D275,2023-10-05 14:11:00,Busy
D275,2023-10-05 14:30:00,Offline
D275,2023-10-06 02:30:00,Online
D275,2023-10-06 03:10:00,Busy
D275,2023-10-06 04:27:00,Idle
D275,2023-10-06 06:26:00,Busy
D275,2023-10-06 07:10:00,Idle
D275,2023-10-06 09:09:00,Busy
D275,2023-10-06 10:55:00,Busy
D275,2023-10-06 11:08:00,Offline
D275,2023-10-07 05:08:00,Online
D275,2023-10-07 06:13:00,Busy
D275,2023-10-07 08:03:00,Busy
D275,2023-10-07 09:54:00,Idle
D275,2023-10-07 11:35:00,Idle
D275,2023-10-07 12:12:00,Idle
D275,2023-10-07 12:41:00,Busy
D275,2023-10-07 13:11:00,Idle
D275,2023-10-07 13:58:00,Busy
D275,2023-10-07 14:15:00,Idle
D275,2023-10-07 15:23:00,Busy
D275,2023-10-07 15:48:00,Offline
D275,2023-10-08 13:48:00,Online
D275,2023-10-08 14:25:00,Idle
D275,2023-10-08 15:18:00,Idle
D275,2023-10-08 16:08:00,Idle
D275,2023-10-08 17:49:00,Idle
D275,2023-10-08 19:03:00,Busy
D275,2023-10-08 20:13:00,Busy
D275,2023-10-08 21:53:00,Idle
D275,2023-10-08 23:15:00,Idle
D275,2023-10-08 23:33:00,Idle
D275,2023-10-09 00:32:00,Offline
D275,2023-10-09 22:32:00,Online
D275,2023-10-10 00:03:00,Busy
D275,2023-10-10 01:04:00,Busy
D275,2023-10-10 01:43:00,Idle
D275,2023-10-10 02:16:00,Idle
D275,2023-10-10 03:27:00,Busy
D275,2023-10-10 04:08:00,Offline
D276,2023-10-03 00:00:00,Online
D276,2023-10-03 01:16:00,Idle
D276,2023-10-03 03:10:00,Busy
D276,2023-10-03 04:31:00,Busy
D276,2023-10-03 05:06:00,Idle
D276,2023-10-03 06:38:00,Idle
D276,2023-10-03 07:59:00,Idle
D276,2023-10-03 09:24:00,Busy
D276,2023-10-03 10:08:00,Idle
D276,2023-10-03 11:15:00,Busy
D276,2023-10-03 11:38:00,Offline
D276,2023-10-04 11:38:00,Online
D276,2023-10-04 12:08:00,Busy
D276,2023-10-04 13:30:00,Busy
D276,2023-10-04 15:09:00,Busy
D276,2023-10-04 17:09:00,Idle
D276,2023-10-04 18:06:00,Idle
D276,2023-10-04 19:12:00,Idle
D276,2023-10-04 19:39:00,Busy
D276,2023-10-04 21:32:00,Idle
D276,2023-10-04 22:59:00,Busy
D276,2023-10-04 23:52:00,Busy
D276,2023-10-05 00:40:00,Offline
D276,2023-10-05 20:40:00,Online
D276,2023-10-05 21:28:00,Busy
D276,2023-10-05 22:29:00,Busy
D276,2023-10-05 23:34:00,Idle
D276,2023-10-06 00:10:00,Offline
D276,2023-10-06 23:10:00,Online
D276,2023-10-07 00:51:00,Busy
D276,2023-10-07 02:23:00,Idle
D276,2023-10-07 04:08:00,Idle
D276,2023-10-07 06:08:00,Idle
D276,2023-10-07 06:18:00,Offline
D276,2023-10-08 03:18:00,Online
D276,2023-10-08 05:02:00,Idle
D276,2023-10-08 06:18:00,Idle
D276,2023-10-08 07:16:00,Busy
D276,2023-10-08 08:19:00,Busy
D276,2023-10-08 09:29:00,Busy
D276,2023-10-08 10:40:00,Idle
D276,2023-10-08 10:56:00,Busy
D276,2023-10-08 11:54:00,Idle
D276,2023-10-08 12:33:00,Offline
D276,2023-10-09 00:33:00,Online
D276,2023-10-09 01:34:00,Idle
D276,2023-10-09 02:58:00,Busy
D276,2023-10-09 04:43:00,Busy
D276,2023-10-09 05:20:00,Idle
D276,2023-10-09 06:21:00,Idle
D276,2023-10-09 07:39:00,Idle
D276,2023-10-09 08:55:00,Busy
D276,2023-10-09 10:18:00,Idle
D276,2023-10-09 10:54:00,Busy
D276,2023-10-09 11:08:00,Offline
D277,2023-10-06 00:00:00,Online
D277,2023-10-06 00:52:00,Idle
D277,2023-10-06 01:08:00,Idle
D277,2023-10-06 01:41:00,Busy
D277,2023-10-06 03:30:00,Busy
D277,2023-10-06 05:14:00,Busy
D277,2023-10-06 05:54:00,Idle
D277,2023-10-06 07:06:00,Busy
D277,2023-10-06 07:25:00,Offline
D277,2023-10-06 19:25:00,Online
D277,2023-10-06 20:45:00,Busy
D277,2023-10-06 21:08:00,Idle
D277,2023-10-06 21:38:00,Busy
D277,2023-10-06 22:59:00,Busy
D277,2023-10-07 00:20:00,Idle
D277,2023-10-07 01:49:00,Busy
D277,2023-10-07 02:23:00,Offline
D277,2023-10-08 02:23:00,Online
D277,2023-10-08 03:31:00,Idle
D277,2023-10-08 04:22:00,Busy
D277,2023-10-08 04:51:00,Idle
D277,2023-10-08 05:23:00,Idle
D277,2023-10-08 06:02:00,Idle
D277,2023-10-08 06:20:00,Busy
D277,2023-10-08 06:51:00,Busy
D277,2023-10-08 08:25:00,Busy
D277,2023-10-08 09:02:00,Offline
D277,2023-10-09 06:02:00,Online
D277,2023-10-09 06:21:00,Idle
D277,2023-10-09 07:34:00,Idle
D277,2023-10-09 08:11:00,Busy
D277,2023-10-09 08:33:00,Busy
D277,2023-10-09 08:51:00,Busy
D277,2023-10-09 09:42:00,Busy
D277,2023-10-09 10:04:00,Offline
D277,2023-10-10 08:04:00,Online
D277,2023-10-10 08:23:00,Busy
D277,2023-10-10 09:04:00,Busy
D277,2023-10-10 10:51:00,Busy
D277,2023-10-10 11:14:00,Idle
D277,2023-10-10 12:40:00,Busy
D277,2023-10-10 13:51:00,Busy
D277,2023-10-10 14:40:00,Idle
D277,2023-10-10 15:53:00,Idle
D277,2023-10-10 16:28:00,Offline
D277,2023-10-11 06:28:00,Online
D277,2023-10-11 08:13:00,Idle
D277,2023-10-11 08:58:00,Busy
D277,2023-10-11 10:51:00,Busy
D277,2023-10-11 11:11:00,Idle
D277,2023-10-11 11:58:00,Idle
D277,2023-10-11 12:46:00,Offline
D277,2023-10-12 05:46:00,Online
D277,2023-10-12 06:31:00,Busy
D277,2023-10-12 06:55:00,Busy
D277,2023-10-12 08:50:00,Idle
D277,2023-10-12 10:32:00,Busy
D277,2023-10-12 11:38:00,Busy
D277,2023-10-12 12:06:00,Offline
D277,2023-10-13 12:06:00,Online
D277,2023-10-13 12:33:00,Idle
D277,2023-10-13 13:18:00,Busy
D277,2023-10-13 14:18:00,Busy
D277,2023-10-13 15:32:00,Idle
D277,2023-10-13 16:07:00,Idle
D277,2023-10-13 17:52:00,Idle
D277,2023-10-13 18:32:00,Busy
D277,2023-10-13 18:57:00,Idle
D277,2023-10-13 19:12:00,Offline
D277,2023-10-14 09:12:00,Online
D277,2023-10-14 10:44:00,Idle
D277,2023-10-14 12:21:00,Busy
D277,2023-10-14 14:14:00,Idle
D277,2023-10-14 15:40:00,Idle
D277,2023-10-14 16:54:00,Idle
D277,2023-10-14 18:16:00,Busy
D277,2023-10-14 18:57:00,Idle
D277,2023-10-14 20:08:00,Idle
D277,2023-10-14 20:53:00,Busy
D277,2023-10-14 21:27:00,Busy
D277,2023-10-14 22:13:00,Offline
D277,2023-10-15 15:13:00,Online
D277,2023-10-15 15:36:00,Busy
D277,2023-10-15 15:55:00,Busy
D277,2023-10-15 16:40:00,Busy
D277,2023-10-15 17:45:00,Idle
D277,2023-10-15 18:47:00,Idle
D277,2023-10-15 20:40:00,Idle
D277,2023-10-15 21:19:00,Offline
D277,2023-10-16 20:19:00,Online
D277,2023-10-16 21:08:00,Busy
D277,2023-10-16 22:09:00,Idle
D277,2023-10-17 00:04:00,Idle
D277,2023-10-17 01:45:00,Busy
D277,2023-10-17 02:20:00,Idle
D277,2023-10-17 04:10:00,Busy
D277,2023-10-17 04:43:00,Offline
D277,2023-10-18 02:43:00,Online
D277,2023-10-18 04:23:00,Busy
D277,2023-10-18 04:53:00,Idle
D277,2023-10-18 05:40:00,Idle
D277,2023-10-18 06:07:00,Offline
D278,2023-10-02 00:00:00,Online
D278,2023-10-02 01:39:00,Idle
D278,2023-10-02 02:45:00,Idle
D278,2023-10-02 03:08:00,Idle
D278,2023-10-02 03:44:00,Offline
D278,2023-10-03 02:44:00,Online
D278,2023-10-03 03:28:00,Idle
D278,2023-10-03 03:45:00,Busy
D278,2023-10-03 04:11:00,Busy
D278,2023-10-03 05:14:00,Busy
D278,2023-10-03 07:13:00,Busy
D278,2023-10-03 08:27:00,Busy
D278,2023-10-03 09:08:00,Busy
D278,2023-10-03 09:24:00,Offline
D278,2023-10-04 08:24:00,Online
D278,2023-10-04 09:34:00,Idle
D278,2023-10-04 10:47:00,Idle
D278,2023-10-04 12:43:00,Busy
D278,2023-10-04 13:51:00,Idle
D278,2023-10-04 15:31:00,Busy
D278,2023-10-04 15:51:00,Busy
D278,2023-10-04 16:32:00,Offline
D278,2023-10-05 14:32:00,Online
D278,2023-10-05 16:30:00,Busy
D278,2023-10-05 17:17:00,Idle
D278,2023-10-05 19:05:00,Busy
D278,2023-10-05 20:00:00,Idle
D278,2023-10-05 21:31:00,Busy
D278,2023-10-05 21:43:00,Offline
D278,2023-10-06 14:43:00,Online
D278,2023-10-06 15:02:00,Idle
D278,2023-10-06 15:32:00,Idle
D278,2023-10-06 17:19:00,Idle
D278,2023-10-06 17:55:00,Idle
D278,2023-10-06 19:02:00,Busy
D278,2023-10-06 20:52:00,Busy
D278,2023-10-06 22:04:00,Busy
D278,2023-10-06 22:17:00,Offline
D278,2023-10-07 20:17:00,Online
D278,2023-10-07 21:11:00,Busy
D278,2023-10-07 23:04:00,Idle
D278,2023-10-08 01:00:00,Idle
D278,2023-10-08 02:34:00,Busy
D278,2023-10-08 03:06:00,Idle
D278,2023-10-08 05:01:00,Busy
D278,2023-10-08 06:01:00,Idle
D278,2023-10-08 07:24:00,Idle
D278,2023-10-08 07:54:00,Busy
D278,2023-10-08 08:34:00,Offline
D278,2023-10-09 03:34:00,Online
D278,2023-10-09 05:13:00,Idle
D278,2023-10-09 05:40:00,Idle
D278,2023-10-09 06:27:00,Busy
D278,2023-10-09 07:45:00,Busy
D278,2023-10-09 08:05:00,Offline
D278,2023-10-09 21:05:00,Online
D278,2023-10-09 21:32:00,Idle
D278,2023-10-09 23:03:00,Idle
D278,2023-10-10 00:13:00,Idle
D278,2023-10-10 01:54:00,Idle
D278,2023-10-10 02:29:00,Offline
D278,2023-10-10 19:29:00,Online
D278,2023-10-10 20:32:00,Busy
D278,2023-10-10 22:30:00,Idle
D278,2023-10-11 00:17:00,Idle
D278,2023-10-11 00:43:00,Idle
D278,2023-10-11 01:06:00,Idle
D278,2023-10-11 02:44:00,Busy
D278,2023-10-11 03:34:00,Offline
D278,2023-10-12 02:34:00,Online
D278,2023-10-12 03:00:00,Busy
D278,2023-10-12 03:19:00,Busy
D278,2023-10-12 05:05:00,Busy
D278,2023-10-12 06:40:00,Idle
D278,2023-10-12 07:46:00,Idle
D278,2023-10-12 09:22:00,Idle
D278,2023-10-12 10:09:00,Offline
D278,2023-10-13 00:09:00,Online
D278,2023-10-13 01:57:00,Busy
D278,2023-10-13 02:15:00,Idle
D278,2023-10-13 02:32:00,Idle
D278,2023-10-13 02:50:00,Offline
D278,2023-10-13 17:50:00,Online
D278,2023-10-13 19:21:00,Busy
D278,2023-10-13 20:16:00,Idle
D278,2023-10-13 21:28:00,Busy
D278,2023-10-13 23:16:00,Idle
D278,2023-10-14 00:40:00,Idle
D278,2023-10-14 02:22:00,Busy
D278,2023-10-14 03:10:00,Offline
D278,2023-10-14 16:10:00,Online
D278,2023-10-14 18:00:00,Idle
D278,2023-10-14 19:51:00,Busy
D278,2023-10-14 20:33:00,Idle
D278,2023-10-14 22:20:00,Busy
D278,2023-10-14 23:00:00,Idle
D278,2023-10-14 23:23:00,Offline
D279,2023-10-01 00:00:00,Online
D279,2023-10-01 01:01:00,Busy
D279,2023-10-01 01:33:00,Idle
D279,2023-10-01 01:52:00,Busy
D279,2023-10-01 02:25:00,Idle
D279,2023-10-01 04:12:00,Idle
D279,2023-10-01 05:05:00,Idle
D279,2023-10-01 05:44:00,Offline
D279,2023-10-01 20:44:00,Online
D279,2023-10-01 22:11:00,Busy
D279,2023-10-01 22:59:00,Busy
D279,2023-10-02 00:01:00,Idle
D279,2023-10-02 01:23:00,Idle
D279,2023-10-02 02:38:00,Idle
D279,2023-10-02 02:59:00,Busy
D279,2023-10-02 03:34:00,Offline
D279,2023-10-02 20:34:00,Online
D279,2023-10-02 21:44:00,Busy
D279,2023-10-02 23:24:00,Busy
D279,2023-10-03 00:32:00,Busy
D279,2023-10-03 02:09:00,Busy
D279,2023-10-03 02:53:00,Busy
D279,2023-10-03 03:38:00,Busy
D279,2023-10-03 04:14:00,Idle
D279,2023-10-03 04:25:00,Offline
D279,2023-10-04 00:25:00,Online
D279,2023-10-04 01:21:00,Busy
D279,2023-10-04 02:18:00,Busy
D279,2023-10-04 02:51:00,Idle
D279,2023-10-04 03:32:00,Busy
D279,2023-10-04 04:26:00,Busy
D279,2023-10-04 05:34:00,Idle
D279,2023-10-04 07:09:00,Busy
D279,2023-10-04 08:15:00,Idle
D279,2023-10-04 08:56:00,Idle
D279,2023-10-04 10:24:00,Busy
D279,2023-10-04 10:55:00,Offline
D279,2023-10-05 03:55:00,Online
D279,2023-10-05 05:37:00,Busy
D279,2023-10-05 05:52:00,Idle
D279,2023-10-05 06:30:00,Idle
D279,2023-10-05 07:26:00,Idle
D279,2023-10-05 07:46:00,Offline
D280,2023-10-03 00:00:00,Online
D280,2023-10-03 01:13:00,Busy
D280,2023-10-03 02:15:00,Busy
D280,2023-10-03 02:53:00,Idle
D280,2023-10-03 03:22:00,Offline
D280,2023-10-03 20:22:00,Online
D280,2023-10-03 21:32:00,Idle
D280,2023-10-03 22:01:00,Idle
D280,2023-10-03 23:53:00,Busy
D280,2023-10-04 01:52:00,Idle
D280,2023-10-04 02:49:00,Offline
D280,2023-10-05 01:49:00,Online
D280,2023-10-05 03:49:00,Busy
D280,2023-10-05 05:24:00,Busy
D280,2023-10-05 05:47:00,Busy
D280,2023-10-05 07:47:00,Idle
D280,2023-10-05 08:42:00,Busy
D280,2023-10-05 09:26:00,Offline
D280,2023-10-05 22:26:00,Online
D280,2023-10-05 22:50:00,Busy
D280,2023-10-06 00:23:00,Busy
D280,2023-10-06 00:46:00,Busy
D280,2023-10-06 01:57:00,Idle
D280,2023-10-06 02:18:00,Idle
D280,2023-10-06 03:53:00,Busy
D280,2023-10-06 04:53:00,Busy
D280,2023-10-06 06:01:00,Idle
D280,2023-10-06 07:42:00,Busy
D280,2023-10-06 08:36:00,Busy
D280,2023-10-06 09:29:00,Offline
D280,2023-10-07 01:29:00,Online
D280,2023-10-07 03:19:00,Busy
D280,2023-10-07 05:06:00,Idle
D280,2023-10-07 06:31:00,Idle
D280,2023-10-07 07:38:00,Idle
D280,2023-10-07 08:24:00,Busy
D280,2023-10-07 08:49:00,Idle
D280,2023-10-07 09:35:00,Idle
D280,2023-10-07 10:16:00,Busy
D280,2023-10-07 11:23:00,Busy
D280,2023-10-07 13:01:00,Idle
D280,2023-10-07 13:41:00,Offline
D280,2023-10-08 09:41:00,Online
D280,2023-10-08 11:26:00,Busy
D280,2023-10-08 13:10:00,Idle
D280,2023-10-08 14:39:00,Idle
D280,2023-10-08 16:35:00,Busy
D280,2023-10-08 17:36:00,Idle
D280,2023-10-08 18:06:00,Offline
D280,2023-10-09 15:06:00,Online
D280,2023-10-09 16:42:00,Busy
D280,2023-10-09 18:32:00,Idle
D280,2023-10-09 20:17:00,Busy
D280,2023-10-09 20:59:00,Offline
D280,2023-10-10 13:59:00,Online
D280,2023-10-10 14:42:00,Idle
D280,2023-10-10 16:33:00,Busy
D280,2023-10-10 17:43:00,Busy
D280,2023-10-10 18:59:00,Idle
D280,2023-10-10 19:38:00,Busy
D280,2023-10-10 19:57:00,Idle
D280,2023-10-10 20:57:00,Idle
D280,2023-10-10 21:24:00,Busy
D280,2023-10-10 23:24:00,Busy
D280,2023-10-11 00:12:00,Idle
D280,2023-10-11 00:34:00,Offline
D280,2023-10-11 14:34:00,Online
D280,2023-10-11 15:11:00,Busy
D280,2023-10-11 15:45:00,Idle
D280,2023-10-11 16:16:00,Idle
D280,2023-10-11 17:20:00,Busy
D280,2023-10-11 19:06:00,Busy
D280,2023-10-11 19:39:00,Offline
D282,2023-10-01 00:00:00,Online
D282,2023-10-01 00:50:00,Busy
D282,2023-10-01 02:35:00,Busy
D282,2023-10-01 03:46:00,Busy
D282,2023-10-01 04:23:00,Idle
D282,2023-10-01 05:02:00,Idle
D282,2023-10-01 05:50:00,Busy
D282,2023-10-01 06:26:00,Offline
D282,2023-10-01 19:26:00,Online
D282,2023-10-01 20:05:00,Idle
D282,2023-10-01 22:03:00,Busy
D282,2023-10-01 22:20:00,Idle
D282,2023-10-01 23:21:00,Idle
D282,2023-10-02 00:47:00,Busy
D282,2023-10-02 01:25:00,Idle
D282,2023-10-02 03:17:00,Idle
D282,2023-10-02 04:32:00,Idle
D282,2023-10-02 04:56:00,Offline
D282,2023-10-02 23:56:00,Online
D282,2023-10-03 00:48:00,Idle
D282,2023-10-03 02:17:00,Idle
D282,2023-10-03 04:02:00,Busy
D282,2023-10-03 04:48:00,Busy
D282,2023-10-03 05:19:00,Idle
D282,2023-10-03 07:18:00,Idle
D282,2023-10-03 08:06:00,Idle
D282,2023-10-03 08:56:00,Busy
D282,2023-10-03 09:08:00,Offline
D282,2023-10-04 01:08:00,Online
D282,2023-10-04 02:49:00,Busy
D282,2023-10-04 03:35:00,Busy
D282,2023-10-04 03:52:00,Idle
D282,2023-10-04 04:41:00,Offline
D282,2023-10-04 17:41:00,Online
D282,2023-10-04 18:13:00,Busy
D282,2023-10-04 20:02:00,Idle
D282,2023-10-04 21:33:00,Idle
D282,2023-10-04 21:48:00,Idle
D282,2023-10-04 22:22:00,Idle
D282,2023-10-04 23:34:00,Idle
D282,2023-10-05 00:53:00,Idle
D282,2023-10-05 02:06:00,Idle
D282,2023-10-05 04:05:00,Idle
D282,2023-10-05 05:35:00,Idle
D282,2023-10-05 06:32:00,Offline
D282,2023-10-05 22:32:00,Online
D282,2023-10-05 23:57:00,Busy
D282,2023-10-06 00:17:00,Idle
D282,2023-10-06 01:11:00,Busy
D282,2023-10-06 01:46:00,Busy
D282,2023-10-06 03:06:00,Busy
D282,2023-10-06 04:04:00,Busy
D282,2023-10-06 05:15:00,Busy
D282,2023-10-06 05:30:00,Offline
D282,2023-10-07 05:30:00,Online
D282,2023-10-07 05:45:00,Busy
D282,2023-10-07 07:18:00,Idle
D282,2023-10-07 08:02:00,Idle
D282,2023-10-07 08:51:00,Idle
D282,2023-10-07 09:19:00,Idle
D282,2023-10-07 10:40:00,Idle
D282,2023-10-07 10:56:00,Busy
D282,2023-10-07 11:42:00,Busy
D282,2023-10-07 12:54:00,Busy
D282,2023-10-07 14:38:00,Idle
D282,2023-10-07 15:14:00,Offline
D282,2023-10-08 15:14:00,Online
D282,2023-10-08 15:41:00,Idle
D282,2023-10-08 16:29:00,Busy
D282,2023-10-08 18:18:00,Busy
D282,2023-10-08 19:43:00,Busy
D282,2023-10-08 20:22:00,Busy
D282,2023-10-08 21:47:00,Busy
D282,2023-10-08 22:15:00,Busy
D282,2023-10-08 23:08:00,Busy
D282,2023-10-08 23:59:00,Offline
D282,2023-10-09 15:59:00,Online
D282,2023-10-09 17:55:00,Idle
D282,2023-10-09 19:21:00,Busy
D282,2023-10-09 21:20:00,Idle
D282,2023-10-09 22:47:00,Idle
D282,2023-10-09 23:40:00,Idle
D282,2023-10-10 01:35:00,Idle
D282,2023-10-10 02:47:00,Idle
D282,2023-10-10 03:05:00,Offline
D282,2023-10-10 16:05:00,Online
D282,2023-10-10 17:39:00,Busy
D282,2023-10-10 19:16:00,Busy
D282,2023-10-10 21:07:00,Busy
D282,2023-10-10 21:49:00,Idle
D282,2023-10-10 23:05:00,Busy
D282,2023-10-10 23:45:00,Offline
D283,2023-10-05 00:00:00,Online
D283,2023-10-05 01:42:00,Idle
D283,2023-10-05 02:32:00,Idle
D283,2023-10-05 03:33:00,Idle
D283,2023-10-05 03:52:00,Idle
D283,2023-10-05 05:47:00,Idle
D283,2023-10-05 06:57:00,Busy
D283,2023-10-05 08:05:00,Idle
D283,2023-10-05 09:07:00,Idle
D283,2023-10-05 09:51:00,Offline
D283,2023-10-05 21:51:00,Online
D283,2023-10-05 23:25:00,Busy
D283,2023-10-06 01:04:00,Idle
D283,2023-10-06 02:56:00,Busy
D283,2023-10-06 04:46:00,Busy
D283,2023-10-06 06:27:00,Idle
D283,2023-10-06 08:08:00,Busy
D283,2023-10-06 08:39:00,Idle
D283,2023-10-06 10:10:00,Idle
D283,2023-10-06 11:04:00,Busy
D283,2023-10-06 12:23:00,Idle
D283,2023-10-06 13:06:00,Offline
D283,2023-10-07 04:06:00,Online
D283,2023-10-07 04:37:00,Busy
D283,2023-10-07 06:08:00,Busy
D283,2023-10-07 06:44:00,Idle
D283,2023-10-07 08:42:00,Idle
D283,2023-10-07 10:07:00,Idle
D283,2023-10-07 10:31:00,Idle
D283,2023-10-07 11:37:00,Idle
D283,2023-10-07 12:56:00,Busy
D283,2023-10-07 13:55:00,Offline
D283,2023-10-08 03:55:00,Online
D283,2023-10-08 05:05:00,Busy
D283,2023-10-08 07:04:00,Busy
D283,2023-10-08 07:49:00,Idle
D283,2023-10-08 08:55:00,Busy
D283,2023-10-08 09:45:00,Idle
D283,2023-10-08 11:38:00,Idle
D283,2023-10-08 13:05:00,Idle
D283,2023-10-08 14:08:00,Idle
D283,2023-10-08 14:28:00,Busy
D283,2023-10-08 15:33:00,Idle
D283,2023-10-08 16:22:00,Offline
D283,2023-10-09 15:22:00,Online
D283,2023-10-09 16:40:00,Busy
D283,2023-10-09 18:00:00,Busy
D283,2023-10-09 18:43:00,Idle
D283,2023-10-09 19:17:00,Busy
D283,2023-10-09 21:06:00,Idle
D283,2023-10-09 21:45:00,Busy
D283,2023-10-09 22:26:00,Busy
D283,2023-10-09 22:36:00,Offline
D283,2023-10-10 19:36:00,Online
D283,2023-10-10 20:56:00,Idle
D283,2023-10-10 22:39:00,Busy
D283,2023-10-11 00:02:00,Idle
D283,2023-10-11 01:40:00,Busy
D283,2023-10-11 03:12:00,Busy
D283,2023-10-11 03:29:00,Busy
D283,2023-10-11 04:36:00,Busy
D283,2023-10-11 05:06:00,Busy
D283,2023-10-11 05:57:00,Busy
D283,2023-10-11 06:17:00,Busy
D283,2023-10-11 06:52:00,Offline
D283,2023-10-12 05:52:00,Online
D283,2023-10-12 06:54:00,Busy
D283,2023-10-12 08:16:00,Busy
D283,2023-10-12 10:04:00,Idle
D283,2023-10-12 11:21:00,Idle
D283,2023-10-12 12:45:00,Idle
D283,2023-10-12 14:25:00,Idle
D283,2023-10-12 16:08:00,Idle
D283,2023-10-12 16:51:00,Idle
D283,2023-10-12 17:52:00,Busy
D283,2023-10-12 18:37:00,Offline
D283,2023-10-13 11:37:00,Online
D283,2023-10-13 12:38:00,Idle
D283,2023-10-13 14:35:00,Busy
D283,2023-10-13 16:14:00,Idle
D283,2023-10-13 17:54:00,Idle
D283,2023-10-13 18:08:00,Offline
D283,2023-10-14 09:08:00,Online
D283,2023-10-14 10:44:00,Idle
D283,2023-10-14 12:09:00,Busy
D283,2023-10-14 14:05:00,Idle
D283,2023-10-14 15:18:00,Idle
D283,2023-10-14 16:14:00,Idle
D283,2023-10-14 17:11:00,Offline
D283,2023-10-15 14:11:00,Online
D283,2023-10-15 15:00:00,Busy
D283,2023-10-15 15:19:00,Idle
D283,2023-10-15 15:53:00,Idle
D283,2023-10-15 17:22:00,Busy
D283,2023-10-15 19:22:00,Idle
D283,2023-10-15 20:05:00,Idle
D283,2023-10-15 21:27:00,Idle
D283,2023-10-15 21:54:00,Offline
D283,2023-10-16 15:54:00,Online
D283,2023-10-16 16:17:00,Idle
D283,2023-10-16 17:01:00,Busy
D283,2023-10-16 18:27:00,Idle
D283,2023-10-16 18:46:00,Busy
D283,2023-10-16 19:10:00,Offline
D283,2023-10-17 18:10:00,Online
D283,2023-10-17 19:08:00,Idle
D283,2023-10-17 20:12:00,Idle
D283,2023-10-17 21:50:00,Busy
D283,2023-10-17 23:29:00,Idle
D283,2023-10-18 00:46:00,Busy
D283,2023-10-18 01:41:00,Offline
D283,2023-10-19 00:41:00,Online
D283,2023-10-19 01:52:00,Idle
D283,2023-10-19 03:07:00,Busy
D283,2023-10-19 04:59:00,Busy
D283,2023-10-19 05:35:00,Idle
D283,2023-10-19 06:09:00,Busy
D283,2023-10-19 08:06:00,Idle
D283,2023-10-19 09:30:00,Idle
D283,2023-10-19 10:23:00,Busy
D283,2023-10-19 11:35:00,Idle
D283,2023-10-19 11:53:00,Busy
D283,2023-10-19 12:47:00,Offline
D284,2023-10-04 00:00:00,Online
D284,2023-10-04 00:43:00,Busy
D284,2023-10-04 01:13:00,Idle
D284,2023-10-04 02:47:00,Idle
D284,2023-10-04 04:33:00,Busy
D284,2023-10-04 04:49:00,Busy
D284,2023-10-04 06:31:00,Idle
D284,2023-10-04 08:14:00,Busy
D284,2023-10-04 10:06:00,Idle
D284,2023-10-04 10:24:00,Offline
D284,2023-10-05 10:24:00,Online
D284,2023-10-05 11:59:00,Idle
D284,2023-10-05 12:58:00,Idle
D284,2023-10-05 14:11:00,Busy
D284,2023-10-05 15:54:00,Idle
D284,2023-10-05 17:43:00,Idle
D284,2023-10-05 18:20:00,Busy
D284,2023-10-05 18:56:00,Offline
D284,2023-10-06 09:56:00,Online
D284,2023-10-06 10:41:00,Busy
D284,2023-10-06 11:40:00,Busy
D284,2023-10-06 12:34:00,Idle
D284,2023-10-06 13:11:00,Idle
D284,2023-10-06 14:28:00,Busy
D284,2023-10-06 15:26:00,Busy
D284,2023-10-06 16:09:00,Offline
D284,2023-10-07 12:09:00,Online
D284,2023-10-07 13:31:00,Busy
D284,2023-10-07 14:59:00,Busy
D284,2023-10-07 16:20:00,Idle
D284,2023-10-07 18:06:00,Busy
D284,2023-10-07 18:33:00,Idle
D284,2023-10-07 19:52:00,Idle
D284,2023-10-07 20:39:00,Idle
D284,2023-10-07 21:15:00,Busy
D284,2023-10-07 22:06:00,Busy
D284,2023-10-07 22:33:00,Busy
D284,2023-10-07 23:24:00,Offline
D284,2023-10-08 13:24:00,Online
D284,2023-10-08 14:07:00,Busy
D284,2023-10-08 14:24:00,Busy
D284,2023-10-08 15:38:00,Idle
D284,2023-10-08 16:33:00,Offline
D284,2023-10-09 10:33:00,Online
D284,2023-10-09 11:57:00,Idle
D284,2023-10-09 13:11:00,Busy
D284,2023-10-09 13:44:00,Idle
D284,2023-10-09 15:24:00,Busy
D284,2023-10-09 16:14:00,Idle
D284,2023-10-09 18:08:00,Busy
D284,2023-10-09 19:31:00,Idle
D284,2023-10-09 20:58:00,Idle
D284,2023-10-09 21:23:00,Busy
D284,2023-10-09 21:47:00,Busy
D284,2023-10-09 22:11:00,Offline
D284,2023-10-10 12:11:00,Online
D284,2023-10-10 14:11:00,Busy
D284,2023-10-10 15:13:00,Busy
D284,2023-10-10 17:09:00,Busy
D284,2023-10-10 18:44:00,Idle
D284,2023-10-10 19:06:00,Busy
D284,2023-10-10 20:31:00,Idle
D284,2023-10-10 22:31:00,Idle
D284,2023-10-10 22:54:00,Offline
D284,2023-10-11 14:54:00,Online
D284,2023-10-11 16:46:00,Busy
D284,2023-10-11 17:38:00,Busy
D284,2023-10-11 19:18:00,Idle
D284,2023-10-11 20:52:00,Idle
D284,2023-10-11 21:54:00,Busy
D284,2023-10-11 23:00:00,Idle
D284,2023-10-12 00:22:00,Busy
D284,2023-10-12 02:05:00,Busy
D284,2023-10-12 02:35:00,Busy
D284,2023-10-12 03:07:00,Offline
D284,2023-10-13 03:07:00,Online
D284,2023-10-13 04:25:00,Busy
D284,2023-10-13 05:17:00,Idle
D284,2023-10-13 05:49:00,Idle
D284,2023-10-13 06:06:00,Offline
D284,2023-10-13 23:06:00,Online
D284,2023-10-13 23:56:00,Idle
D284,2023-10-14 01:11:00,Idle
D284,2023-10-14 02:33:00,Busy
D284,2023-10-14 03:16:00,Idle
D284,2023-10-14 04:34:00,Idle
D284,2023-10-14 05:35:00,Busy
D284,2023-10-14 06:29:00,Idle
D284,2023-10-14 07:00:00,Idle
D284,2023-10-14 07:38:00,Offline
D284,2023-10-14 21:38:00,Online
D284,2023-10-14 22:29:00,Idle
D284,2023-10-15 00:08:00,Idle
D284,2023-10-15 01:24:00,Idle
D284,2023-10-15 02:38:00,Busy
D284,2023-10-15 03:29:00,Idle
D284,2023-10-15 03:46:00,Idle
D284,2023-10-15 04:02:00,Busy
D284,2023-10-15 04:53:00,Idle
D284,2023-10-15 05:49:00,Busy
D284,2023-10-15 06:16:00,Offline
D284,2023-10-15 18:16:00,Online
D284,2023-10-15 20:08:00,Idle
D284,2023-10-15 21:27:00,Busy
D284,2023-10-15 21:46:00,Busy
D284,2023-10-15 22:58:00,Busy
D284,2023-10-15 23:11:00,Offline
D284,2023-10-16 18:11:00,Online
D284,2023-10-16 19:30:00,Busy
D284,2023-10-16 20:45:00,Busy
D284,2023-10-16 22:12:00,Busy
D284,2023-10-16 23:05:00,Offline
D285,2023-10-05 00:00:00,Online
D285,2023-10-05 01:04:00,Busy
D285,2023-10-05 02:57:00,Idle
D285,2023-10-05 03:43:00,Idle
D285,2023-10-05 04:28:00,Busy
D285,2023-10-05 05:01:00,Idle
D285,2023-10-05 05:17:00,Offline
D285,2023-10-05 18:17:00,Online
D285,2023-10-05 19:09:00,Idle
D285,2023-10-05 19:24:00,Idle
D285,2023-10-05 20:20:00,Idle
D285,2023-10-05 21:06:00,Busy
D285,2023-10-05 21:44:00,Busy
D285,2023-10-05 22:34:00,Idle
D285,2023-10-05 23:14:00,Busy
D285,2023-10-06 00:01:00,Idle
D285,2023-10-06 00:43:00,Idle
D285,2023-10-06 00:55:00,Offline
D285,2023-10-06 19:55:00,Online
D285,2023-10-06 21:19:00,Idle
D285,2023-10-06 21:47:00,Idle
D285,2023-10-06 22:28:00,Busy
D285,2023-10-06 22:54:00,Offline
D285,2023-10-07 18:54:00,Online
D285,2023-10-07 20:17:00,Idle
D285,2023-10-07 21:00:00,Idle
D285,2023-10-07 22:57:00,Busy
D285,2023-10-07 23:13:00,Offline
D285,2023-10-08 15:13:00,Online
D285,2023-10-08 17:06:00,Idle
D285,2023-10-08 17:23:00,Idle
D285,2023-10-08 18:27:00,Idle
D285,2023-10-08 19:42:00,Busy
D285,2023-10-08 20:24:00,Idle
D285,2023-10-08 21:00:00,Busy
D285,2023-10-08 22:20:00,Busy
D285,2023-10-08 23:16:00,Idle
D285,2023-10-08 23:30:00,Offline
D285,2023-10-09 16:30:00,Online
D285,2023-10-09 18:29:00,Busy
D285,2023-10-09 19:28:00,Busy
D285,2023-10-09 19:56:00,Busy
D285,2023-10-09 20:15:00,Busy
D285,2023-10-09 21:01:00,Busy
D285,2023-10-09 22:55:00,Busy
D285,2023-10-09 23:49:00,Idle
D285,2023-10-10 00:05:00,Busy
D285,2023-10-10 00:54:00,Busy
D285,2023-10-10 01:46:00,Busy
D285,2023-10-10 02:32:00,Offline
D285,2023-10-10 15:32:00,Online
D285,2023-10-10 17:29:00,Busy
D285,2023-10-10 18:48:00,Busy
D285,2023-10-10 20:06:00,Idle
D285,2023-10-10 21:09:00,Idle
D285,2023-10-10 22:19:00,Idle
D285,2023-10-10 22:44:00,Offline
D285,2023-10-11 15:44:00,Online
D285,2023-10-11 16:43:00,Idle
D285,2023-10-11 18:11:00,Busy
D285,2023-10-11 18:30:00,Idle
D285,2023-10-11 19:03:00,Offline
D285,2023-10-12 17:03:00,Online
D285,2023-10-12 17:57:00,Busy
D285,2023-10-12 18:49:00,Idle
D285,2023-10-12 19:20:00,Idle
D285,2023-10-12 19:34:00,Offline
D285,2023-10-13 10:34:00,Online
D285,2023-10-13 12:15:00,Busy
D285,2023-10-13 13:18:00,Busy
D285,2023-10-13 14:35:00,Busy
D285,2023-10-13 15:54:00,Busy
D285,2023-10-13 17:48:00,Busy
D285,2023-10-13 18:17:00,Offline
D286,2023-10-02 00:00:00,Online
D286,2023-10-02 00:35:00,Idle
D286,2023-10-02 01:25:00,Idle
D286,2023-10-02 02:31:00,Idle
D286,2023-10-02 02:59:00,Busy
D286,2023-10-02 03:32:00,Idle
D286,2023-10-02 03:52:00,Offline
D286,2023-10-02 20:52:00,Online
D286,2023-10-02 22:16:00,Busy
D286,2023-10-02 22:49:00,Busy
D286,2023-10-03 00:05:00,Busy
D286,2023-10-03 01:48:00,Busy
D286,2023-10-03 02:20:00,Idle
D286,2023-10-03 03:06:00,Idle
D286,2023-10-03 03:38:00,Offline
D286,2023-10-03 23:38:00,Online
D286,2023-10-04 00:08:00,Idle
D286,2023-10-04 01:45:00,Busy
D286,2023-10-04 03:21:00,Busy
D286,2023-10-04 04:49:00,Busy
D286,2023-10-04 05:06:00,Busy
D286,2023-10-04 06:38:00,Busy
D286,2023-10-04 07:10:00,Idle
D286,2023-10-04 08:59:00,Busy
D286,2023-10-04 09:32:00,Busy
D286,2023-10-04 09:53:00,Offline
D286,2023-10-04 22:53:00,Online
D286,2023-10-05 00:32:00,Idle
D286,2023-10-05 01:30:00,Busy
D286,2023-10-05 03:15:00,Busy
D286,2023-10-05 05:13:00,Idle
D286,2023-10-05 05:56:00,Idle
D286,2023-10-05 06:11:00,Idle
D286,2023-10-05 06:34:00,Busy
D286,2023-10-05 08:34:00,Busy
D286,2023-10-05 09:15:00,Idle
D286,2023-10-05 09:52:00,Offline
D286,2023-10-06 08:52:00,Online
D286,2023-10-06 09:48:00,Busy
D286,2023-10-06 11:04:00,Busy
D286,2023-10-06 11:37:00,Idle
D286,2023-10-06 12:06:00,Idle
D286,2023-10-06 12:33:00,Offline
D286,2023-10-07 01:33:00,Online
D286,2023-10-07 03:27:00,Busy
D286,2023-10-07 04:30:00,Idle
D286,2023-10-07 05:18:00,Idle
D286,2023-10-07 06:05:00,Busy
D286,2023-10-07 07:30:00,Idle
D286,2023-10-07 09:30:00,Idle
D286,2023-10-07 10:21:00,Busy
D286,2023-10-07 11:28:00,Busy
D286,2023-10-07 12:01:00,Offline
D287,2023-10-01 00:00:00,Online
D287,2023-10-01 00:29:00,Idle
D287,2023-10-01 01:33:00,Busy
D287,2023-10-01 02:57:00,Busy
D287,2023-10-01 03:42:00,Offline
D287,2023-10-01 20:42:00,Online
D287,2023-10-01 21:43:00,Idle
D287,2023-10-01 22:38:00,Busy
D287,2023-10-01 23:04:00,Busy
D287,2023-10-01 23:34:00,Offline
D287,2023-10-02 14:34:00,Online
D287,2023-10-02 16:18:00,Busy
D287,2023-10-02 17:37:00,Busy
D287,2023-10-02 19:13:00,Busy
D287,2023-10-02 20:59:00,Busy
D287,2023-10-02 22:32:00,Busy
D287,2023-10-02 23:04:00,Idle
D287,2023-10-02 23:56:00,Busy
D287,2023-10-03 01:32:00,Busy
D287,2023-10-03 02:04:00,Offline
D287,2023-10-03 14:04:00,Online
D287,2023-10-03 14:31:00,Busy
D287,2023-10-03 15:48:00,Idle
D287,2023-10-03 16:08:00,Idle
D287,2023-10-03 17:52:00,Idle
D287,2023-10-03 19:35:00,Idle
D287,2023-10-03 20:16:00,Busy
D287,2023-10-03 22:09:00,Busy
D287,2023-10-03 22:56:00,Busy
D287,2023-10-03 23:34:00,Idle
D287,2023-10-04 01:29:00,Idle
D287,2023-10-04 02:07:00,Offline
D287,2023-10-04 14:07:00,Online
D287,2023-10-04 15:19:00,Idle
D287,2023-10-04 16:44:00,Idle
D287,2023-10-04 17:31:00,Idle
D287,2023-10-04 18:30:00,Busy
D287,2023-10-04 20:13:00,Idle
D287,2023-10-04 21:51:00,Idle
D287,2023-10-04 22:01:00,Offline
D287,2023-10-05 11:01:00,Online
D287,2023-10-05 12:11:00,Busy
D287,2023-10-05 12:26:00,Idle
D287,2023-10-05 13:39:00,Idle
D287,2023-10-05 13:55:00,Idle
D287,2023-10-05 14:57:00,Idle
D287,2023-10-05 16:07:00,Idle
D287,2023-10-05 16:41:00,Offline
D287,2023-10-06 11:41:00,Online
D287,2023-10-06 13:30:00,Busy
D287,2023-10-06 13:47:00,Idle
D287,2023-10-06 14:24:00,Busy
D287,2023-10-06 16:03:00,Idle
D287,2023-10-06 16:40:00,Busy
D287,2023-10-06 18:12:00,Busy
D287,2023-10-06 18:58:00,Idle
D287,2023-10-06 19:14:00,Offline
D287,2023-10-07 08:14:00,Online
D287,2023-10-07 08:34:00,Idle
D287,2023-10-07 10:15:00,Busy
D287,2023-10-07 10:34:00,Idle
D287,2023-10-07 11:08:00,Idle
D287,2023-10-07 11:27:00,Idle
D287,2023-10-07 12:43:00,Busy
D287,2023-10-07 14:41:00,Busy
D287,2023-10-07 14:55:00,Offline
D287,2023-10-08 09:55:00,Online
D287,2023-10-08 11:22:00,Busy
D287,2023-10-08 12:32:00,Busy
D287,2023-10-08 12:58:00,Busy
D287,2023-10-08 13:43:00,Idle
D287,2023-10-08 14:24:00,Offline
D287,2023-10-09 04:24:00,Online
D287,2023-10-09 06:01:00,Busy
D287,2023-10-09 07:27:00,Busy
D287,2023-10-09 08:08:00,Busy
D287,2023-10-09 08:29:00,Idle
D287,2023-10-09 09:14:00,Idle
D287,2023-10-09 11:13:00,Busy
D287,2023-10-09 11:34:00,Offline
D287,2023-10-10 08:34:00,Online
D287,2023-10-10 09:13:00,Busy
D287,2023-10-10 10:56:00,Busy
D287,2023-10-10 12:42:00,Busy
D287,2023-10-10 14:38:00,Busy
D287,2023-10-10 15:06:00,Idle
D287,2023-10-10 16:26:00,Idle
D287,2023-10-10 18:10:00,Idle
D287,2023-10-10 19:01:00,Idle
D287,2023-10-10 20:50:00,Idle
D287,2023-10-10 21:40:00,Offline
D287,2023-10-11 19:40:00,Online
D287,2023-10-11 20:13:00,Busy
D287,2023-10-11 21:33:00,Idle
D287,2023-10-11 22:14:00,Busy
D287,2023-10-11 23:04:00,Busy
D287,2023-10-12 00:54:00,Busy
D287,2023-10-12 02:28:00,Idle
D287,2023-10-12 04:16:00,Busy
D287,2023-10-12 05:15:00,Offline
D287,2023-10-13 05:15:00,Online
D287,2023-10-13 06:54:00,Idle
D287,2023-10-13 08:15:00,Idle
D287,2023-10-13 08:55:00,Busy
D287,2023-10-13 10:42:00,Busy
D287,2023-10-13 12:28:00,Idle
D287,2023-10-13 14:20:00,Busy
D287,2023-10-13 15:03:00,Idle
D287,2023-10-13 15:21:00,Busy
D287,2023-10-13 15:40:00,Busy
D287,2023-10-13 16:06:00,Offline
D287,2023-10-14 04:06:00,Online
D287,2023-10-14 05:37:00,Busy
D287,2023-10-14 07:10:00,Busy
D287,2023-10-14 07:49:00,Idle
D287,2023-10-14 09:06:00,Busy
D287,2023-10-14 10:25:00,Busy
D287,2023-10-14 11:58:00,Idle
D287,2023-10-14 12:28:00,Idle
D287,2023-10-14 14:11:00,Busy
D287,2023-10-14 16:01:00,Busy
D287,2023-10-14 17:52:00,Busy
D287,2023-10-14 18:47:00,Offline
D288,2023-10-03 00:00:00,Online
D288,2023-10-03 00:25:00,Idle
D288,2023-10-03 00:42:00,Idle
D288,2023-10-03 01:35:00,Busy
D288,2023-10-03 01:50:00,Idle
D288,2023-10-03 02:21:00,Idle
D288,2023-10-03 03:05:00,Idle
D288,2023-10-03 04:52:00,Busy
D288,2023-10-03 06:08:00,Busy
D288,2023-10-03 06:59:00,Offline
D288,2023-10-04 00:59:00,Online
D288,2023-10-04 01:26:00,Busy
D288,2023-10-04 02:01:00,Busy
D288,2023-10-04 03:00:00,Busy
D288,2023-10-04 04:07:00,Idle
D288,2023-10-04 06:00:00,Idle
D288,2023-10-04 06:16:00,Busy
D288,2023-10-04 08:10:00,Busy
D288,2023-10-04 09:51:00,Idle
D288,2023-10-04 10:50:00,Idle
D288,2023-10-04 11:09:00,Idle
D288,2023-10-04 11:26:00,Offline
D288,2023-10-05 10:26:00,Online
D288,2023-10-05 11:06:00,Idle
D288,2023-10-05 11:43:00,Idle
D288,2023-10-05 13:34:00,Idle
D288,2023-10-05 14:01:00,Busy
D288,2023-10-05 15:49:00,Busy
D288,2023-10-05 16:25:00,Busy
D288,2023-10-05 17:02:00,Busy
D288,2023-10-05 18:46:00,Busy
D288,2023-10-05 19:09:00,Idle
D288,2023-10-05 20:53:00,Idle
D288,2023-10-05 21:31:00,Offline
D288,2023-10-06 18:31:00,Online
D288,2023-10-06 19:17:00,Idle
D288,2023-10-06 20:24:00,Idle
D288,2023-10-06 20:56:00,Busy
D288,2023-10-06 21:58:00,Busy
D288,2023-10-06 22:34:00,Offline
D288,2023-10-07 17:34:00,Online
D288,2023-10-07 19:30:00,Busy
D288,2023-10-07 20:24:00,Busy
D288,2023-10-07 21:31:00,Busy
D288,2023-10-07 22:27:00,Busy
D288,2023-10-08 00:12:00,Idle
D288,2023-10-08 01:54:00,Busy
D288,2023-10-08 03:32:00,Busy
D288,2023-10-08 04:58:00,Busy
D288,2023-10-08 05:32:00,Busy
D288,2023-10-08 06:37:00,Idle
D288,2023-10-08 07:16:00,Offline
D288,2023-10-09 00:16:00,Online
D288,2023-10-09 01:06:00,Idle
D288,2023-10-09 02:43:00,Busy
D288,2023-10-09 04:13:00,Busy
D288,2023-10-09 05:48:00,Busy
D288,2023-10-09 06:36:00,Idle
D288,2023-10-09 08:05:00,Idle
D288,2023-10-09 09:39:00,Busy
D288,2023-10-09 11:19:00,Idle
D288,2023-10-09 12:54:00,Busy
D288,2023-10-09 14:31:00,Idle
D288,2023-10-09 15:16:00,Offline
D288,2023-10-10 03:16:00,Online
D288,2023-10-10 04:51:00,Idle
D288,2023-10-10 05:16:00,Idle
D288,2023-10-10 05:37:00,Busy
D288,2023-10-10 07:06:00,Busy
D288,2023-10-10 09:02:00,Idle
D288,2023-10-10 10:09:00,Busy
D288,2023-10-10 10:59:00,Offline
D288,2023-10-10 22:59:00,Online
D288,2023-10-10 23:24:00,Busy
D288,2023-10-11 00:09:00,Idle
D288,2023-10-11 02:05:00,Idle
D288,2023-10-11 02:51:00,Idle
D288,2023-10-11 04:18:00,Idle
D288,2023-10-11 05:37:00,Busy
D288,2023-10-11 05:56:00,Idle
D288,2023-10-11 06:52:00,Busy
D288,2023-10-11 07:39:00,Idle
D288,2023-10-11 08:20:00,Busy
D288,2023-10-11 09:08:00,Offline
D288,2023-10-12 06:08:00,Online
D288,2023-10-12 07:50:00,Idle
D288,2023-10-12 08:17:00,Idle
D288,2023-10-12 09:10:00,Idle
D288,2023-10-12 10:11:00,Idle
D288,2023-10-12 10:28:00,Idle
D288,2023-10-12 10:52:00,Offline
D288,2023-10-13 06:52:00,Online
D288,2023-10-13 07:59:00,Busy
D288,2023-10-13 09:11:00,Busy
D288,2023-10-13 09:32:00,Busy
D288,2023-10-13 09:56:00,Busy
D288,2023-10-13 10:22:00,Offline
D289,2023-10-01 00:00:00,Online
D289,2023-10-01 01:30:00,Idle
D289,2023-10-01 03:13:00,Idle
D289,2023-10-01 04:04:00,Idle
D289,2023-10-01 04:39:00,Idle
D289,2023-10-01 06:24:00,Idle
D289,2023-10-01 08:10:00,Busy
D289,2023-10-01 08:49:00,Offline
D289,2023-10-01 20:49:00,Online
D289,2023-10-01 21:39:00,Busy
D289,2023-10-01 22:25:00,Busy
D289,2023-10-01 23:51:00,Busy
D289,2023-10-02 00:33:00,Idle
D289,2023-10-02 01:27:00,Offline
D289,2023-10-02 14:27:00,Online
D289,2023-10-02 16:14:00,Idle
D289,2023-10-02 16:55:00,Busy
D289,2023-10-02 18:00:00,Idle
D289,2023-10-02 19:47:00,Busy
D289,2023-10-02 20:36:00,Idle
D289,2023-10-02 22:22:00,Idle
D289,2023-10-02 23:22:00,Busy
D289,2023-10-03 01:07:00,Idle
D289,2023-10-03 02:11:00,Busy
D289,2023-10-03 02:45:00,Offline
D289,2023-10-03 16:45:00,Online
D289,2023-10-03 17:15:00,Idle
D289,2023-10-03 18:28:00,Idle
D289,2023-10-03 19:26:00,Busy
D289,2023-10-03 19:46:00,Idle
D289,2023-10-03 20:05:00,Offline
D289,2023-10-04 08:05:00,Online
D289,2023-10-04 09:42:00,Busy
D289,2023-10-04 11:31:00,Idle
D289,2023-10-04 12:15:00,Idle
D289,2023-10-04 14:07:00,Busy
D289,2023-10-04 15:18:00,Busy
D289,2023-10-04 16:13:00,Offline
D289,2023-10-05 08:13:00,Online
D289,2023-10-05 09:09:00,Busy
D289,2023-10-05 11:04:00,Idle
D289,2023-10-05 11:38:00,Busy
D289,2023-10-05 13:31:00,Idle
D289,2023-10-05 15:17:00,Busy
D289,2023-10-05 16:49:00,Busy
D289,2023-10-05 17:13:00,Idle
D289,2023-10-05 17:53:00,Busy
D289,2023-10-05 18:07:00,Offline
D289,2023-10-06 10:07:00,Online
D289,2023-10-06 10:54:00,Busy
D289,2023-10-06 11:52:00,Busy
D289,2023-10-06 12:58:00,Busy
D289,2023-10-06 14:07:00,Idle
D289,2023-10-06 15:00:00,Idle
D289,2023-10-06 16:00:00,Busy
D289,2023-10-06 16:38:00,Busy
D289,2023-10-06 17:17:00,Busy
D289,2023-10-06 18:19:00,Idle
D289,2023-10-06 18:53:00,Idle
D289,2023-10-06 19:31:00,Offline
D289,2023-10-07 13:31:00,Online
D289,2023-10-07 13:52:00,Busy
D289,2023-10-07 15:50:00,Idle
D289,2023-10-07 17:39:00,Busy
D289,2023-10-07 18:00:00,Busy
D289,2023-10-07 18:59:00,Idle
D289,2023-10-07 19:53:00,Offline
D289,2023-10-08 13:53:00,Online
D289,2023-10-08 14:49:00,Busy
D289,2023-10-08 16:33:00,Idle
D289,2023-10-08 17:00:00,Idle
D289,2023-10-08 17:35:00,Busy
D289,2023-10-08 18:49:00,Busy
D289,2023-10-08 20:33:00,Idle
D289,2023-10-08 21:28:00,Idle
D289,2023-10-08 22:04:00,Offline
D289,2023-10-09 13:04:00,Online
D289,2023-10-09 14:15:00,Idle
D289,2023-10-09 15:22:00,Busy
D289,2023-10-09 16:17:00,Idle
D289,2023-10-09 16:37:00,Idle
D289,2023-10-09 17:41:00,Busy
D289,2023-10-09 19:20:00,Idle
D289,2023-10-09 21:01:00,Idle
D289,2023-10-09 22:54:00,Busy
D289,2023-10-09 23:44:00,Busy
D289,2023-10-10 00:18:00,Idle
D289,2023-10-10 00:38:00,Offline
D289,2023-10-11 00:38:00,Online
D289,2023-10-11 01:17:00,Busy
D289,2023-10-11 03:12:00,Busy
D289,2023-10-11 04:42:00,Idle
D289,2023-10-11 05:51:00,Busy
D289,2023-10-11 06:49:00,Idle
D289,2023-10-11 07:48:00,Busy
D289,2023-10-11 08:59:00,Busy
D289,2023-10-11 09:46:00,Busy
D289,2023-10-11 11:02:00,Busy
D289,2023-10-11 13:02:00,Busy
D289,2023-10-11 13:58:00,Offline
D291,2023-10-02 00:00:00,Online
D291,2023-10-02 00:35:00,Idle
D291,2023-10-02 02:00:00,Busy
D291,2023-10-02 02:24:00,Idle
D291,2023-10-02 03:30:00,Busy
D291,2023-10-02 03:52:00,Busy
D291,2023-10-02 04:41:00,Idle
D291,2023-10-02 05:50:00,Busy
D291,2023-10-02 06:41:00,Offline
D291,2023-10-02 19:41:00,Online
D291,2023-10-02 19:56:00,Busy
D291,2023-10-02 21:50:00,Idle
D291,2023-10-02 23:35:00,Busy
D291,2023-10-03 01:03:00,Idle
D291,2023-10-03 02:29:00,Idle
D291,2023-10-03 03:16:00,Busy
D291,2023-10-03 04:24:00,Idle
D291,2023-10-03 04:51:00,Idle
D291,2023-10-03 05:02:00,Offline
D291,2023-10-03 19:02:00,Online
D291,2023-10-03 19:31:00,Busy
D291,2023-10-03 21:00:00,Busy
D291,2023-10-03 21:28:00,Idle
D291,2023-10-03 23:08:00,Busy
D291,2023-10-04 00:53:00,Idle
D291,2023-10-04 01:45:00,Offline
D291,2023-10-04 18:45:00,Online
D291,2023-10-04 20:05:00,Busy
D291,2023-10-04 21:46:00,Idle
D291,2023-10-04 22:29:00,Busy
D291,2023-10-04 23:19:00,Idle
D291,2023-10-05 00:13:00,Offline
D291,2023-10-05 12:13:00,Online
D291,2023-10-05 12:54:00,Idle
D291,2023-10-05 13:49:00,Idle
D291,2023-10-05 14:06:00,Idle
D291,2023-10-05 15:48:00,Busy
D291,2023-10-05 17:07:00,Idle
D291,2023-10-05 17:22:00,Busy
D291,2023-10-05 18:52:00,Idle
D291,2023-10-05 19:56:00,Busy
D291,2023-10-05 21:44:00,Busy
D291,2023-10-05 22:42:00,Offline
D291,2023-10-06 12:42:00,Online
D291,2023-10-06 14:28:00,Idle
D291,2023-10-06 16:01:00,Idle
D291,2023-10-06 16:34:00,Idle
D291,2023-10-06 16:51:00,Busy
D291,2023-10-06 17:32:00,Busy
D291,2023-10-06 19:26:00,Idle
D291,2023-10-06 21:20:00,Idle
D291,2023-10-06 22:58:00,Idle
D291,2023-10-07 00:05:00,Idle
D291,2023-10-07 00:39:00,Offline
D291,2023-10-07 14:39:00,Online
D291,2023-10-07 15:49:00,Busy
D291,2023-10-07 17:01:00,Busy
D291,2023-10-07 17:56:00,Idle
D291,2023-10-07 18:12:00,Idle
D291,2023-10-07 18:35:00,Idle
D291,2023-10-07 19:01:00,Idle
D291,2023-10-07 20:57:00,Idle
D291,2023-10-07 21:15:00,Offline
D291,2023-10-08 10:15:00,Online
D291,2023-10-08 11:43:00,Idle
D291,2023-10-08 13:36:00,Idle
D291,2023-10-08 14:23:00,Idle
D291,2023-10-08 15:23:00,Busy
D291,2023-10-08 16:35:00,Idle
D291,2023-10-08 17:54:00,Idle
D291,2023-10-08 18:31:00,Idle
D291,2023-10-08 19:36:00,Busy
D291,2023-10-08 19:55:00,Idle
D291,2023-10-08 20:14:00,Offline
D291,2023-10-09 17:14:00,Online
D291,2023-10-09 18:19:00,Busy
D291,2023-10-09 19:38:00,Idle
D291,2023-10-09 21:25:00,Idle
D291,2023-10-09 22:18:00,Offline
D291,2023-10-10 12:18:00,Online
D291,2023-10-10 13:02:00,Busy
D291,2023-10-10 13:41:00,Busy
D291,2023-10-10 15:36:00,Idle
D291,2023-10-10 16:56:00,Busy
D291,2023-10-10 17:28:00,Idle
D291,2023-10-10 18:59:00,Idle
D291,2023-10-10 20:36:00,Idle
D291,2023-10-10 22:28:00,Idle
D291,2023-10-10 22:56:00,Busy
D291,2023-10-10 23:56:00,Busy
D291,2023-10-11 00:49:00,Offline
D291,2023-10-11 15:49:00,Online
D291,2023-10-11 16:37:00,Idle
D291,2023-10-11 17:44:00,Idle
D291,2023-10-11 18:46:00,Idle
D291,2023-10-11 19:40:00,Idle
D291,2023-10-11 20:28:00,Busy
D291,2023-10-11 21:57:00,Idle
D291,2023-10-11 22:47:00,Busy
D291,2023-10-12 00:22:00,Busy
D291,2023-10-12 00:37:00,Offline
D291,2023-10-12 23:37:00,Online
D291,2023-10-13 00:34:00,Busy
D291,2023-10-13 02:27:00,Idle
D291,2023-10-13 03:04:00,Busy
D291,2023-10-13 04:04:00,Offline
D291,2023-10-14 04:04:00,Online
D291,2023-10-14 04:39:00,Idle
D291,2023-10-14 06:22:00,Busy
D291,2023-10-14 06:58:00,Idle
D291,2023-10-14 07:41:00,Busy
D291,2023-10-14 08:54:00,Idle
D291,2023-10-14 09:14:00,Offline
D292,2023-10-03 00:00:00,Online
D292,2023-10-03 01:23:00,Idle
D292,2023-10-03 02:30:00,Idle
D292,2023-10-03 03:45:00,Busy
D292,2023-10-03 04:39:00,Idle
D292,2023-10-03 04:54:00,Offline
D292,2023-10-03 16:54:00,Online
D292,2023-10-03 17:22:00,Busy
D292,2023-10-03 17:45:00,Busy
D292,2023-10-03 19:30:00,Busy
D292,2023-10-03 19:58:00,Busy
D292,2023-10-03 21:06:00,Idle
D292,2023-10-03 21:32:00,Busy
D292,2023-10-03 23:10:00,Busy
D292,2023-10-03 23:55:00,Idle
D292,2023-10-04 00:43:00,Busy
D292,2023-10-04 01:05:00,Idle
D292,2023-10-04 01:45:00,Offline
D292,2023-10-04 13:45:00,Online
D292,2023-10-04 14:46:00,Busy
D292,2023-10-04 16:25:00,Idle
D292,2023-10-04 18:16:00,Idle
D292,2023-10-04 20:04:00,Idle
D292,2023-10-04 21:20:00,Idle
D292,2023-10-04 21:44:00,Idle
D292,2023-10-04 22:01:00,Idle
D292,2023-10-04 23:01:00,Busy
D292,2023-10-04 23:17:00,Offline
D292,2023-10-05 23:17:00,Online
D292,2023-10-05 23:40:00,Idle
D292,2023-10-06 00:48:00,Busy
D292,2023-10-06 02:09:00,Busy
D292,2023-10-06 03:36:00,Idle
D292,2023-10-06 04:45:00,Busy
D292,2023-10-06 06:29:00,Idle
D292,2023-10-06 07:49:00,Busy
D292,2023-10-06 08:41:00,Offline
D292,2023-10-07 03:41:00,Online
D292,2023-10-07 03:58:00,Busy
D292,2023-10-07 05:14:00,Idle
D292,2023-10-07 05:48:00,Idle
D292,2023-10-07 06:52:00,Idle
D292,2023-10-07 08:03:00,Idle
D292,2023-10-07 09:48:00,Busy
D292,2023-10-07 10:27:00,Busy
D292,2023-10-07 11:33:00,Busy
D292,2023-10-07 12:10:00,Busy
D292,2023-10-07 12:51:00,Offline
D292,2023-10-08 06:51:00,Online
D292,2023-10-08 08:35:00,Idle
D292,2023-10-08 09:19:00,Idle
D292,2023-10-08 10:34:00,Busy
D292,2023-10-08 10:49:00,Idle
D292,2023-10-08 12:24:00,Busy
D292,2023-10-08 13:12:00,Busy
D292,2023-10-08 13:55:00,Offline
D292,2023-10-09 09:55:00,Online
D292,2023-10-09 11:05:00,Idle
D292,2023-10-09 12:09:00,Idle
D292,2023-10-09 12:36:00,Idle
D292,2023-10-09 12:58:00,Busy
D292,2023-10-09 14:42:00,Busy
D292,2023-10-09 16:41:00,Busy
D292,2023-10-09 18:17:00,Busy
D292,2023-10-09 19:48:00,Idle
D292,2023-10-09 19:59:00,Offline
D292,2023-10-10 08:59:00,Online
D292,2023-10-10 09:44:00,Busy
D292,2023-10-10 10:36:00,Idle
D292,2023-10-10 11:31:00,Busy
D292,2023-10-10 11:46:00,Idle
D292,2023-10-10 12:44:00,Busy
D292,2023-10-10 14:39:00,Busy
D292,2023-10-10 15:06:00,Idle
D292,2023-10-10 15:53:00,Offline
D292,2023-10-11 03:53:00,Online
D292,2023-10-11 04:15:00,Idle
D292,2023-10-11 05:09:00,Busy
D292,2023-10-11 05:44:00,Idle
D292,2023-10-11 06:44:00,Idle
D292,2023-10-11 07:30:00,Offline
D292,2023-10-11 23:30:00,Online
D292,2023-10-12 00:39:00,Busy
D292,2023-10-12 01:21:00,Busy
D292,2023-10-12 03:01:00,Busy
D292,2023-10-12 03:23:00,Busy
D292,2023-10-12 04:33:00,Busy
D292,2023-10-12 04:52:00,Busy
D292,2023-10-12 05:06:00,Offline
D292,2023-10-13 04:06:00,Online
D292,2023-10-13 04:58:00,Busy
D292,2023-10-13 05:21:00,Busy
D292,2023-10-13 07:18:00,Busy
D292,2023-10-13 07:51:00,Offline
D292,2023-10-14 06:51:00,Online
D292,2023-10-14 07:25:00,Busy
D292,2023-10-14 08:58:00,Busy
D292,2023-10-14 09:58:00,Busy
D292,2023-10-14 11:24:00,Idle
D292,2023-10-14 11:44:00,Idle
D292,2023-10-14 12:26:00,Busy
D292,2023-10-14 13:49:00,Idle
D292,2023-10-14 14:42:00,Offline
D293,2023-10-03 00:00:00,Online
D293,2023-10-03 00:22:00,Busy
D293,2023-10-03 02:20:00,Idle
D293,2023-10-03 02:36:00,Idle
D293,2023-10-03 03:34:00,Idle
D293,2023-10-03 03:57:00,Idle
D293,2023-10-03 05:37:00,Idle
D293,2023-10-03 05:49:00,Offline
D293,2023-10-03 21:49:00,Online
D293,2023-10-03 22:17:00,Idle
D293,2023-10-03 23:25:00,Busy
D293,2023-10-04 00:51:00,Busy
D293,2023-10-04 01:33:00,Busy
D293,2023-10-04 03:17:00,Busy
D293,2023-10-04 04:05:00,Idle
D293,2023-10-04 05:12:00,Busy
D293,2023-10-04 06:02:00,Busy
D293,2023-10-04 07:58:00,Idle
D293,2023-10-04 08:45:00,Idle
D293,2023-10-04 09:08:00,Offline
D293,2023-10-05 01:08:00,Online
D293,2023-10-05 02:56:00,Busy
D293,2023-10-05 04:07:00,Busy
D293,2023-10-05 05:40:00,Idle
D293,2023-10-05 06:00:00,Idle
D293,2023-10-05 07:06:00,Busy
D293,2023-10-05 07:59:00,Idle
D293,2023-10-05 09:27:00,Idle
D293,2023-10-05 10:35:00,Idle
D293,2023-10-05 11:54:00,Idle
D293,2023-10-05 12:10:00,Offline
D293,2023-10-06 08:10:00,Online
D293,2023-10-06 08:54:00,Idle
D293,2023-10-06 09:37:00,Idle
D293,2023-10-06 10:33:00,Busy
D293,2023-10-06 12:04:00,Idle
D293,2023-10-06 12:39:00,Idle
D293,2023-10-06 13:07:00,Offline
D293,2023-10-07 04:07:00,Online
D293,2023-10-07 04:44:00,Idle
D293,2023-10-07 05:54:00,Idle
D293,2023-10-07 06:51:00,Busy
D293,2023-10-07 07:31:00,Idle
D293,2023-10-07 09:06:00,Idle
D293,2023-10-07 10:18:00,Idle
D293,2023-10-07 11:14:00,Busy
D293,2023-10-07 12:16:00,Busy
D293,2023-10-07 12:35:00,Offline
D293,2023-10-08 02:35:00,Online
D293,2023-10-08 04:24:00,Busy
D293,2023-10-08 04:51:00,Idle
D293,2023-10-08 05:31:00,Idle
D293,2023-10-08 06:17:00,Busy
D293,2023-10-08 07:57:00,Idle
D293,2023-10-08 09:22:00,Idle
D293,2023-10-08 09:39:00,Idle
D293,2023-10-08 11:26:00,Busy
D293,2023-10-08 12:22:00,Idle
D293,2023-10-08 13:21:00,Offline
D293,2023-10-09 13:21:00,Online
D293,2023-10-09 14:27:00,Idle
D293,2023-10-09 16:22:00,Busy
D293,2023-10-09 18:01:00,Busy
D293,2023-10-09 18:39:00,Busy
D293,2023-10-09 20:35:00,Idle
D293,2023-10-09 21:32:00,Busy
D293,2023-10-09 22:36:00,Idle
D293,2023-10-09 23:21:00,Idle
D293,2023-10-09 23:55:00,Busy
D293,2023-10-10 01:38:00,Idle
D293,2023-10-10 02:16:00,Offline
D293,2023-10-10 14:16:00,Online
D293,2023-10-10 15:51:00,Busy
D293,2023-10-10 16:12:00,Idle
D293,2023-10-10 16:35:00,Busy
D293,2023-10-10 18:05:00,Busy
D293,2023-10-10 19:50:00,Idle
D293,2023-10-10 21:44:00,Idle
D293,2023-10-10 22:14:00,Offline
D293,2023-10-11 18:14:00,Online
D293,2023-10-11 18:35:00,Busy
D293,2023-10-11 20:32:00,Busy
D293,2023-10-11 21:30:00,Idle
D293,2023-10-11 23:27:00,Busy
D293,2023-10-11 23:50:00,Idle
D293,2023-10-12 01:05:00,Busy
D293,2023-10-12 02:58:00,Idle
D293,2023-10-12 03:12:00,Offline
D293,2023-10-13 01:12:00,Online
D293,2023-10-13 03:10:00,Busy
D293,2023-10-13 04:53:00,Busy
D293,2023-10-13 05:30:00,Idle
D293,2023-10-13 07:23:00,Idle
D293,2023-10-13 08:12:00,Offline
D293,2023-10-14 04:12:00,Online
D293,2023-10-14 06:07:00,Busy
D293,2023-10-14 06:49:00,Idle
D293,2023-10-14 08:18:00,Idle
D293,2023-10-14 09:49:00,Idle
D293,2023-10-14 10:52:00,Busy
D293,2023-10-14 11:50:00,Busy
D293,2023-10-14 12:21:00,Offline
D294,2023-10-02 00:00:00,Online
D294,2023-10-02 01:05:00,Busy
D294,2023-10-02 01:52:00,Idle
D294,2023-10-02 02:59:00,Busy
D294,2023-10-02 03:57:00,Busy
D294,2023-10-02 04:45:00,Idle
D294,2023-10-02 05:21:00,Offline
D294,2023-10-02 20:21:00,Online
D294,2023-10-02 20:44:00,Idle
D294,2023-10-02 22:01:00,Busy
D294,2023-10-02 23:12:00,Busy
D294,2023-10-03 00:18:00,Busy
D294,2023-10-03 01:28:00,Busy
D294,2023-10-03 01:43:00,Busy
D294,2023-10-03 03:18:00,Busy
D294,2023-10-03 04:12:00,Offline
D294,2023-10-04 03:12:00,Online
D294,2023-10-04 04:05:00,Idle
D294,2023-10-04 04:32:00,Busy
D294,2023-10-04 05:51:00,Idle
D294,2023-10-04 06:31:00,Busy
D294,2023-10-04 08:02:00,Busy
D294,2023-10-04 08:46:00,Busy
D294,2023-10-04 09:35:00,Busy
D294,2023-10-04 10:24:00,Busy
D294,2023-10-04 10:59:00,Busy
D294,2023-10-04 11:50:00,Offline
D294,2023-10-05 08:50:00,Online
D294,2023-10-05 10:41:00,Idle
D294,2023-10-05 11:41:00,Idle
D294,2023-10-05 12:50:00,Idle
D294,2023-10-05 14:49:00,Idle
D294,2023-10-05 15:19:00,Idle
D294,2023-10-05 17:15:00,Busy
D294,2023-10-05 19:04:00,Busy
D294,2023-10-05 20:02:00,Idle
D294,2023-10-05 20:23:00,Offline
D294,2023-10-06 15:23:00,Online
D294,2023-10-06 15:52:00,Idle
D294,2023-10-06 16:14:00,Busy
D294,2023-10-06 17:28:00,Busy
D294,2023-10-06 18:13:00,Offline
D296,2023-10-04 00:00:00,Online
D296,2023-10-04 00:58:00,Idle
D296,2023-10-04 02:19:00,Idle
D296,2023-10-04 04:15:00,Idle
D296,2023-10-04 04:51:00,Offline
D296,2023-10-04 21:51:00,Online
D296,2023-10-04 22:22:00,Idle
D296,2023-10-05 00:13:00,Busy
D296,2023-10-05 00:49:00,Busy
D296,2023-10-05 02:06:00,Idle
D296,2023-10-05 03:43:00,Busy
D296,2023-10-05 04:34:00,Idle
D296,2023-10-05 04:56:00,Idle
D296,2023-10-05 05:50:00,Busy
D296,2023-10-05 06:10:00,Offline
D296,2023-10-05 22:10:00,Online
D296,2023-10-05 23:25:00,Busy
D296,2023-10-06 00:58:00,Busy
D296,2023-10-06 01:29:00,Idle
D296,2023-10-06 02:28:00,Idle
D296,2023-10-06 02:53:00,Idle
D296,2023-10-06 03:59:00,Idle
D296,2023-10-06 05:02:00,Idle
D296,2023-10-06 05:31:00,Offline
D296,2023-10-07 00:31:00,Online
D296,2023-10-07 01:01:00,Idle
D296,2023-10-07 02:42:00,Idle
D296,2023-10-07 03:20:00,Busy
D296,2023-10-07 03:46:00,Busy
D296,2023-10-07 04:55:00,Idle
D296,2023-10-07 06:25:00,Busy
D296,2023-10-07 07:18:00,Offline
D296,2023-10-08 04:18:00,Online
D296,2023-10-08 05:29:00,Busy
D296,2023-10-08 06:12:00,Busy
D296,2023-10-08 08:02:00,Idle
D296,2023-10-08 09:49:00,Busy
D296,2023-10-08 11:01:00,Busy
D296,2023-10-08 12:54:00,Busy
D296,2023-10-08 13:18:00,Idle
D296,2023-10-08 15:06:00,Idle
D296,2023-10-08 15:57:00,Offline
D296,2023-10-09 06:57:00,Online
D296,2023-10-09 08:33:00,Busy
D296,2023-10-09 10:20:00,Busy
D296,2023-10-09 11:59:00,Busy
D296,2023-10-09 12:09:00,Offline
D296,2023-10-10 11:09:00,Online
D296,2023-10-10 11:36:00,Busy
D296,2023-10-10 13:21:00,Busy
D296,2023-10-10 14:13:00,Idle
D296,2023-10-10 15:50:00,Idle
D296,2023-10-10 17:27:00,Busy
D296,2023-10-10 17:48:00,Busy
D296,2023-10-10 19:22:00,Idle
D296,2023-10-10 19:41:00,Idle
D296,2023-10-10 20:07:00,Idle
D296,2023-10-10 20:57:00,Busy
D296,2023-10-10 21:10:00,Offline
D296,2023-10-11 20:10:00,Online
D296,2023-10-11 21:41:00,Idle
D296,2023-10-11 23:08:00,Busy
D296,2023-10-12 00:48:00,Idle
D296,2023-10-12 01:27:00,Idle
D296,2023-10-12 02:07:00,Busy
D296,2023-10-12 02:49:00,Offline
D296,2023-10-12 15:49:00,Online
D296,2023-10-12 17:47:00,Busy
D296,2023-10-12 18:09:00,Busy
D296,2023-10-12 19:39:00,Idle
D296,2023-10-12 20:48:00,Busy
D296,2023-10-12 21:03:00,Idle
D296,2023-10-12 21:19:00,Idle
D296,2023-10-12 22:13:00,Offline
D296,2023-10-13 20:13:00,Online
D296,2023-10-13 21:45:00,Busy
D296,2023-10-13 23:38:00,Busy
D296,2023-10-14 00:34:00,Idle
D296,2023-10-14 01:17:00,Busy
D296,2023-10-14 02:57:00,Busy
D296,2023-10-14 04:25:00,Idle
D296,2023-10-14 05:44:00,Busy
D296,2023-10-14 06:55:00,Idle
D296,2023-10-14 07:36:00,Busy
D296,2023-10-14 08:46:00,Idle
D296,2023-10-14 08:57:00,Offline
D296,2023-10-15 06:57:00,Online
D296,2023-10-15 07:47:00,Idle
D296,2023-10-15 08:13:00,Busy
D296,2023-10-15 09:03:00,Busy
D296,2023-10-15 10:13:00,Idle
D296,2023-10-15 10:40:00,Idle
D296,2023-10-15 12:26:00,Busy
D296,2023-10-15 13:34:00,Idle
D296,2023-10-15 15:24:00,Busy
D296,2023-10-15 17:01:00,Idle
D296,2023-10-15 17:58:00,Offline
D296,2023-10-16 08:58:00,Online
D296,2023-10-16 10:03:00,Idle
D296,2023-10-16 10:52:00,Idle
D296,2023-10-16 11:39:00,Busy
D296,2023-10-16 11:58:00,Offline
D296,2023-10-17 06:58:00,Online
D296,2023-10-17 08:41:00,Idle
D296,2023-10-17 09:40:00,Idle
D296,2023-10-17 11:36:00,Idle
D296,2023-10-17 13:34:00,Busy
D296,2023-10-17 14:01:00,Offline
D296,2023-10-18 08:01:00,Online
D296,2023-10-18 08:47:00,Busy
D296,2023-10-18 09:31:00,Busy
D296,2023-10-18 10:33:00,Idle
D296,2023-10-18 11:10:00,Busy
D296,2023-10-18 12:45:00,Idle
D296,2023-10-18 13:27:00,Idle
D296,2023-10-18 14:07:00,Busy
D296,2023-10-18 14:33:00,Idle
D296,2023-10-18 15:17:00,Busy
D296,2023-10-18 16:04:00,Busy
D296,2023-10-18 16:57:00,Offline
D298,2023-10-04 00:00:00,Online
D298,2023-10-04 01:07:00,Busy
D298,2023-10-04 02:58:00,Busy
D298,2023-10-04 04:27:00,Idle
D298,2023-10-04 05:53:00,Idle
D298,2023-10-04 06:14:00,Busy
D298,2023-10-04 06:37:00,Idle
D298,2023-10-04 07:36:00,Offline
D298,2023-10-05 02:36:00,Online
D298,2023-10-05 03:38:00,Busy
D298,2023-10-05 05:14:00,Idle
D298,2023-10-05 06:26:00,Busy
D298,2023-10-05 06:41:00,Busy
D298,2023-10-05 06:57:00,Busy
D298,2023-10-05 08:21:00,Idle
D298,2023-10-05 09:27:00,Idle
D298,2023-10-05 10:50:00,Busy
D298,2023-10-05 11:07:00,Offline
D298,2023-10-06 02:07:00,Online
D298,2023-10-06 03:43:00,Busy
D298,2023-10-06 04:42:00,Idle
D298,2023-10-06 06:22:00,Busy
D298,2023-10-06 06:48:00,Busy
D298,2023-10-06 08:42:00,Idle
D298,2023-10-06 09:54:00,Idle
D298,2023-10-06 10:37:00,Offline
D298,2023-10-07 03:37:00,Online
D298,2023-10-07 03:53:00,Busy
D298,2023-10-07 05:46:00,Busy
D298,2023-10-07 06:24:00,Idle
D298,2023-10-07 07:02:00,Offline
D298,2023-10-08 04:02:00,Online
D298,2023-10-08 04:56:00,Idle
D298,2023-10-08 05:19:00,Idle
D298,2023-10-08 06:47:00,Idle
D298,2023-10-08 07:31:00,Idle
D298,2023-10-08 08:28:00,Idle
D298,2023-10-08 09:08:00,Busy
D298,2023-10-08 10:49:00,Busy
D298,2023-10-08 12:08:00,Busy
D298,2023-10-08 12:57:00,Busy
D298,2023-10-08 13:49:00,Idle
D298,2023-10-08 14:15:00,Offline
D298,2023-10-09 14:15:00,Online
D298,2023-10-09 15:01:00,Busy
D298,2023-10-09 15:21:00,Idle
D298,2023-10-09 17:11:00,Idle
D298,2023-10-09 18:30:00,Busy
D298,2023-10-09 19:15:00,Busy
D298,2023-10-09 19:56:00,Idle
D298,2023-10-09 20:17:00,Idle
D298,2023-10-09 21:42:00,Busy
D298,2023-10-09 23:34:00,Idle
D298,2023-10-10 01:08:00,Idle
D298,2023-10-10 01:20:00,Offline
D298,2023-10-10 23:20:00,Online
D298,2023-10-11 01:00:00,Busy
D298,2023-10-11 02:59:00,Busy
D298,2023-10-11 04:22:00,Busy
D298,2023-10-11 05:32:00,Busy
D298,2023-10-11 05:43:00,Offline
D299,2023-10-04 00:00:00,Online
D299,2023-10-04 01:25:00,Idle
D299,2023-10-04 02:15:00,Busy
D299,2023-10-04 03:12:00,Idle
D299,2023-10-04 04:49:00,Idle
D299,2023-10-04 06:22:00,Idle
D299,2023-10-04 07:30:00,Busy
D299,2023-10-04 07:59:00,Idle
D299,2023-10-04 09:01:00,Idle
D299,2023-10-04 10:41:00,Busy
D299,2023-10-04 11:24:00,Offline
D299,2023-10-05 10:24:00,Online
D299,2023-10-05 11:37:00,Idle
D299,2023-10-05 12:05:00,Busy
D299,2023-10-05 13:19:00,Busy
D299,2023-10-05 14:39:00,Idle
D299,2023-10-05 15:56:00,Busy
D299,2023-10-05 17:09:00,Idle
D299,2023-10-05 18:06:00,Offline
D299,2023-10-06 14:06:00,Online
D299,2023-10-06 15:16:00,Busy
D299,2023-10-06 16:46:00,Idle
D299,2023-10-06 17:16:00,Idle
D299,2023-10-06 18:09:00,Busy
D299,2023-10-06 20:00:00,Idle
D299,2023-10-06 20:41:00,Idle
D299,2023-10-06 21:13:00,Idle
D299,2023-10-06 22:24:00,Busy
D299,2023-10-06 22:44:00,Busy
D299,2023-10-07 00:06:00,Idle
D299,2023-10-07 01:01:00,Offline
D299,2023-10-07 13:01:00,Online
D299,2023-10-07 13:26:00,Busy
D299,2023-10-07 15:11:00,Busy
D299,2023-10-07 15:48:00,Idle
D299,2023-10-07 16:20:00,Busy
D299,2023-10-07 17:28:00,Busy
D299,2023-10-07 17:53:00,Offline
D299,2023-10-08 08:53:00,Online
D299,2023-10-08 09:24:00,Busy
D299,2023-10-08 10:42:00,Busy
D299,2023-10-08 12:41:00,Busy
D299,2023-10-08 14:21:00,Busy
D299,2023-10-08 15:25:00,Busy
D299,2023-10-08 16:28:00,Idle
D299,2023-10-08 17:16:00,Busy
D299,2023-10-08 19:00:00,Idle
D299,2023-10-08 19:34:00,Idle
D299,2023-10-08 20:31:00,Offline
D299,2023-10-09 14:31:00,Online
D299,2023-10-09 15:41:00,Idle
D299,2023-10-09 16:17:00,Idle
D299,2023-10-09 17:58:00,Idle
D299,2023-10-09 19:27:00,Idle
D299,2023-10-09 20:07:00,Offline
D299,2023-10-10 15:07:00,Online
D299,2023-10-10 16:41:00,Busy
D299,2023-10-10 17:13:00,Busy
D299,2023-10-10 18:02:00,Busy
D299,2023-10-10 18:54:00,Busy
D299,2023-10-10 19:38:00,Offline
D299,2023-10-11 12:38:00,Online
D299,2023-10-11 14:26:00,Busy
D299,2023-10-11 14:52:00,Idle
D299,2023-10-11 15:31:00,Busy
D299,2023-10-11 16:05:00,Busy
D299,2023-10-11 16:49:00,Busy
D299,2023-10-11 17:51:00,Idle
D299,2023-10-11 18:30:00,Idle
D299,2023-10-11 19:17:00,Idle
D299,2023-10-11 20:47:00,Idle
D299,2023-10-11 22:24:00,Busy
D299,2023-10-11 23:17:00,Offline
D299,2023-10-12 11:17:00,Online
D299,2023-10-12 12:14:00,Idle
D299,2023-10-12 13:44:00,Idle
D299,2023-10-12 14:05:00,Busy
D299,2023-10-12 15:17:00,Idle
D299,2023-10-12 16:18:00,Busy
D299,2023-10-12 17:39:00,Idle
D299,2023-10-12 19:05:00,Idle
D299,2023-10-12 19:37:00,Offline
D299,2023-10-13 12:37:00,Online
D299,2023-10-13 13:16:00,Busy
D299,2023-10-13 14:33:00,Idle
D299,2023-10-13 15:40:00,Busy
D299,2023-10-13 16:17:00,Busy
D299,2023-10-13 16:48:00,Offline
D299,2023-10-14 10:48:00,Online
D299,2023-10-14 11:33:00,Idle
D299,2023-10-14 12:41:00,Idle
D299,2023-10-14 14:07:00,Idle
D299,2023-10-14 14:43:00,Idle
D299,2023-10-14 15:17:00,Busy
D299,2023-10-14 16:27:00,Busy
D299,2023-10-14 17:36:00,Busy
D299,2023-10-14 18:10:00,Idle
D299,2023-10-14 18:59:00,Offline
D299,2023-10-15 18:59:00,Online
D299,2023-10-15 19:54:00,Busy
D299,2023-10-15 20:40:00,Idle
D299,2023-10-15 21:03:00,Idle
D299,2023-10-15 22:53:00,Idle
D299,2023-10-15 23:50:00,Busy
D299,2023-10-16 01:44:00,Busy
D299,2023-10-16 03:07:00,Busy
D299,2023-10-16 04:38:00,Busy
D299,2023-10-16 05:04:00,Idle
D299,2023-10-16 06:33:00,Busy
D299,2023-10-16 06:49:00,Offline
D299,2023-10-17 00:49:00,Online
D299,2023-10-17 01:04:00,Busy
D299,2023-10-17 02:06:00,Idle
D299,2023-10-17 02:51:00,Busy
D299,2023-10-17 04:35:00,Busy
D299,2023-10-17 06:17:00,Idle
D299,2023-10-17 07:58:00,Idle
D299,2023-10-17 08:17:00,Idle
D299,2023-10-17 08:58:00,Idle
D299,2023-10-17 09:17:00,Idle
D299,2023-10-17 09:54:00,Offline
D299,2023-10-18 00:54:00,Online
D299,2023-10-18 01:50:00,Idle
D299,2023-10-18 03:01:00,Busy
D299,2023-10-18 04:03:00,Idle
D299,2023-10-18 05:03:00,Busy
D299,2023-10-18 05:48:00,Offline
D300,2023-10-04 00:00:00,Online
D300,2023-10-04 01:54:00,Idle
D300,2023-10-04 02:49:00,Busy
D300,2023-10-04 03:32:00,Busy
D300,2023-10-04 04:41:00,Idle
D300,2023-10-04 05:35:00,Busy
D300,2023-10-04 05:50:00,Idle
D300,2023-10-04 06:16:00,Offline
D300,2023-10-04 21:16:00,Online
D300,2023-10-04 23:12:00,Idle
D300,2023-10-05 00:18:00,Busy
D300,2023-10-05 01:02:00,Busy
D300,2023-10-05 02:45:00,Busy
D300,2023-10-05 03:16:00,Offline
D300,2023-10-05 15:16:00,Online
D300,2023-10-05 16:08:00,Idle
D300,2023-10-05 17:26:00,Idle
D300,2023-10-05 19:17:00,Idle
D300,2023-10-05 20:18:00,Busy
D300,2023-10-05 22:03:00,Idle
D300,2023-10-05 22:58:00,Offline
D300,2023-10-06 19:58:00,Online
D300,2023-10-06 20:33:00,Idle
D300,2023-10-06 21:22:00,Busy
D300,2023-10-06 22:12:00,Idle
D300,2023-10-06 23:12:00,Busy
D300,2023-10-06 23:54:00,Offline
D300,2023-10-07 18:54:00,Online
D300,2023-10-07 19:56:00,Idle
D300,2023-10-07 20:32:00,Idle
D300,2023-10-07 20:57:00,Busy
D300,2023-10-07 21:33:00,Busy
D300,2023-10-07 23:13:00,Busy
D300,2023-10-08 01:07:00,Busy
D300,2023-10-08 02:02:00,Offline
D300,2023-10-08 21:02:00,Online
D300,2023-10-08 22:57:00,Idle
D300,2023-10-09 00:03:00,Busy
D300,2023-10-09 02:02:00,Busy
D300,2023-10-09 02:48:00,Busy
D300,2023-10-09 04:19:00,Busy
D300,2023-10-09 05:12:00,Idle
D300,2023-10-09 06:56:00,Idle
D300,2023-10-09 07:52:00,Idle
D300,2023-10-09 09:11:00,Idle
D300,2023-10-09 09:29:00,Busy
D300,2023-10-09 09:43:00,Offline
D300,2023-10-10 05:43:00,Online
D300,2023-10-10 07:28:00,Idle
D300,2023-10-10 08:16:00,Idle
D300,2023-10-10 09:21:00,Idle
D300,2023-10-10 11:07:00,Busy
D300,2023-10-10 12:32:00,Idle
D300,2023-10-10 13:09:00,Idle
D300,2023-10-10 13:58:00,Idle
D300,2023-10-10 14:32:00,Offline
D300,2023-10-11 11:32:00,Online
D300,2023-10-11 12:35:00,Busy
D300,2023-10-11 14:30:00,Busy
D300,2023-10-11 15:57:00,Busy
D300,2023-10-11 16:41:00,Busy
D300,2023-10-11 17:32:00,Offline
D300,2023-10-12 05:32:00,Online
D300,2023-10-12 05:56:00,Idle
D300,2023-10-12 07:24:00,Idle
D300,2023-10-12 07:44:00,Busy
D300,2023-10-12 08:33:00,Idle
D300,2023-10-12 09:52:00,Busy
D300,2023-10-12 10:40:00,Idle
D300,2023-10-12 11:11:00,Idle
D300,2023-10-12 13:08:00,Busy
D300,2023-10-12 13:45:00,Idle
D300,2023-10-12 15:14:00,Idle
D300,2023-10-12 16:04:00,Offline
D300,2023-10-13 15:04:00,Online
D300,2023-10-13 15:41:00,Busy
D300,2023-10-13 16:03:00,Busy
D300,2023-10-13 16:35:00,Busy
D300,2023-10-13 17:29:00,Idle
D300,2023-10-13 18:34:00,Busy
D300,2023-10-13 19:41:00,Idle
D300,2023-10-13 21:08:00,Idle
D300,2023-10-13 22:49:00,Busy
D300,2023-10-13 23:12:00,Busy
D300,2023-10-13 23:31:00,Offline
D301,2023-10-02 00:00:00,Online
D301,2023-10-02 01:41:00,Idle
D301,2023-10-02 03:03:00,Busy
D301,2023-10-02 04:31:00,Idle
D301,2023-10-02 04:57:00,Offline
D301,2023-10-03 00:57:00,Online
D301,2023-10-03 02:44:00,Busy
D301,2023-10-03 03:41:00,Busy
D301,2023-10-03 05:22:00,Busy
D301,2023-10-03 05:44:00,Idle
D301,2023-10-03 06:53:00,Busy
D301,2023-10-03 07:32:00,Offline
D301,2023-10-04 00:32:00,Online
D301,2023-10-04 01:08:00,Idle
D301,2023-10-04 02:43:00,Idle
D301,2023-10-04 03:09:00,Busy
D301,2023-10-04 03:28:00,Idle
D301,2023-10-04 03:47:00,Idle
D301,2023-10-04 05:45:00,Busy
D301,2023-10-04 07:32:00,Idle
D301,2023-10-04 09:01:00,Busy
D301,2023-10-04 10:02:00,Busy
D301,2023-10-04 10:17:00,Offline
D301,2023-10-05 00:17:00,Online
D301,2023-10-05 02:15:00,Idle
D301,2023-10-05 03:35:00,Idle
D301,2023-10-05 04:51:00,Busy
D301,2023-10-05 05:34:00,Idle
D301,2023-10-05 06:23:00,Busy
D301,2023-10-05 07:20:00,Busy
D301,2023-10-05 09:13:00,Idle
D301,2023-10-05 10:51:00,Busy
D301,2023-10-05 12:47:00,Busy
D301,2023-10-05 13:17:00,Offline
D301,2023-10-06 04:17:00,Online
D301,2023-10-06 05:56:00,Idle
D301,2023-10-06 06:29:00,Busy
D301,2023-10-06 06:49:00,Idle
D301,2023-10-06 07:24:00,Busy
D301,2023-10-06 08:31:00,Busy
D301,2023-10-06 09:44:00,Busy
D301,2023-10-06 10:30:00,Idle
D301,2023-10-06 10:43:00,Offline
D301,2023-10-07 01:43:00,Online
D301,2023-10-07 02:52:00,Busy
D301,2023-10-07 03:43:00,Idle
D301,2023-10-07 04:52:00,Busy
D301,2023-10-07 05:42:00,Offline
D301,2023-10-07 17:42:00,Online
D301,2023-10-07 18:30:00,Busy
D301,2023-10-07 18:56:00,Busy
D301,2023-10-07 20:55:00,Idle
D301,2023-10-07 21:31:00,Offline
D301,2023-10-08 13:31:00,Online
D301,2023-10-08 14:19:00,Busy
D301,2023-10-08 15:12:00,Busy
D301,2023-10-08 15:30:00,Idle
D301,2023-10-08 16:57:00,Busy
D301,2023-10-08 17:14:00,Offline
D301,2023-10-09 16:14:00,Online
D301,2023-10-09 17:28:00,Idle
D301,2023-10-09 18:17:00,Busy
D301,2023-10-09 19:06:00,Idle
D301,2023-10-09 20:33:00,Busy
D301,2023-10-09 22:16:00,Busy
D301,2023-10-09 22:44:00,Offline
D301,2023-10-10 14:44:00,Online
D301,2023-10-10 15:27:00,Idle
D301,2023-10-10 16:46:00,Idle
D301,2023-10-10 18:23:00,Busy
D301,2023-10-10 19:53:00,Busy
D301,2023-10-10 21:10:00,Idle
D301,2023-10-10 22:03:00,Offline
D302,2023-10-03 00:00:00,Online
D302,2023-10-03 01:59:00,Idle
D302,2023-10-03 02:35:00,Idle
D302,2023-10-03 03:30:00,Busy
D302,2023-10-03 04:39:00,Idle
D302,2023-10-03 05:18:00,Busy
D302,2023-10-03 05:37:00,Busy
D302,2023-10-03 05:57:00,Idle
D302,2023-10-03 07:07:00,Busy
D302,2023-10-03 07:31:00,Busy
D302,2023-10-03 08:31:00,Offline
D302,2023-10-04 00:31:00,Online
D302,2023-10-04 01:12:00,Busy
D302,2023-10-04 02:46:00,Busy
D302,2023-10-04 03:04:00,Idle
D302,2023-10-04 03:20:00,Idle
D302,2023-10-04 05:02:00,Busy
D302,2023-10-04 06:19:00,Idle
D302,2023-10-04 07:36:00,Idle
D302,2023-10-04 08:28:00,Busy
D302,2023-10-04 08:53:00,Idle
D302,2023-10-04 10:34:00,Busy
D302,2023-10-04 10:54:00,Offline
D302,2023-10-05 03:54:00,Online
D302,2023-10-05 05:46:00,Busy
D302,2023-10-05 07:17:00,Busy
D302,2023-10-05 08:17:00,Busy
D302,2023-10-05 09:05:00,Busy
D302,2023-10-05 10:34:00,Busy
D302,2023-10-05 12:18:00,Idle
D302,2023-10-05 13:33:00,Idle
D302,2023-10-05 13:59:00,Busy
D302,2023-10-05 15:33:00,Idle
D302,2023-10-05 16:26:00,Busy
D302,2023-10-05 17:17:00,Offline
D302,2023-10-06 15:17:00,Online
D302,2023-10-06 16:25:00,Busy
D302,2023-10-06 17:48:00,Idle
D302,2023-10-06 19:07:00,Busy
D302,2023-10-06 19:50:00,Busy
D302,2023-10-06 21:12:00,Idle
D302,2023-10-06 22:02:00,Busy
D302,2023-10-06 23:28:00,Idle
D302,2023-10-06 23:43:00,Busy
D302,2023-10-07 01:32:00,Busy
D302,2023-10-07 02:09:00,Idle
D302,2023-10-07 02:45:00,Offline
D302,2023-10-07 16:45:00,Online
D302,2023-10-07 18:40:00,Idle
D302,2023-10-07 20:31:00,Idle
D302,2023-10-07 22:10:00,Busy
D302,2023-10-07 22:59:00,Idle
D302,2023-10-08 00:04:00,Busy
D302,2023-10-08 01:30:00,Idle
D302,2023-10-08 01:45:00,Idle
D302,2023-10-08 03:03:00,Idle
D302,2023-10-08 03:24:00,Busy
D302,2023-10-08 04:23:00,Offline
D302,2023-10-08 20:23:00,Online
D302,2023-10-08 22:02:00,Busy
D302,2023-10-08 23:42:00,Idle
D302,2023-10-09 00:55:00,Busy
D302,2023-10-09 02:47:00,Busy
D302,2023-10-09 04:42:00,Busy
D302,2023-10-09 05:29:00,Offline
D302,2023-10-09 22:29:00,Online
D302,2023-10-09 22:45:00,Busy
D302,2023-10-09 23:29:00,Busy
D302,2023-10-10 00:17:00,Busy
D302,2023-10-10 00:43:00,Idle
D302,2023-10-10 02:28:00,Idle
D302,2023-10-10 03:14:00,Busy
D302,2023-10-10 03:31:00,Idle
D302,2023-10-10 04:11:00,Busy
D302,2023-10-10 05:51:00,Idle
D302,2023-10-10 07:35:00,Busy
D302,2023-10-10 07:53:00,Offline
D302,2023-10-10 22:53:00,Online
D302,2023-10-11 00:31:00,Idle
D302,2023-10-11 02:31:00,Idle
D302,2023-10-11 04:27:00,Busy
D302,2023-10-11 06:12:00,Busy
D302,2023-10-11 06:37:00,Idle
D302,2023-10-11 08:20:00,Idle
D302,2023-10-11 09:26:00,Idle
D302,2023-10-11 10:29:00,Idle
D302,2023-10-11 11:12:00,Busy
D302,2023-10-11 11:55:00,Busy
D302,2023-10-11 12:39:00,Offline
D302,2023-10-12 12:39:00,Online
D302,2023-10-12 14:35:00,Busy
D302,2023-10-12 16:32:00,Idle
D302,2023-10-12 17:52:00,Busy
D302,2023-10-12 18:28:00,Busy
D302,2023-10-12 19:14:00,Busy
D302,2023-10-12 21:05:00,Busy
D302,2023-10-12 22:03:00,Idle
D302,2023-10-12 23:54:00,Busy
D302,2023-10-13 00:57:00,Idle
D302,2023-10-13 02:06:00,Idle
D302,2023-10-13 02:20:00,Offline
D302,2023-10-13 17:20:00,Online
D302,2023-10-13 18:32:00,Busy
D302,2023-10-13 19:58:00,Idle
D302,2023-10-13 20:27:00,Idle
D302,2023-10-13 21:05:00,Idle
D302,2023-10-13 22:45:00,Idle
D302,2023-10-13 23:23:00,Offline
D302,2023-10-14 19:23:00,Online
D302,2023-10-14 20:44:00,Idle
D302,2023-10-14 22:31:00,Idle
D302,2023-10-14 23:53:00,Idle
D302,2023-10-15 01:19:00,Idle
D302,2023-10-15 02:10:00,Offline
D302,2023-10-15 15:10:00,Online
D302,2023-10-15 15:50:00,Idle
D302,2023-10-15 17:49:00,Busy
D302,2023-10-15 18:45:00,Busy
D302,2023-10-15 20:43:00,Busy
D302,2023-10-15 22:12:00,Busy
D302,2023-10-15 22:39:00,Offline
D303,2023-10-04 00:00:00,Online
D303,2023-10-04 00:45:00,Busy
D303,2023-10-04 02:07:00,Idle
D303,2023-10-04 04:03:00,Busy
D303,2023-10-04 04:56:00,Offline
D303,2023-10-05 01:56:00,Online
D303,2023-10-05 03:41:00,Idle
D303,2023-10-05 04:47:00,Idle
D303,2023-10-05 06:43:00,Busy
D303,2023-10-05 07:24:00,Idle
D303,2023-10-05 08:16:00,Busy
D303,2023-10-05 09:04:00,Idle
D303,2023-10-05 10:02:00,Busy
D303,2023-10-05 11:52:00,Idle
D303,2023-10-05 12:42:00,Offline
D303,2023-10-06 05:42:00,Online
D303,2023-10-06 07:08:00,Busy
D303,2023-10-06 08:52:00,Busy
D303,2023-10-06 09:12:00,Busy
D303,2023-10-06 09:51:00,Idle
D303,2023-10-06 10:26:00,Offline
D303,2023-10-07 02:26:00,Online
D303,2023-10-07 03:36:00,Idle
D303,2023-10-07 05:29:00,Busy
D303,2023-10-07 07:25:00,Idle
D303,2023-10-07 09:02:00,Busy
D303,2023-10-07 10:17:00,Idle
D303,2023-10-07 11:14:00,Offline
D303,2023-10-08 11:14:00,Online
D303,2023-10-08 11:49:00,Idle
D303,2023-10-08 13:34:00,Busy
D303,2023-10-08 14:05:00,Busy
D303,2023-10-08 14:19:00,Offline
D303,2023-10-09 12:19:00,Online
D303,2023-10-09 13:09:00,Idle
D303,2023-10-09 13:45:00,Idle
D303,2023-10-09 14:19:00,Idle
D303,2023-10-09 14:50:00,Idle
D303,2023-10-09 15:17:00,Idle
D303,2023-10-09 17:16:00,Idle
D303,2023-10-09 18:30:00,Idle
D303,2023-10-09 18:43:00,Offline
D303,2023-10-10 06:43:00,Online
D303,2023-10-10 07:25:00,Idle
D303,2023-10-10 09:11:00,Idle
D303,2023-10-10 09:56:00,Busy
D303,2023-10-10 10:13:00,Idle
D303,2023-10-10 10:29:00,Idle
D303,2023-10-10 11:31:00,Idle
D303,2023-10-10 13:29:00,Busy
D303,2023-10-10 15:23:00,Idle
D303,2023-10-10 15:59:00,Offline
D303,2023-10-11 06:59:00,Online
D303,2023-10-11 08:00:00,Busy
D303,2023-10-11 08:43:00,Idle
D303,2023-10-11 09:20:00,Busy
D303,2023-10-11 09:49:00,Idle
D303,2023-10-11 10:23:00,Busy
D303,2023-10-11 11:14:00,Busy
D303,2023-10-11 12:16:00,Busy
D303,2023-10-11 13:51:00,Idle
D303,2023-10-11 14:55:00,Busy
D303,2023-10-11 15:42:00,Offline
D303,2023-10-12 09:42:00,Online
D303,2023-10-12 11:28:00,Busy
D303,2023-10-12 12:17:00,Idle
D303,2023-10-12 13:08:00,Busy
D303,2023-10-12 14:52:00,Idle
D303,2023-10-12 15:49:00,Idle
D303,2023-10-12 16:16:00,Busy
D303,2023-10-12 17:34:00,Busy
D303,2023-10-12 18:41:00,Idle
D303,2023-10-12 18:51:00,Offline
D304,2023-10-01 00:00:00,Online
D304,2023-10-01 01:00:00,Busy
D304,2023-10-01 02:08:00,Idle
D304,2023-10-01 03:45:00,Idle
D304,2023-10-01 04:19:00,Busy
D304,2023-10-01 05:39:00,Busy
D304,2023-10-01 06:28:00,Offline
D304,2023-10-02 06:28:00,Online
D304,2023-10-02 07:42:00,Idle
D304,2023-10-02 08:42:00,Busy
D304,2023-10-02 10:13:00,Busy
D304,2023-10-02 10:40:00,Busy
D304,2023-10-02 12:16:00,Idle
D304,2023-10-02 12:49:00,Offline
D304,2023-10-03 02:49:00,Online
D304,2023-10-03 03:59:00,Idle
D304,2023-10-03 04:49:00,Idle
D304,2023-10-03 05:42:00,Idle
D304,2023-10-03 06:29:00,Offline
D304,2023-10-04 03:29:00,Online
D304,2023-10-04 05:00:00,Busy
D304,2023-10-04 05:21:00,Busy
D304,2023-10-04 06:53:00,Idle
D304,2023-10-04 07:54:00,Idle
D304,2023-10-04 09:07:00,Idle
D304,2023-10-04 10:21:00,Busy
D304,2023-10-04 12:18:00,Idle
D304,2023-10-04 13:16:00,Busy
D304,2023-10-04 14:06:00,Offline
D304,2023-10-05 11:06:00,Online
D304,2023-10-05 11:51:00,Idle
D304,2023-10-05 13:27:00,Idle
D304,2023-10-05 14:10:00,Idle
D304,2023-10-05 15:10:00,Busy
D304,2023-10-05 15:51:00,Offline
D304,2023-10-06 14:51:00,Online
D304,2023-10-06 16:38:00,Idle
D304,2023-10-06 17:15:00,Busy
D304,2023-10-06 17:42:00,Busy
D304,2023-10-06 18:36:00,Idle
D304,2023-10-06 20:22:00,Busy
D304,2023-10-06 21:07:00,Offline
D304,2023-10-07 11:07:00,Online
D304,2023-10-07 12:34:00,Idle
D304,2023-10-07 14:17:00,Busy
D304,2023-10-07 15:50:00,Idle
D304,2023-10-07 16:23:00,Idle
D304,2023-10-07 16:56:00,Busy
D304,2023-10-07 18:19:00,Busy
D304,2023-10-07 19:54:00,Busy
D304,2023-10-07 20:33:00,Busy
D304,2023-10-07 21:05:00,Offline
D304,2023-10-08 14:05:00,Online
D304,2023-10-08 16:00:00,Busy
D304,2023-10-08 17:58:00,Idle
D304,2023-10-08 18:16:00,Idle
D304,2023-10-08 20:16:00,Idle
D304,2023-10-08 20:59:00,Idle
D304,2023-10-08 22:03:00,Busy
D304,2023-10-08 23:20:00,Idle
D304,2023-10-09 00:41:00,Idle
D304,2023-10-09 01:53:00,Idle
D304,2023-10-09 02:17:00,Idle
D304,2023-10-09 02:36:00,Offline
D304,2023-10-09 16:36:00,Online
D304,2023-10-09 17:45:00,Idle
D304,2023-10-09 19:34:00,Busy
D304,2023-10-09 20:26:00,Busy
D304,2023-10-09 21:24:00,Offline
D304,2023-10-10 11:24:00,Online
D304,2023-10-10 12:38:00,Busy
D304,2023-10-10 13:21:00,Idle
D304,2023-10-10 14:39:00,Idle
D304,2023-10-10 15:12:00,Idle
D304,2023-10-10 17:03:00,Busy
D304,2023-10-10 17:42:00,Busy
D304,2023-10-10 18:09:00,Offline
D304,2023-10-11 13:09:00,Online
D304,2023-10-11 15:05:00,Busy
D304,2023-10-11 15:58:00,Busy
D304,2023-10-11 17:55:00,Busy
D304,2023-10-11 19:49:00,Busy
D304,2023-10-11 20:56:00,Busy
D304,2023-10-11 21:51:00,Offline
D304,2023-10-12 19:51:00,Online
D304,2023-10-12 20:55:00,Busy
D304,2023-10-12 21:35:00,Idle
D304,2023-10-12 22:03:00,Idle
D304,2023-10-12 23:24:00,Idle
D304,2023-10-13 00:31:00,Busy
D304,2023-10-13 00:51:00,Idle
D304,2023-10-13 02:42:00,Busy
D304,2023-10-13 03:46:00,Idle
D304,2023-10-13 04:39:00,Offline
D304,2023-10-13 22:39:00,Online
D304,2023-10-14 00:33:00,Idle
D304,2023-10-14 01:40:00,Idle
D304,2023-10-14 02:30:00,Busy
D304,2023-10-14 04:25:00,Idle
D304,2023-10-14 05:51:00,Busy
D304,2023-10-14 06:19:00,Busy
D304,2023-10-14 07:14:00,Offline
D304,2023-10-15 04:14:00,Online
D304,2023-10-15 04:39:00,Idle
D304,2023-10-15 06:05:00,Idle
D304,2023-10-15 06:25:00,Busy
D304,2023-10-15 06:58:00,Offline
D307,2023-10-01 00:00:00,Online
D307,2023-10-01 00:56:00,Idle
D307,2023-10-01 01:41:00,Idle
D307,2023-10-01 01:58:00,Idle
D307,2023-10-01 03:45:00,Busy
D307,2023-10-01 04:42:00,Idle
D307,2023-10-01 05:12:00,Offline
D307,2023-10-02 04:12:00,Online
D307,2023-10-02 05:20:00,Busy
D307,2023-10-02 05:52:00,Idle
D307,2023-10-02 07:32:00,Busy
D307,2023-10-02 08:01:00,Idle
D307,2023-10-02 09:43:00,Idle
D307,2023-10-02 10:46:00,Idle
D307,2023-10-02 11:22:00,Idle
D307,2023-10-02 13:06:00,Idle
D307,2023-10-02 14:39:00,Busy
D307,2023-10-02 16:30:00,Busy
D307,2023-10-02 17:23:00,Offline
D307,2023-10-03 09:23:00,Online
D307,2023-10-03 11:09:00,Busy
D307,2023-10-03 12:27:00,Idle
D307,2023-10-03 13:42:00,Busy
D307,2023-10-03 14:43:00,Idle
D307,2023-10-03 16:24:00,Idle
D307,2023-10-03 18:20:00,Idle
D307,2023-10-03 19:10:00,Idle
D307,2023-10-03 19:44:00,Busy
D307,2023-10-03 20:41:00,Idle
D307,2023-10-03 21:21:00,Offline
D307,2023-10-04 12:21:00,Online
D307,2023-10-04 14:00:00,Idle
D307,2023-10-04 14:15:00,Idle
D307,2023-10-04 14:44:00,Busy
D307,2023-10-04 15:08:00,Offline
D307,2023-10-05 09:08:00,Online
D307,2023-10-05 10:43:00,Busy
D307,2023-10-05 12:14:00,Busy
D307,2023-10-05 13:21:00,Idle
D307,2023-10-05 13:58:00,Busy
D307,2023-10-05 15:36:00,Idle
D307,2023-10-05 17:05:00,Idle
D307,2023-10-05 19:00:00,Idle
D307,2023-10-05 19:27:00,Offline
D307,2023-10-06 16:27:00,Online
D307,2023-10-06 17:33:00,Idle
D307,2023-10-06 19:02:00,Idle
D307,2023-10-06 20:58:00,Idle
D307,2023-10-06 21:33:00,Idle
D307,2023-10-06 21:48:00,Idle
D307,2023-10-06 22:16:00,Offline
D307,2023-10-07 16:16:00,Online
D307,2023-10-07 17:10:00,Busy
D307,2023-10-07 19:01:00,Busy
D307,2023-10-07 20:50:00,Idle
D307,2023-10-07 21:12:00,Idle
D307,2023-10-07 21:49:00,Busy
D307,2023-10-07 23:15:00,Idle
D307,2023-10-07 23:58:00,Offline
D307,2023-10-08 22:58:00,Online
D307,2023-10-09 00:33:00,Busy
D307,2023-10-09 00:58:00,Idle
D307,2023-10-09 02:54:00,Busy
D307,2023-10-09 03:38:00,Idle
D307,2023-10-09 04:41:00,Idle
D307,2023-10-09 05:01:00,Idle
D307,2023-10-09 05:27:00,Idle
D307,2023-10-09 05:43:00,Busy
D307,2023-10-09 07:25:00,Idle
D307,2023-10-09 07:48:00,Offline
D307,2023-10-10 01:48:00,Online
D307,2023-10-10 03:12:00,Busy
D307,2023-10-10 04:43:00,Busy
D307,2023-10-10 06:34:00,Idle
D307,2023-10-10 07:16:00,Busy
D307,2023-10-10 08:14:00,Busy
D307,2023-10-10 09:25:00,Idle
D307,2023-10-10 09:41:00,Busy
D307,2023-10-10 10:07:00,Offline
D308,2023-10-01 00:00:00,Online
D308,2023-10-01 01:51:00,Idle
D308,2023-10-01 02:32:00,Idle
D308,2023-10-01 03:41:00,Busy
D308,2023-10-01 04:16:00,Busy
D308,2023-10-01 05:32:00,Busy
D308,2023-10-01 07:03:00,Busy
D308,2023-10-01 08:30:00,Idle
D308,2023-10-01 09:28:00,Idle
D308,2023-10-01 09:43:00,Offline
D308,2023-10-02 08:43:00,Online
D308,2023-10-02 10:05:00,Idle
D308,2023-10-02 10:58:00,Busy
D308,2023-10-02 11:18:00,Idle
D308,2023-10-02 12:10:00,Offline
D308,2023-10-03 08:10:00,Online
D308,2023-10-03 09:09:00,Busy
D308,2023-10-03 10:23:00,Idle
D308,2023-10-03 11:11:00,Idle
D308,2023-10-03 12:28:00,Idle
D308,2023-10-03 13:03:00,Offline
D308,2023-10-04 01:03:00,Online
D308,2023-10-04 02:53:00,Busy
D308,2023-10-04 03:11:00,Busy
D308,2023-10-04 04:32:00,Idle
D308,2023-10-04 06:07:00,Idle
D308,2023-10-04 07:44:00,Busy
D308,2023-10-04 09:16:00,Busy
D308,2023-10-04 09:37:00,Idle
D308,2023-10-04 10:31:00,Offline
D308,2023-10-05 02:31:00,Online
D308,2023-10-05 03:25:00,Busy
D308,2023-10-05 05:21:00,Idle
D308,2023-10-05 07:18:00,Busy
D308,2023-10-05 07:33:00,Busy
D308,2023-10-05 08:12:00,Idle
D308,2023-10-05 08:48:00,Offline
D308,2023-10-06 07:48:00,Online
D308,2023-10-06 08:43:00,Busy
D308,2023-10-06 10:41:00,Idle
D308,2023-10-06 12:21:00,Busy
D308,2023-10-06 13:06:00,Offline
D308,2023-10-07 01:06:00,Online
D308,2023-10-07 02:28:00,Busy
D308,2023-10-07 03:09:00,Idle
D308,2023-10-07 03:27:00,Busy
D308,2023-10-07 05:19:00,Busy
D308,2023-10-07 06:10:00,Busy
D308,2023-10-07 07:32:00,Idle
D308,2023-10-07 09:03:00,Busy
D308,2023-10-07 09:23:00,Idle
D308,2023-10-07 10:44:00,Idle
D308,2023-10-07 12:15:00,Busy
D308,2023-10-07 13:00:00,Offline
D308,2023-10-08 06:00:00,Online
D308,2023-10-08 07:32:00,Busy
D308,2023-10-08 08:01:00,Busy
D308,2023-10-08 09:12:00,Busy
D308,2023-10-08 10:31:00,Idle
D308,2023-10-08 11:02:00,Idle
D308,2023-10-08 12:54:00,Idle
D308,2023-10-08 14:39:00,Busy
D308,2023-10-08 14:56:00,Idle
D308,2023-10-08 15:57:00,Idle
D308,2023-10-08 16:40:00,Offline
D308,2023-10-09 04:40:00,Online
D308,2023-10-09 05:57:00,Idle
D308,2023-10-09 06:20:00,Busy
D308,2023-10-09 07:52:00,Idle
D308,2023-10-09 08:29:00,Busy
D308,2023-10-09 10:23:00,Idle
D308,2023-10-09 11:32:00,Busy
D308,2023-10-09 11:52:00,Offline
D308,2023-10-10 07:52:00,Online
D308,2023-10-10 08:18:00,Busy
D308,2023-10-10 09:46:00,Idle
D308,2023-10-10 11:09:00,Idle
D308,2023-10-10 11:37:00,Offline
D309,2023-10-02 00:00:00,Online
D309,2023-10-02 01:40:00,Idle
D309,2023-10-02 02:23:00,Busy
D309,2023-10-02 03:49:00,Busy
D309,2023-10-02 04:39:00,Busy
D309,2023-10-02 06:32:00,Idle
D309,2023-10-02 07:51:00,Busy
D309,2023-10-02 08:49:00,Offline
D309,2023-10-03 06:49:00,Online
D309,2023-10-03 08:49:00,Busy
D309,2023-10-03 10:12:00,Busy
D309,2023-10-03 10:38:00,Idle
D309,2023-10-03 12:23:00,Busy
D309,2023-10-03 13:10:00,Offline
D309,2023-10-04 07:10:00,Online
D309,2023-10-04 07:53:00,Busy
D309,2023-10-04 09:45:00,Idle
D309,2023-10-04 11:19:00,Busy
D309,2023-10-04 13:19:00,Busy
D309,2023-10-04 14:47:00,Idle
D309,2023-10-04 15:15:00,Busy
D309,2023-10-04 15:51:00,Idle
D309,2023-10-04 16:19:00,Offline
D309,2023-10-05 10:19:00,Online
D309,2023-10-05 11:45:00,Idle
D309,2023-10-05 13:18:00,Idle
D309,2023-10-05 14:37:00,Idle
D309,2023-10-05 15:11:00,Busy
D309,2023-10-05 16:19:00,Idle
D309,2023-10-05 17:09:00,Idle
D309,2023-10-05 18:45:00,Busy
D309,2023-10-05 19:31:00,Offline
D309,2023-10-06 18:31:00,Online
D309,2023-10-06 19:37:00,Idle
D309,2023-10-06 21:10:00,Idle
D309,2023-10-06 22:19:00,Busy
D309,2023-10-06 22:34:00,Idle
D309,2023-10-06 23:25:00,Busy
D309,2023-10-07 01:12:00,Idle
D309,2023-10-07 02:51:00,Busy
D309,2023-10-07 04:30:00,Busy
D309,2023-10-07 05:56:00,Idle
D309,2023-10-07 07:22:00,Busy
D309,2023-10-07 07:33:00,Offline
D309,2023-10-07 22:33:00,Online
D309,2023-10-07 23:24:00,Busy
D309,2023-10-07 23:49:00,Busy
D309,2023-10-08 00:20:00,Busy
D309,2023-10-08 01:20:00,Idle
D309,2023-10-08 02:54:00,Idle
D309,2023-10-08 04:11:00,Idle
D309,2023-10-08 05:39:00,Busy
D309,2023-10-08 05:51:00,Offline
D309,2023-10-09 01:51:00,Online
D309,2023-10-09 03:12:00,Busy
D309,2023-10-09 04:01:00,Busy
D309,2023-10-09 05:00:00,Idle
D309,2023-10-09 05:56:00,Busy
D309,2023-10-09 06:43:00,Busy
D309,2023-10-09 06:58:00,Offline
D309,2023-10-09 18:58:00,Online
D309,2023-10-09 20:46:00,Idle
D309,2023-10-09 21:26:00,Idle
D309,2023-10-09 22:51:00,Busy
D309,2023-10-09 23:09:00,Offline
D309,2023-10-10 19:09:00,Online
D309,2023-10-10 20:53:00,Idle
D309,2023-10-10 22:50:00,Idle
D309,2023-10-10 23:47:00,Busy
D309,2023-10-11 00:45:00,Idle
D309,2023-10-11 01:10:00,Idle
D309,2023-10-11 01:44:00,Idle
D309,2023-10-11 03:15:00,Idle
D309,2023-10-11 04:42:00,Idle
D309,2023-10-11 05:27:00,Offline
D309,2023-10-11 23:27:00,Online
D309,2023-10-11 23:57:00,Busy
D309,2023-10-12 00:55:00,Busy
D309,2023-10-12 02:38:00,Idle
D309,2023-10-12 03:43:00,Busy
D309,2023-10-12 04:39:00,Offline
D309,2023-10-12 16:39:00,Online
D309,2023-10-12 17:52:00,Busy
D309,2023-10-12 19:08:00,Idle
D309,2023-10-12 20:30:00,Idle
D309,2023-10-12 21:07:00,Busy
D309,2023-10-12 22:22:00,Busy
D309,2023-10-12 23:00:00,Offline
D309,2023-10-13 13:00:00,Online
D309,2023-10-13 13:52:00,Busy
D309,2023-10-13 15:30:00,Idle
D309,2023-10-13 17:26:00,Busy
D309,2023-10-13 17:47:00,Idle
D309,2023-10-13 18:49:00,Busy
D309,2023-10-13 19:54:00,Idle
D309,2023-10-13 20:33:00,Offline
D311,2023-10-02 00:00:00,Online
D311,2023-10-02 01:28:00,Idle
D311,2023-10-02 02:36:00,Busy
D311,2023-10-02 04:31:00,Idle
D311,2023-10-02 04:52:00,Offline
D311,2023-10-02 21:52:00,Online
D311,2023-10-02 23:27:00,Idle
D311,2023-10-02 23:57:00,Idle
D311,2023-10-03 01:03:00,Busy
D311,2023-10-03 03:03:00,Busy
D311,2023-10-03 03:55:00,Busy
D311,2023-10-03 04:07:00,Offline
D311,2023-10-03 22:07:00,Online
D311,2023-10-04 00:03:00,Busy
D311,2023-10-04 00:20:00,Idle
D311,2023-10-04 01:19:00,Busy
D311,2023-10-04 03:05:00,Busy
D311,2023-10-04 03:37:00,Idle
D311,2023-10-04 04:00:00,Busy
D311,2023-10-04 05:08:00,Idle
D311,2023-10-04 05:24:00,Offline
D311,2023-10-04 22:24:00,Online
D311,2023-10-05 00:18:00,Busy
D311,2023-10-05 02:16:00,Idle
D311,2023-10-05 02:33:00,Busy
D311,2023-10-05 03:27:00,Idle
D311,2023-10-05 05:16:00,Idle
D311,2023-10-05 06:49:00,Idle
D311,2023-10-05 07:59:00,Idle
D311,2023-10-05 09:41:00,Busy
D311,2023-10-05 11:38:00,Idle
D311,2023-10-05 11:53:00,Offline
D311,2023-10-06 09:53:00,Online
D311,2023-10-06 11:46:00,Busy
D311,2023-10-06 12:21:00,Busy
D311,2023-10-06 13:47:00,Idle
D311,2023-10-06 15:32:00,Busy
D311,2023-10-06 17:16:00,Busy
D311,2023-10-06 17:31:00,Idle
D311,2023-10-06 18:25:00,Busy
D311,2023-10-06 18:45:00,Idle
D311,2023-10-06 20:17:00,Busy
D311,2023-10-06 20:39:00,Busy
D311,2023-10-06 21:24:00,Offline
D311,2023-10-07 18:24:00,Online
D311,2023-10-07 20:00:00,Idle
D311,2023-10-07 20:39:00,Idle
D311,2023-10-07 20:56:00,Busy
D311,2023-10-07 21:18:00,Offline
D311,2023-10-08 09:18:00,Online
D311,2023-10-08 10:35:00,Busy
D311,2023-10-08 11:14:00,Idle
D311,2023-10-08 12:14:00,Idle
D311,2023-10-08 13:20:00,Idle
D311,2023-10-08 14:57:00,Busy
D311,2023-10-08 15:43:00,Idle
D311,2023-10-08 17:10:00,Busy
D311,2023-10-08 17:38:00,Offline
D311,2023-10-09 10:38:00,Online
D311,2023-10-09 11:33:00,Idle
D311,2023-10-09 13:22:00,Busy
D311,2023-10-09 15:07:00,Busy
D311,2023-10-09 16:09:00,Idle
D311,2023-10-09 16:50:00,Idle
D311,2023-10-09 18:22:00,Busy
D311,2023-10-09 19:15:00,Offline
D311,2023-10-10 07:15:00,Online
D311,2023-10-10 08:45:00,Idle
D311,2023-10-10 10:29:00,Busy
D311,2023-10-10 11:02:00,Busy
D311,2023-10-10 12:30:00,Busy
D311,2023-10-10 12:56:00,Busy
D311,2023-10-10 14:49:00,Idle
D311,2023-10-10 16:00:00,Busy
D311,2023-10-10 16:17:00,Offline
D311,2023-10-11 10:17:00,Online
D311,2023-10-11 12:17:00,Busy
D311,2023-10-11 12:47:00,Idle
D311,2023-10-11 13:50:00,Idle
D311,2023-10-11 14:37:00,Idle
D311,2023-10-11 15:15:00,Offline
D314,2023-10-06 00:00:00,Online
D314,2023-10-06 01:09:00,Busy
D314,2023-10-06 01:44:00,Busy
D314,2023-10-06 02:38:00,Idle
D314,2023-10-06 04:35:00,Idle
D314,2023-10-06 06:34:00,Idle
D314,2023-10-06 07:26:00,Offline
D314,2023-10-07 02:26:00,Online
D314,2023-10-07 03:37:00,Busy
D314,2023-10-07 05:01:00,Idle
D314,2023-10-07 05:57:00,Idle
D314,2023-10-07 07:01:00,Busy
D314,2023-10-07 08:01:00,Idle
D314,2023-10-07 09:33:00,Idle
D314,2023-10-07 10:40:00,Idle
D314,2023-10-07 11:15:00,Idle
D314,2023-10-07 12:47:00,Idle
D314,2023-10-07 13:20:00,Idle
D314,2023-10-07 13:36:00,Offline
D314,2023-10-08 11:36:00,Online
D314,2023-10-08 12:11:00,Busy
D314,2023-10-08 13:42:00,Idle
D314,2023-10-08 15:15:00,Idle
D314,2023-10-08 16:07:00,Idle
D314,2023-10-08 16:36:00,Idle
D314,2023-10-08 17:18:00,Busy
D314,2023-10-08 18:57:00,Busy
D314,2023-10-08 19:20:00,Busy
D314,2023-10-08 20:22:00,Idle
D314,2023-10-08 21:10:00,Offline
D314,2023-10-09 16:10:00,Online
D314,2023-10-09 17:24:00,Busy
D314,2023-10-09 18:24:00,Busy
D314,2023-10-09 20:06:00,Idle
D314,2023-10-09 21:26:00,Idle
D314,2023-10-09 21:37:00,Offline
D314,2023-10-10 11:37:00,Online
D314,2023-10-10 11:54:00,Idle
D314,2023-10-10 13:30:00,Busy
D314,2023-10-10 14:20:00,Idle
D314,2023-10-10 14:37:00,Idle
D314,2023-10-10 14:55:00,Idle
D314,2023-10-10 16:49:00,Idle
D314,2023-10-10 18:03:00,Busy
D314,2023-10-10 19:34:00,Idle
D314,2023-10-10 20:34:00,Idle
D314,2023-10-10 21:23:00,Offline
D314,2023-10-11 20:23:00,Online
D314,2023-10-11 22:16:00,Busy
D314,2023-10-12 00:05:00,Idle
D314,2023-10-12 00:31:00,Busy
D314,2023-10-12 00:59:00,Busy
D314,2023-10-12 02:56:00,Idle
D314,2023-10-12 04:42:00,Busy
D314,2023-10-12 05:32:00,Busy
D314,2023-10-12 07:13:00,Busy
D314,2023-10-12 07:32:00,Offline
D314,2023-10-13 04:32:00,Online
D314,2023-10-13 06:03:00,Idle
D314,2023-10-13 06:57:00,Idle
D314,2023-10-13 08:46:00,Busy
D314,2023-10-13 09:17:00,Idle
D314,2023-10-13 09:51:00,Idle
D314,2023-10-13 10:55:00,Idle
D314,2023-10-13 11:48:00,Busy
D314,2023-10-13 12:16:00,Idle
D314,2023-10-13 13:26:00,Idle
D314,2023-10-13 13:53:00,Busy
D314,2023-10-13 14:07:00,Offline
D314,2023-10-14 11:07:00,Online
D314,2023-10-14 13:05:00,Idle
D314,2023-10-14 14:29:00,Busy
D314,2023-10-14 15:26:00,Busy
D314,2023-10-14 16:50:00,Busy
D314,2023-10-14 18:36:00,Idle
D314,2023-10-14 19:04:00,Offline
D314,2023-10-15 08:04:00,Online
D314,2023-10-15 09:00:00,Idle
D314,2023-10-15 10:52:00,Idle
D314,2023-10-15 11:49:00,Busy
D314,2023-10-15 12:15:00,Idle
D314,2023-10-15 13:28:00,Busy
D314,2023-10-15 15:14:00,Busy
D314,2023-10-15 15:28:00,Offline
D314,2023-10-16 04:28:00,Online
D314,2023-10-16 06:16:00,Idle
D314,2023-10-16 07:13:00,Busy
D314,2023-10-16 07:46:00,Busy
D314,2023-10-16 09:20:00,Idle
D314,2023-10-16 10:01:00,Idle
D314,2023-10-16 10:49:00,Busy
D314,2023-10-16 11:16:00,Idle
D314,2023-10-16 12:23:00,Busy
D314,2023-10-16 13:42:00,Busy
D314,2023-10-16 15:19:00,Busy
D314,2023-10-16 15:48:00,Offline
D314,2023-10-17 12:48:00,Online
D314,2023-10-17 13:04:00,Busy
D314,2023-10-17 14:09:00,Idle
D314,2023-10-17 15:07:00,Busy
D314,2023-10-17 16:15:00,Idle
D314,2023-10-17 18:04:00,Busy
D314,2023-10-17 18:51:00,Offline
D314,2023-10-18 06:51:00,Online
D314,2023-10-18 08:28:00,Idle
D314,2023-10-18 08:43:00,Idle
D314,2023-10-18 09:58:00,Busy
D314,2023-10-18 10:27:00,Offline
D314,2023-10-19 04:27:00,Online
D314,2023-10-19 05:17:00,Busy
D314,2023-10-19 06:24:00,Idle
D314,2023-10-19 08:18:00,Idle
D314,2023-10-19 09:38:00,Busy
D314,2023-10-19 11:18:00,Busy
D314,2023-10-19 11:35:00,Busy
D314,2023-10-19 12:55:00,Idle
D314,2023-10-19 13:33:00,Idle
D314,2023-10-19 14:37:00,Busy
D314,2023-10-19 14:56:00,Offline
D314,2023-10-20 05:56:00,Online
D314,2023-10-20 06:15:00,Busy
D314,2023-10-20 07:35:00,Idle
D314,2023-10-20 09:06:00,Busy
D314,2023-10-20 09:58:00,Busy
D314,2023-10-20 10:58:00,Busy
D314,2023-10-20 12:58:00,Busy
D314,2023-10-20 14:03:00,Idle
D314,2023-10-20 15:53:00,Busy
D314,2023-10-20 16:53:00,Idle
D314,2023-10-20 17:53:00,Idle
D314,2023-10-20 18:53:00,Offline
D315,2023-10-03 00:00:00,Online
D315,2023-10-03 01:42:00,Idle
D315,2023-10-03 03:38:00,Idle
D315,2023-10-03 04:00:00,Busy
D315,2023-10-03 05:14:00,Busy
D315,2023-10-03 06:02:00,Idle
D315,2023-10-03 07:19:00,Busy
D315,2023-10-03 09:14:00,Idle
D315,2023-10-03 10:55:00,Busy
D315,2023-10-03 11:29:00,Idle
D315,2023-10-03 12:05:00,Offline
D315,2023-10-04 11:05:00,Online
D315,2023-10-04 12:56:00,Busy
D315,2023-10-04 14:40:00,Idle
D315,2023-10-04 15:48:00,Idle
D315,2023-10-04 17:36:00,Idle
D315,2023-10-04 18:54:00,Busy
D315,2023-10-04 19:10:00,Offline
D315,2023-10-05 16:10:00,Online
D315,2023-10-05 16:48:00,Busy
D315,2023-10-05 18:33:00,Idle
D315,2023-10-05 20:11:00,Busy
D315,2023-10-05 21:24:00,Busy
D315,2023-10-05 21:45:00,Busy
D315,2023-10-05 23:03:00,Idle
D315,2023-10-05 23:46:00,Idle
D315,2023-10-06 00:36:00,Offline
D315,2023-10-06 12:36:00,Online
D315,2023-10-06 12:55:00,Idle
D315,2023-10-06 13:16:00,Busy
D315,2023-10-06 15:03:00,Idle
D315,2023-10-06 17:00:00,Busy
D315,2023-10-06 18:05:00,Busy
D315,2023-10-06 18:57:00,Idle
D315,2023-10-06 20:04:00,Idle
D315,2023-10-06 20:47:00,Idle
D315,2023-10-06 22:24:00,Busy
D315,2023-10-06 23:19:00,Offline
D315,2023-10-07 19:19:00,Online
D315,2023-10-07 20:01:00,Busy
D315,2023-10-07 20:38:00,Busy
D315,2023-10-07 22:35:00,Busy
D315,2023-10-07 22:54:00,Idle
D315,2023-10-07 23:45:00,Busy
D315,2023-10-08 00:03:00,Idle
D315,2023-10-08 00:56:00,Busy
D315,2023-10-08 01:32:00,Idle
D315,2023-10-08 02:59:00,Busy
D315,2023-10-08 04:36:00,Busy
D315,2023-10-08 05:05:00,Offline
D315,2023-10-08 22:05:00,Online
D315,2023-10-08 23:02:00,Idle
D315,2023-10-08 23:56:00,Idle
D315,2023-10-09 00:28:00,Busy
D315,2023-10-09 01:23:00,Offline
D315,2023-10-09 13:23:00,Online
D315,2023-10-09 15:13:00,Busy
D315,2023-10-09 16:51:00,Idle
D315,2023-10-09 18:15:00,Busy
D315,2023-10-09 19:48:00,Idle
D315,2023-10-09 20:14:00,Idle
D315,2023-10-09 20:38:00,Offline
D315,2023-10-10 17:38:00,Online
D315,2023-10-10 18:27:00,Idle
D315,2023-10-10 19:23:00,Busy
D315,2023-10-10 20:29:00,Busy
D315,2023-10-10 21:51:00,Idle
D315,2023-10-10 23:35:00,Busy
D315,2023-10-10 23:52:00,Idle
D315,2023-10-11 00:09:00,Busy
D315,2023-10-11 01:51:00,Idle
D315,2023-10-11 03:47:00,Idle
D315,2023-10-11 05:33:00,Busy
D315,2023-10-11 06:13:00,Offline
D315,2023-10-12 06:13:00,Online
D315,2023-10-12 07:33:00,Busy
D315,2023-10-12 09:32:00,Idle
D315,2023-10-12 10:13:00,Idle
D315,2023-10-12 11:01:00,Offline
D315,2023-10-13 10:01:00,Online
D315,2023-10-13 10:59:00,Idle
D315,2023-10-13 11:54:00,Busy
D315,2023-10-13 13:11:00,Busy
D315,2023-10-13 13:53:00,Idle
D315,2023-10-13 14:30:00,Busy
D315,2023-10-13 14:54:00,Busy
D315,2023-10-13 15:11:00,Offline
D315,2023-10-14 05:11:00,Online
D315,2023-10-14 06:28:00,Idle
D315,2023-10-14 07:28:00,Busy
D315,2023-10-14 09:24:00,Busy
D315,2023-10-14 09:54:00,Busy
D315,2023-10-14 10:44:00,Offline
D315,2023-10-15 08:44:00,Online
D315,2023-10-15 09:16:00,Idle
D315,2023-10-15 10:00:00,Busy
D315,2023-10-15 10:58:00,Busy
D315,2023-10-15 12:27:00,Busy
D315,2023-10-15 13:28:00,Idle
D315,2023-10-15 15:09:00,Busy
D315,2023-10-15 16:01:00,Busy
D315,2023-10-15 17:26:00,Idle
D315,2023-10-15 18:41:00,Idle
D315,2023-10-15 19:32:00,Offline
D315,2023-10-16 16:32:00,Online
D315,2023-10-16 17:35:00,Idle
D315,2023-10-16 19:01:00,Busy
D315,2023-10-16 20:31:00,Busy
D315,2023-10-16 21:51:00,Idle
D315,2023-10-16 22:53:00,Idle
D315,2023-10-17 00:02:00,Idle
D315,2023-10-17 00:59:00,Offline
D315,2023-10-17 15:59:00,Online
D315,2023-10-17 16:39:00,Idle
D315,2023-10-17 18:07:00,Busy
D315,2023-10-17 19:38:00,Busy
D315,2023-10-17 20:05:00,Idle
D315,2023-10-17 21:44:00,Idle
D315,2023-10-17 22:20:00,Busy
D315,2023-10-17 22:58:00,Busy
D315,2023-10-18 00:13:00,Idle
D315,2023-10-18 01:47:00,Idle
D315,2023-10-18 02:11:00,Busy
D315,2023-10-18 02:21:00,Offline
D316,2023-10-06 00:00:00,Online
D316,2023-10-06 01:24:00,Idle
D316,2023-10-06 02:59:00,Idle
D316,2023-10-06 04:52:00,Idle
D316,2023-10-06 06:07:00,Busy
D316,2023-10-06 07:18:00,Idle
D316,2023-10-06 08:03:00,Offline
D316,2023-10-06 23:03:00,Online
D316,2023-10-07 00:38:00,Idle
D316,2023-10-07 01:14:00,Idle
D316,2023-10-07 01:36:00,Busy
D316,2023-10-07 02:23:00,Busy
D316,2023-10-07 03:02:00,Offline
D316,2023-10-08 00:02:00,Online
D316,2023-10-08 00:33:00,Idle
D316,2023-10-08 01:38:00,Busy
D316,2023-10-08 01:59:00,Idle
D316,2023-10-08 02:15:00,Offline
D316,2023-10-08 17:15:00,Online
D316,2023-10-08 18:13:00,Busy
D316,2023-10-08 19:54:00,Idle
D316,2023-10-08 21:17:00,Busy
D316,2023-10-08 21:37:00,Idle
D316,2023-10-08 22:50:00,Busy
D316,2023-10-09 00:20:00,Idle
D316,2023-10-09 00:57:00,Busy
D316,2023-10-09 01:42:00,Offline
D316,2023-10-09 22:42:00,Online
D316,2023-10-10 00:18:00,Idle
D316,2023-10-10 00:50:00,Idle
D316,2023-10-10 01:48:00,Busy
D316,2023-10-10 02:17:00,Idle
D316,2023-10-10 02:54:00,Idle
D316,2023-10-10 04:25:00,Busy
D316,2023-10-10 05:27:00,Busy
D316,2023-10-10 07:08:00,Idle
D316,2023-10-10 08:57:00,Idle
D316,2023-10-10 09:33:00,Offline
D316,2023-10-10 21:33:00,Online
D316,2023-10-10 23:08:00,Busy
D316,2023-10-10 23:53:00,Idle
D316,2023-10-11 00:43:00,Idle
D316,2023-10-11 02:32:00,Idle
D316,2023-10-11 03:00:00,Busy
D316,2023-10-11 04:34:00,Idle
D316,2023-10-11 06:18:00,Idle
D316,2023-10-11 06:49:00,Offline
D316,2023-10-11 18:49:00,Online
D316,2023-10-11 20:07:00,Idle
D316,2023-10-11 22:02:00,Busy
D316,2023-10-11 23:10:00,Busy
D316,2023-10-11 23:59:00,Idle
D316,2023-10-12 00:31:00,Busy
D316,2023-10-12 01:15:00,Busy
D316,2023-10-12 02:56:00,Busy
D316,2023-10-12 03:30:00,Idle
D316,2023-10-12 03:46:00,Busy
D316,2023-10-12 05:03:00,Busy
D316,2023-10-12 05:36:00,Offline
D316,2023-10-12 22:36:00,Online
D316,2023-10-12 23:12:00,Busy
D316,2023-10-13 00:16:00,Idle
D316,2023-10-13 01:46:00,Busy
D316,2023-10-13 02:33:00,Offline
D317,2023-10-01 00:00:00,Online
D317,2023-10-01 01:49:00,Busy
D317,2023-10-01 02:38:00,Busy
D317,2023-10-01 03:36:00,Busy
D317,2023-10-01 04:24:00,Idle
D317,2023-10-01 04:46:00,Offline
D317,2023-10-01 17:46:00,Online
D317,2023-10-01 18:02:00,Busy
D317,2023-10-01 19:55:00,Busy
D317,2023-10-01 21:22:00,Idle
D317,2023-10-01 23:00:00,Busy
D317,2023-10-01 23:43:00,Offline
D317,2023-10-02 18:43:00,Online
D317,2023-10-02 20:10:00,Busy
D317,2023-10-02 20:41:00,Idle
D317,2023-10-02 21:20:00,Idle
D317,2023-10-02 21:44:00,Idle
D317,2023-10-02 23:37:00,Idle
D317,2023-10-03 00:10:00,Busy
D317,2023-10-03 01:40:00,Busy
D317,2023-10-03 02:31:00,Idle
D317,2023-10-03 03:28:00,Idle
D317,2023-10-03 05:12:00,Idle
D317,2023-10-03 06:10:00,Offline
D317,2023-10-03 20:10:00,Online
D317,2023-10-03 20:26:00,Busy
D317,2023-10-03 22:26:00,Busy
D317,2023-10-03 23:40:00,Busy
D317,2023-10-04 00:28:00,Idle
D317,2023-10-04 01:26:00,Busy
D317,2023-10-04 02:30:00,Idle
D317,2023-10-04 03:16:00,Idle
D317,2023-10-04 04:01:00,Busy
D317,2023-10-04 04:47:00,Idle
D317,2023-10-04 05:41:00,Offline
D317,2023-10-05 05:41:00,Online
D317,2023-10-05 05:58:00,Idle
D317,2023-10-05 07:08:00,Idle
D317,2023-10-05 08:18:00,Idle
D317,2023-10-05 09:21:00,Busy
D317,2023-10-05 10:50:00,Busy
D317,2023-10-05 11:38:00,Offline
D317,2023-10-06 05:38:00,Online
D317,2023-10-06 05:55:00,Busy
D317,2023-10-06 06:12:00,Idle
D317,2023-10-06 07:08:00,Busy
D317,2023-10-06 08:08:00,Busy
D317,2023-10-06 09:17:00,Idle
D317,2023-10-06 10:08:00,Busy
D317,2023-10-06 10:59:00,Offline
D317,2023-10-06 22:59:00,Online
D317,2023-10-07 00:47:00,Idle
D317,2023-10-07 02:05:00,Idle
D317,2023-10-07 02:49:00,Busy
D317,2023-10-07 03:37:00,Idle
D317,2023-10-07 04:48:00,Idle
D317,2023-10-07 06:39:00,Idle
D317,2023-10-07 06:49:00,Offline
D318,2023-10-01 00:00:00,Online
D318,2023-10-01 01:03:00,Busy
D318,2023-10-01 02:48:00,Busy
D318,2023-10-01 04:11:00,Busy
D318,2023-10-01 04:31:00,Busy
D318,2023-10-01 05:18:00,Offline
D318,2023-10-01 19:18:00,Online
D318,2023-10-01 20:17:00,Idle
D318,2023-10-01 21:48:00,Busy
D318,2023-10-01 22:28:00,Idle
D318,2023-10-01 22:43:00,Busy
D318,2023-10-02 00:20:00,Busy
D318,2023-10-02 01:30:00,Idle
D318,2023-10-02 02:17:00,Idle
D318,2023-10-02 02:52:00,Idle
D318,2023-10-02 04:29:00,Busy
D318,2023-10-02 05:50:00,Busy
D318,2023-10-02 06:39:00,Offline
D318,2023-10-02 18:39:00,Online
D318,2023-10-02 20:02:00,Busy
D318,2023-10-02 21:33:00,Busy
D318,2023-10-02 23:33:00,Idle
D318,2023-10-03 00:34:00,Busy
D318,2023-10-03 00:57:00,Busy
D318,2023-10-03 01:08:00,Offline
D318,2023-10-03 22:08:00,Online
D318,2023-10-03 22:51:00,Busy
D318,2023-10-03 23:52:00,Busy
D318,2023-10-04 00:13:00,Busy
D318,2023-10-04 00:51:00,Idle
D318,2023-10-04 01:16:00,Idle
D318,2023-10-04 02:04:00,Offline
D318,2023-10-04 20:04:00,Online
D318,2023-10-04 21:48:00,Busy
D318,2023-10-04 22:24:00,Busy
D318,2023-10-04 22:48:00,Busy
D318,2023-10-04 23:17:00,Busy
D318,2023-10-05 00:26:00,Idle
D318,2023-10-05 02:17:00,Busy
D318,2023-10-05 04:04:00,Idle
D318,2023-10-05 04:42:00,Offline
D318,2023-10-05 18:42:00,Online
D318,2023-10-05 19:55:00,Busy
D318,2023-10-05 21:18:00,Idle
D318,2023-10-05 22:24:00,Idle
D318,2023-10-05 23:34:00,Idle
D318,2023-10-05 23:59:00,Offline
D318,2023-10-06 21:59:00,Online
D318,2023-10-06 23:48:00,Idle
D318,2023-10-07 00:15:00,Busy
D318,2023-10-07 00:53:00,Busy
D318,2023-10-07 01:21:00,Busy
D318,2023-10-07 02:08:00,Offline
D318,2023-10-07 18:08:00,Online
D318,2023-10-07 18:45:00,Idle
D318,2023-10-07 20:44:00,Idle
D318,2023-10-07 21:24:00,Idle
D318,2023-10-07 22:33:00,Idle
D318,2023-10-08 00:33:00,Busy
D318,2023-10-08 01:09:00,Busy
D318,2023-10-08 01:33:00,Idle
D318,2023-10-08 03:25:00,Busy
D318,2023-10-08 05:15:00,Idle
D318,2023-10-08 05:35:00,Idle
D318,2023-10-08 05:54:00,Offline
D319,2023-10-04 00:00:00,Online
D319,2023-10-04 00:39:00,Idle
D319,2023-10-04 02:23:00,Busy
D319,2023-10-04 02:59:00,Busy
D319,2023-10-04 03:22:00,Offline
D319,2023-10-04 18:22:00,Online
D319,2023-10-04 20:05:00,Idle
D319,2023-10-04 20:55:00,Idle
D319,2023-10-04 22:11:00,Idle
D319,2023-10-04 22:37:00,Idle
D319,2023-10-05 00:28:00,Idle
D319,2023-10-05 02:04:00,Idle
D319,2023-10-05 03:52:00,Busy
D319,2023-10-05 04:22:00,Offline
D319,2023-10-05 17:22:00,Online
D319,2023-10-05 18:14:00,Busy
D319,2023-10-05 19:08:00,Idle
D319,2023-10-05 20:29:00,Busy
D319,2023-10-05 21:16:00,Busy
D319,2023-10-05 22:08:00,Idle
D319,2023-10-05 23:00:00,Busy
D319,2023-10-06 00:04:00,Idle
D319,2023-10-06 00:19:00,Offline
D319,2023-10-06 15:19:00,Online
D319,2023-10-06 16:03:00,Busy
D319,2023-10-06 17:38:00,Idle
D319,2023-10-06 18:48:00,Idle
D319,2023-10-06 20:22:00,Busy
D319,2023-10-06 20:45:00,Busy
D319,2023-10-06 22:38:00,Idle
D319,2023-10-06 22:54:00,Busy
D319,2023-10-07 00:19:00,Idle
D319,2023-10-07 01:33:00,Idle
D319,2023-10-07 03:29:00,Idle
D319,2023-10-07 04:19:00,Offline
D319,2023-10-07 21:19:00,Online
D319,2023-10-07 22:30:00,Busy
D319,2023-10-07 23:35:00,Busy
D319,2023-10-08 00:47:00,Idle
D319,2023-10-08 01:15:00,Busy
D319,2023-10-08 02:25:00,Busy
D319,2023-10-08 03:15:00,Offline
D320,2023-10-06 00:00:00,Online
D320,2023-10-06 00:26:00,Idle
D320,2023-10-06 01:37:00,Idle
D320,2023-10-06 02:36:00,Busy
D320,2023-10-06 03:18:00,Idle
D320,2023-10-06 04:01:00,Idle
D320,2023-10-06 05:50:00,Idle
D320,2023-10-06 07:41:00,Idle
D320,2023-10-06 09:20:00,Idle
D320,2023-10-06 10:12:00,Offline
D320,2023-10-06 23:12:00,Online
D320,2023-10-07 00:51:00,Busy
D320,2023-10-07 01:47:00,Busy
D320,2023-10-07 02:29:00,Idle
D320,2023-10-07 02:51:00,Idle
D320,2023-10-07 04:07:00,Idle
D320,2023-10-07 04:37:00,Idle
D320,2023-10-07 04:52:00,Busy
D320,2023-10-07 05:34:00,Busy
D320,2023-10-07 06:03:00,Offline
D320,2023-10-07 18:03:00,Online
D320,2023-10-07 19:18:00,Idle
D320,2023-10-07 20:46:00,Idle
D320,2023-10-07 22:23:00,Idle
D320,2023-10-07 23:26:00,Idle
D320,2023-10-07 23:44:00,Busy
D320,2023-10-08 01:10:00,Idle
D320,2023-10-08 03:01:00,Busy
D320,2023-10-08 04:00:00,Idle
D320,2023-10-08 04:22:00,Busy
D320,2023-10-08 05:16:00,Offline
D320,2023-10-09 05:16:00,Online
D320,2023-10-09 05:48:00,Idle
D320,2023-10-09 06:10:00,Idle
D320,2023-10-09 07:40:00,Busy
D320,2023-10-09 08:14:00,Busy
D320,2023-10-09 09:16:00,Busy
D320,2023-10-09 09:37:00,Busy
D320,2023-10-09 10:17:00,Busy
D320,2023-10-09 11:32:00,Idle
D320,2023-10-09 12:17:00,Offline
D320,2023-10-10 05:17:00,Online
D320,2023-10-10 05:59:00,Busy
D320,2023-10-10 07:13:00,Idle
D320,2023-10-10 08:26:00,Idle
D320,2023-10-10 09:34:00,Idle
D320,2023-10-10 11:27:00,Idle
D320,2023-10-10 13:09:00,Idle
D320,2023-10-10 14:17:00,Idle
D320,2023-10-10 15:16:00,Busy
D320,2023-10-10 16:59:00,Busy
D320,2023-10-10 18:11:00,Idle
D320,2023-10-10 19:09:00,Offline
D320,2023-10-11 09:09:00,Online
D320,2023-10-11 11:01:00,Busy
D320,2023-10-11 13:01:00,Idle
D320,2023-10-11 14:07:00,Busy
D320,2023-10-11 15:27:00,Busy
D320,2023-10-11 15:44:00,Busy
D320,2023-10-11 16:58:00,Idle
D320,2023-10-11 18:33:00,Busy
D320,2023-10-11 20:31:00,Idle
D320,2023-10-11 21:59:00,Busy
D320,2023-10-11 22:25:00,Offline
D320,2023-10-12 19:25:00,Online
D320,2023-10-12 20:42:00,Idle
D320,2023-10-12 22:23:00,Busy
D320,2023-10-12 23:35:00,Idle
D320,2023-10-13 00:11:00,Idle
D320,2023-10-13 00:45:00,Busy
D320,2023-10-13 01:14:00,Idle
D320,2023-10-13 02:40:00,Busy
D320,2023-10-13 02:58:00,Busy
D320,2023-10-13 04:07:00,Busy
D320,2023-10-13 04:53:00,Offline
D321,2023-10-03 00:00:00,Online
D321,2023-10-03 00:39:00,Idle
D321,2023-10-03 02:25:00,Idle
D321,2023-10-03 03:55:00,Idle
D321,2023-10-03 05:20:00,Busy
D321,2023-10-03 07:04:00,Busy
D321,2023-10-03 08:17:00,Idle
D321,2023-10-03 09:47:00,Idle
D321,2023-10-03 10:55:00,Idle
D321,2023-10-03 11:28:00,Offline
D321,2023-10-04 09:28:00,Online
D321,2023-10-04 10:59:00,Idle
D321,2023-10-04 11:18:00,Busy
D321,2023-10-04 12:01:00,Idle
D321,2023-10-04 12:28:00,Idle
D321,2023-10-04 13:06:00,Idle
D321,2023-10-04 14:58:00,Idle
D321,2023-10-04 16:14:00,Idle
D321,2023-10-04 17:22:00,Busy
D321,2023-10-04 19:08:00,Idle
D321,2023-10-04 21:00:00,Busy
D321,2023-10-04 21:21:00,Offline
D321,2023-10-05 19:21:00,Online
D321,2023-10-05 21:13:00,Idle
D321,2023-10-05 22:18:00,Busy
D321,2023-10-05 23:05:00,Idle
D321,2023-10-06 00:15:00,Idle
D321,2023-10-06 01:09:00,Idle
D321,2023-10-06 02:10:00,Busy
D321,2023-10-06 03:55:00,Busy
D321,2023-10-06 04:35:00,Busy
D321,2023-10-06 06:08:00,Idle
D321,2023-10-06 07:08:00,Offline
D321,2023-10-07 07:08:00,Online
D321,2023-10-07 09:07:00,Busy
D321,2023-10-07 09:59:00,Busy
D321,2023-10-07 10:57:00,Busy
D321,2023-10-07 12:54:00,Idle
D321,2023-10-07 13:30:00,Idle
D321,2023-10-07 14:01:00,Idle
D321,2023-10-07 14:53:00,Busy
D321,2023-10-07 15:17:00,Offline
D321,2023-10-08 10:17:00,Online
D321,2023-10-08 11:20:00,Busy
D321,2023-10-08 12:42:00,Busy
D321,2023-10-08 13:58:00,Busy
D321,2023-10-08 15:53:00,Busy
D321,2023-10-08 16:26:00,Busy
D321,2023-10-08 17:21:00,Idle
D321,2023-10-08 18:43:00,Busy
D321,2023-10-08 19:23:00,Offline
D321,2023-10-09 17:23:00,Online
D321,2023-10-09 18:20:00,Busy
D321,2023-10-09 19:33:00,Idle
D321,2023-10-09 19:55:00,Idle
D321,2023-10-09 20:39:00,Busy
D321,2023-10-09 20:55:00,Offline
D321,2023-10-10 20:55:00,Online
D321,2023-10-10 21:47:00,Busy
D321,2023-10-10 23:06:00,Idle
D321,2023-10-11 00:55:00,Idle
D321,2023-10-11 01:45:00,Offline
D321,2023-10-11 23:45:00,Online
D321,2023-10-12 01:44:00,Busy
D321,2023-10-12 03:15:00,Busy
D321,2023-10-12 04:08:00,Busy
D321,2023-10-12 04:49:00,Idle
D321,2023-10-12 06:00:00,Idle
D321,2023-10-12 06:53:00,Busy
D321,2023-10-12 08:27:00,Idle
D321,2023-10-12 10:03:00,Busy
D321,2023-10-12 11:26:00,Busy
D321,2023-10-12 12:04:00,Offline
D321,2023-10-13 12:04:00,Online
D321,2023-10-13 12:37:00,Idle
D321,2023-10-13 14:08:00,Idle
D321,2023-10-13 15:34:00,Busy
D321,2023-10-13 16:04:00,Idle
D321,2023-10-13 17:08:00,Idle
D321,2023-10-13 18:47:00,Idle
D321,2023-10-13 19:12:00,Idle
D321,2023-10-13 19:45:00,Busy
D321,2023-10-13 20:33:00,Idle
D321,2023-10-13 21:13:00,Idle
D321,2023-10-13 21:42:00,Offline
D321,2023-10-14 19:42:00,Online
D321,2023-10-14 21:15:00,Idle
D321,2023-10-14 22:31:00,Busy
D321,2023-10-14 23:15:00,Busy
D321,2023-10-15 00:47:00,Idle
D321,2023-10-15 02:47:00,Busy
D321,2023-10-15 03:54:00,Idle
D321,2023-10-15 04:47:00,Busy
D321,2023-10-15 05:16:00,Offline
D321,2023-10-15 18:16:00,Online
D321,2023-10-15 19:25:00,Busy
D321,2023-10-15 20:46:00,Idle
D321,2023-10-15 21:29:00,Idle
D321,2023-10-15 22:20:00,Busy
D321,2023-10-16 00:17:00,Busy
D321,2023-10-16 01:12:00,Idle
D321,2023-10-16 01:23:00,Offline
D321,2023-10-16 13:23:00,Online
D321,2023-10-16 14:12:00,Idle
D321,2023-10-16 14:58:00,Busy
D321,2023-10-16 15:23:00,Busy
D321,2023-10-16 16:22:00,Busy
D321,2023-10-16 16:45:00,Busy
D321,2023-10-16 17:04:00,Busy
D321,2023-10-16 17:25:00,Idle
D321,2023-10-16 18:17:00,Busy
D321,2023-10-16 19:30:00,Busy
D321,2023-10-16 19:46:00,Offline
D321,2023-10-17 18:46:00,Online
D321,2023-10-17 20:14:00,Busy
D321,2023-10-17 21:05:00,Idle
D321,2023-10-17 21:58:00,Busy
D321,2023-10-17 23:25:00,Idle
D321,2023-10-18 00:06:00,Busy
D321,2023-10-18 01:28:00,Idle
D321,2023-10-18 01:45:00,Idle
D321,2023-10-18 02:17:00,Idle
D321,2023-10-18 03:08:00,Offline
D321,2023-10-19 01:08:00,Online
D321,2023-10-19 01:55:00,Idle
D321,2023-10-19 03:14:00,Busy
D321,2023-10-19 04:03:00,Idle
D321,2023-10-19 05:14:00,Idle
D321,2023-10-19 07:08:00,Busy
D321,2023-10-19 07:43:00,Busy
D321,2023-10-19 09:13:00,Busy
D321,2023-10-19 10:10:00,Idle
D321,2023-10-19 10:45:00,Idle
D321,2023-10-19 11:01:00,Offline
D323,2023-10-03 00:00:00,Online
D323,2023-10-03 01:14:00,Busy
D323,2023-10-03 02:28:00,Busy
D323,2023-10-03 02:56:00,Busy
D323,2023-10-03 03:48:00,Idle
D323,2023-10-03 05:37:00,Idle
D323,2023-10-03 06:18:00,Busy
D323,2023-10-03 06:41:00,Busy
D323,2023-10-03 08:23:00,Busy
D323,2023-10-03 08:40:00,Offline
D323,2023-10-03 21:40:00,Online
D323,2023-10-03 23:04:00,Busy
D323,2023-10-04 00:29:00,Busy
D323,2023-10-04 02:10:00,Idle
D323,2023-10-04 04:01:00,Idle
D323,2023-10-04 05:21:00,Busy
D323,2023-10-04 06:27:00,Busy
D323,2023-10-04 07:55:00,Idle
D323,2023-10-04 08:15:00,Idle
D323,2023-10-04 09:25:00,Busy
D323,2023-10-04 10:23:00,Offline
D323,2023-10-05 05:23:00,Online
D323,2023-10-05 06:05:00,Idle
D323,2023-10-05 07:58:00,Idle
D323,2023-10-05 08:31:00,Idle
D323,2023-10-05 09:44:00,Idle
D323,2023-10-05 10:54:00,Busy
D323,2023-10-05 12:24:00,Idle
D323,2023-10-05 14:16:00,Idle
D323,2023-10-05 15:19:00,Busy
D323,2023-10-05 16:07:00,Offline
D323,2023-10-06 16:07:00,Online
D323,2023-10-06 17:53:00,Idle
D323,2023-10-06 19:40:00,Busy
D323,2023-10-06 20:52:00,Idle
D323,2023-10-06 21:26:00,Idle
D323,2023-10-06 22:20:00,Busy
D323,2023-10-06 23:23:00,Idle
D323,2023-10-07 00:39:00,Busy
D323,2023-10-07 02:35:00,Busy
D323,2023-10-07 03:30:00,Busy
D323,2023-10-07 03:57:00,Offline
D323,2023-10-07 22:57:00,Online
D323,2023-10-07 23:32:00,Busy
D323,2023-10-08 01:13:00,Idle
D323,2023-10-08 02:24:00,Idle
D323,2023-10-08 02:39:00,Offline
D323,2023-10-08 15:39:00,Online
D323,2023-10-08 17:24:00,Busy
D323,2023-10-08 18:58:00,Idle
D323,2023-10-08 20:40:00,Busy
D323,2023-10-08 22:28:00,Idle
D323,2023-10-09 00:00:00,Busy
D323,2023-10-09 00:40:00,Busy
D323,2023-10-09 01:04:00,Idle
D323,2023-10-09 02:59:00,Busy
D323,2023-10-09 03:18:00,Offline
D323,2023-10-09 19:18:00,Online
D323,2023-10-09 20:49:00,Idle
D323,2023-10-09 21:30:00,Busy
D323,2023-10-09 23:06:00,Busy
D323,2023-10-09 23:29:00,Busy
D323,2023-10-10 00:23:00,Idle
D323,2023-10-10 01:18:00,Idle
D323,2023-10-10 02:59:00,Busy
D323,2023-10-10 03:17:00,Busy
D323,2023-10-10 04:22:00,Busy
D323,2023-10-10 04:57:00,Busy
D323,2023-10-10 05:35:00,Offline
D323,2023-10-11 02:35:00,Online
D323,2023-10-11 03:35:00,Busy
D323,2023-10-11 04:16:00,Busy
D323,2023-10-11 04:40:00,Idle
D323,2023-10-11 06:15:00,Busy
D323,2023-10-11 07:58:00,Busy
D323,2023-10-11 09:58:00,Idle
D323,2023-10-11 10:34:00,Busy
D323,2023-10-11 11:24:00,Offline
D323,2023-10-12 00:24:00,Online
D323,2023-10-12 00:49:00,Busy
D323,2023-10-12 02:05:00,Idle
D323,2023-10-12 02:24:00,Busy
D323,2023-10-12 04:04:00,Idle
D323,2023-10-12 04:24:00,Idle
D323,2023-10-12 05:16:00,Idle
D323,2023-10-12 05:35:00,Busy
D323,2023-10-12 06:54:00,Busy
D323,2023-10-12 08:14:00,Busy
D323,2023-10-12 08:32:00,Offline
D323,2023-10-13 01:32:00,Online
D323,2023-10-13 01:59:00,Busy
D323,2023-10-13 03:50:00,Idle
D323,2023-10-13 04:28:00,Busy
D323,2023-10-13 05:41:00,Idle
D323,2023-10-13 06:19:00,Offline
D323,2023-10-14 05:19:00,Online
D323,2023-10-14 05:54:00,Busy
D323,2023-10-14 07:19:00,Idle
D323,2023-10-14 09:00:00,Busy
D323,2023-10-14 10:36:00,Busy
D323,2023-10-14 11:13:00,Idle
D323,2023-10-14 12:22:00,Busy
D323,2023-10-14 13:19:00,Offline
D324,2023-10-04 00:00:00,Online
D324,2023-10-04 00:42:00,Idle
D324,2023-10-04 02:06:00,Busy
D324,2023-10-04 03:00:00,Idle
D324,2023-10-04 04:11:00,Idle
D324,2023-10-04 04:47:00,Busy
D324,2023-10-04 05:51:00,Busy
D324,2023-10-04 07:25:00,Idle
D324,2023-10-04 09:16:00,Idle
D324,2023-10-04 10:08:00,Offline
D324,2023-10-05 00:08:00,Online
D324,2023-10-05 02:02:00,Busy
D324,2023-10-05 03:17:00,Busy
D324,2023-10-05 05:01:00,Busy
D324,2023-10-05 06:16:00,Idle
D324,2023-10-05 07:24:00,Busy
D324,2023-10-05 09:06:00,Busy
D324,2023-10-05 09:25:00,Idle
D324,2023-10-05 11:12:00,Idle
D324,2023-10-05 12:07:00,Busy
D324,2023-10-05 12:57:00,Busy
D324,2023-10-05 13:48:00,Offline
D324,2023-10-06 05:48:00,Online
D324,2023-10-06 06:25:00,Busy
D324,2023-10-06 06:41:00,Busy
D324,2023-10-06 07:02:00,Busy
D324,2023-10-06 07:24:00,Busy
D324,2023-10-06 08:24:00,Busy
D324,2023-10-06 09:38:00,Busy
D324,2023-10-06 09:52:00,Offline
D324,2023-10-07 02:52:00,Online
D324,2023-10-07 04:37:00,Busy
D324,2023-10-07 06:11:00,Busy
D324,2023-10-07 07:19:00,Busy
D324,2023-10-07 07:51:00,Busy
D324,2023-10-07 09:21:00,Busy
D324,2023-10-07 10:23:00,Busy
D324,2023-10-07 10:57:00,Offline
D324,2023-10-08 03:57:00,Online
D324,2023-10-08 05:43:00,Busy
D324,2023-10-08 07:11:00,Busy
D324,2023-10-08 08:38:00,Idle
D324,2023-10-08 09:04:00,Busy
D324,2023-10-08 10:41:00,Idle
D324,2023-10-08 11:54:00,Busy
D324,2023-10-08 12:37:00,Busy
D324,2023-10-08 13:04:00,Offline
D324,2023-10-09 02:04:00,Online
D324,2023-10-09 03:06:00,Idle
D324,2023-10-09 03:44:00,Idle
D324,2023-10-09 05:33:00,Idle
D324,2023-10-09 06:01:00,Offline
D324,2023-10-09 19:01:00,Online
D324,2023-10-09 19:35:00,Busy
D324,2023-10-09 21:03:00,Busy
D324,2023-10-09 22:03:00,Idle
D324,2023-10-09 23:06:00,Idle
D324,2023-10-10 00:49:00,Busy
D324,2023-10-10 01:23:00,Idle
D324,2023-10-10 02:27:00,Busy
D324,2023-10-10 02:55:00,Offline
D324,2023-10-10 17:55:00,Online
D324,2023-10-10 18:19:00,Idle
D324,2023-10-10 19:48:00,Idle
D324,2023-10-10 20:35:00,Idle
D324,2023-10-10 22:03:00,Busy
D324,2023-10-10 23:09:00,Busy
D324,2023-10-11 00:39:00,Idle
D324,2023-10-11 01:36:00,Busy
D324,2023-10-11 01:59:00,Idle
D324,2023-10-11 02:12:00,Offline
D324,2023-10-11 23:12:00,Online
D324,2023-10-12 00:57:00,Idle
D324,2023-10-12 02:45:00,Busy
D324,2023-10-12 04:02:00,Idle
D324,2023-10-12 05:33:00,Idle
D324,2023-10-12 06:11:00,Idle
D324,2023-10-12 07:45:00,Idle
D324,2023-10-12 09:00:00,Idle
D324,2023-10-12 09:10:00,Offline
D324,2023-10-13 05:10:00,Online
D324,2023-10-13 05:27:00,Busy
D324,2023-10-13 05:54:00,Busy
D324,2023-10-13 06:24:00,Busy
D324,2023-10-13 07:59:00,Idle
D324,2023-10-13 08:34:00,Idle
D324,2023-10-13 08:52:00,Offline
D324,2023-10-14 07:52:00,Online
D324,2023-10-14 09:38:00,Idle
D324,2023-10-14 10:14:00,Busy
D324,2023-10-14 12:03:00,Idle
D324,2023-10-14 12:53:00,Busy
D324,2023-10-14 13:55:00,Idle
D324,2023-10-14 14:17:00,Busy
D324,2023-10-14 14:32:00,Idle
D324,2023-10-14 14:57:00,Idle
D324,2023-10-14 15:42:00,Offline
D324,2023-10-15 10:42:00,Online
D324,2023-10-15 12:04:00,Busy
D324,2023-10-15 12:52:00,Busy
D324,2023-10-15 13:45:00,Busy
D324,2023-10-15 14:14:00,Busy
D324,2023-10-15 14:58:00,Offline
D324,2023-10-16 02:58:00,Online
D324,2023-10-16 03:15:00,Busy
D324,2023-10-16 05:15:00,Busy
D324,2023-10-16 06:12:00,Busy
D324,2023-10-16 08:01:00,Busy
D324,2023-10-16 08:34:00,Busy
D324,2023-10-16 09:31:00,Idle
D324,2023-10-16 10:50:00,Busy
D324,2023-10-16 11:28:00,Offline
D324,2023-10-17 09:28:00,Online
D324,2023-10-17 10:50:00,Idle
D324,2023-10-17 11:16:00,Idle
D324,2023-10-17 12:27:00,Busy
D324,2023-10-17 14:13:00,Idle
D324,2023-10-17 15:39:00,Idle
D324,2023-10-17 17:29:00,Busy
D324,2023-10-17 18:03:00,Offline
D324,2023-10-18 12:03:00,Online
D324,2023-10-18 12:39:00,Idle
D324,2023-10-18 13:42:00,Busy
D324,2023-10-18 14:27:00,Busy
D324,2023-10-18 15:41:00,Busy
D324,2023-10-18 17:18:00,Idle
D324,2023-10-18 18:23:00,Busy
D324,2023-10-18 19:06:00,Offline
D325,2023-10-02 00:00:00,Online
D325,2023-10-02 01:12:00,Busy
D325,2023-10-02 01:57:00,Idle
D325,2023-10-02 02:15:00,Busy
D325,2023-10-02 02:43:00,Busy
D325,2023-10-02 03:01:00,Busy
D325,2023-10-02 03:22:00,Idle
D325,2023-10-02 04:04:00,Idle
D325,2023-10-02 05:18:00,Idle
D325,2023-10-02 05:41:00,Offline
D325,2023-10-03 00:41:00,Online
D325,2023-10-03 01:13:00,Busy
D325,2023-10-03 01:46:00,Busy
D325,2023-10-03 03:09:00,Idle
D325,2023-10-03 04:49:00,Busy
D325,2023-10-03 05:30:00,Idle
D325,2023-10-03 07:20:00,Busy
D325,2023-10-03 07:31:00,Offline
D325,2023-10-04 05:31:00,Online
D325,2023-10-04 06:42:00,Idle
D325,2023-10-04 07:13:00,Idle
D325,2023-10-04 08:33:00,Idle
D325,2023-10-04 10:17:00,Busy
D325,2023-10-04 10:53:00,Offline
D325,2023-10-05 00:53:00,Online
D325,2023-10-05 01:49:00,Idle
D325,2023-10-05 02:33:00,Busy
D325,2023-10-05 04:28:00,Idle
D325,2023-10-05 04:54:00,Idle
D325,2023-10-05 06:25:00,Idle
D325,2023-10-05 07:29:00,Idle
D325,2023-10-05 09:15:00,Idle
D325,2023-10-05 09:50:00,Busy
D325,2023-10-05 11:46:00,Idle
D325,2023-10-05 12:43:00,Offline
D325,2023-10-06 03:43:00,Online
D325,2023-10-06 04:36:00,Busy
D325,2023-10-06 05:56:00,Busy
D325,2023-10-06 07:19:00,Busy
D325,2023-10-06 09:03:00,Idle
D325,2023-10-06 09:56:00,Offline
D325,2023-10-07 03:56:00,Online
D325,2023-10-07 05:19:00,Busy
D325,2023-10-07 06:11:00,Idle
D325,2023-10-07 07:35:00,Idle
D325,2023-10-07 09:04:00,Busy
D325,2023-10-07 09:30:00,Idle
D325,2023-10-07 10:10:00,Idle
D325,2023-10-07 11:16:00,Busy
D325,2023-10-07 11:50:00,Busy
D325,2023-10-07 13:38:00,Idle
D325,2023-10-07 14:42:00,Idle
D325,2023-10-07 15:03:00,Offline
D325,2023-10-08 12:03:00,Online
D325,2023-10-08 13:22:00,Idle
D325,2023-10-08 14:30:00,Busy
D325,2023-10-08 15:48:00,Busy
D325,2023-10-08 16:56:00,Idle
D325,2023-10-08 18:51:00,Idle
D325,2023-10-08 19:12:00,Busy
D325,2023-10-08 19:56:00,Idle
D325,2023-10-08 20:37:00,Idle
D325,2023-10-08 21:01:00,Offline
D325,2023-10-09 11:01:00,Online
D325,2023-10-09 11:59:00,Busy
D325,2023-10-09 13:00:00,Idle
D325,2023-10-09 14:24:00,Idle
D325,2023-10-09 15:21:00,Idle
D325,2023-10-09 16:03:00,Busy
D325,2023-10-09 17:37:00,Idle
D325,2023-10-09 18:30:00,Offline
D325,2023-10-10 08:30:00,Online
D325,2023-10-10 09:14:00,Idle
D325,2023-10-10 10:41:00,Idle
D325,2023-10-10 12:11:00,Idle
D325,2023-10-10 12:28:00,Idle
D325,2023-10-10 13:26:00,Offline
D325,2023-10-11 03:26:00,Online
D325,2023-10-11 04:40:00,Busy
D325,2023-10-11 05:05:00,Idle
D325,2023-10-11 06:47:00,Busy
D325,2023-10-11 08:43:00,Busy
D325,2023-10-11 10:38:00,Idle
D325,2023-10-11 12:35:00,Busy
D325,2023-10-11 13:14:00,Idle
D325,2023-10-11 13:47:00,Busy
D325,2023-10-11 14:18:00,Idle
D325,2023-10-11 15:15:00,Busy
D325,2023-10-11 16:15:00,Offline
D327,2023-10-01 00:00:00,Online
D327,2023-10-01 00:18:00,Idle
D327,2023-10-01 01:21:00,Busy
D327,2023-10-01 03:06:00,Busy
D327,2023-10-01 03:44:00,Offline
D327,2023-10-02 01:44:00,Online
D327,2023-10-02 02:16:00,Idle
D327,2023-10-02 03:04:00,Idle
D327,2023-10-02 04:37:00,Busy
D327,2023-10-02 05:54:00,Busy
D327,2023-10-02 07:16:00,Busy
D327,2023-10-02 09:12:00,Idle
D327,2023-10-02 09:33:00,Busy
D327,2023-10-02 09:49:00,Offline
D327,2023-10-03 01:49:00,Online
D327,2023-10-03 03:48:00,Busy
D327,2023-10-03 05:32:00,Busy
D327,2023-10-03 07:09:00,Idle
D327,2023-10-03 08:27:00,Busy
D327,2023-10-03 08:47:00,Offline
D327,2023-10-03 21:47:00,Online
D327,2023-10-03 23:04:00,Idle
D327,2023-10-03 23:59:00,Idle
D327,2023-10-04 00:20:00,Idle
D327,2023-10-04 01:26:00,Busy
D327,2023-10-04 03:11:00,Idle
D327,2023-10-04 04:53:00,Idle
D327,2023-10-04 06:31:00,Idle
D327,2023-10-04 06:47:00,Idle
D327,2023-10-04 07:17:00,Busy
D327,2023-10-04 08:17:00,Offline
D327,2023-10-05 02:17:00,Online
D327,2023-10-05 02:47:00,Busy
D327,2023-10-05 03:54:00,Busy
D327,2023-10-05 04:45:00,Idle
D327,2023-10-05 06:27:00,Busy
D327,2023-10-05 07:03:00,Idle
D327,2023-10-05 07:41:00,Busy
D327,2023-10-05 09:28:00,Idle
D327,2023-10-05 10:01:00,Offline
D327,2023-10-06 06:01:00,Online
D327,2023-10-06 07:33:00,Idle
D327,2023-10-06 08:58:00,Idle
D327,2023-10-06 10:26:00,Busy
D327,2023-10-06 11:50:00,Busy
D327,2023-10-06 12:39:00,Offline
D327,2023-10-07 09:39:00,Online
D327,2023-10-07 11:25:00,Idle
D327,2023-10-07 11:55:00,Idle
D327,2023-10-07 13:04:00,Busy
D327,2023-10-07 14:58:00,Idle
D327,2023-10-07 15:10:00,Offline
D327,2023-10-08 08:10:00,Online
D327,2023-10-08 09:27:00,Idle
D327,2023-10-08 10:18:00,Busy
D327,2023-10-08 10:52:00,Busy
D327,2023-10-08 12:06:00,Idle
D327,2023-10-08 12:22:00,Idle
D327,2023-10-08 13:20:00,Offline
D327,2023-10-09 10:20:00,Online
D327,2023-10-09 11:04:00,Busy
D327,2023-10-09 11:19:00,Idle
D327,2023-10-09 12:50:00,Busy
D327,2023-10-09 14:09:00,Idle
D327,2023-10-09 14:55:00,Busy
D327,2023-10-09 16:15:00,Idle
D327,2023-10-09 17:35:00,Busy
D327,2023-10-09 17:59:00,Offline
D327,2023-10-10 13:59:00,Online
D327,2023-10-10 15:52:00,Busy
D327,2023-10-10 17:46:00,Idle
D327,2023-10-10 18:05:00,Busy
D327,2023-10-10 18:56:00,Busy
D327,2023-10-10 20:41:00,Busy
D327,2023-10-10 21:29:00,Idle
D327,2023-10-10 23:07:00,Busy
D327,2023-10-11 00:26:00,Idle
D327,2023-10-11 01:04:00,Offline
D327,2023-10-11 22:04:00,Online
D327,2023-10-11 23:37:00,Busy
D327,2023-10-12 01:21:00,Busy
D327,2023-10-12 03:07:00,Busy
D327,2023-10-12 05:05:00,Idle
D327,2023-10-12 05:22:00,Idle
D327,2023-10-12 07:13:00,Idle
D327,2023-10-12 08:03:00,Idle
D327,2023-10-12 09:47:00,Idle
D327,2023-10-12 10:15:00,Busy
D327,2023-10-12 10:43:00,Busy
D327,2023-10-12 10:53:00,Offline
D327,2023-10-13 05:53:00,Online
D327,2023-10-13 06:08:00,Busy
D327,2023-10-13 08:07:00,Idle
D327,2023-10-13 09:15:00,Idle
D327,2023-10-13 10:55:00,Idle
D327,2023-10-13 11:44:00,Busy
D327,2023-10-13 13:44:00,Idle
D327,2023-10-13 14:57:00,Idle
D327,2023-10-13 15:34:00,Busy
D327,2023-10-13 16:26:00,Offline
D327,2023-10-14 06:26:00,Online
D327,2023-10-14 07:56:00,Idle
D327,2023-10-14 08:15:00,Idle
D327,2023-10-14 09:09:00,Idle
D327,2023-10-14 10:17:00,Idle
D327,2023-10-14 11:12:00,Offline
D327,2023-10-15 03:12:00,Online
D327,2023-10-15 04:30:00,Busy
D327,2023-10-15 05:53:00,Idle
D327,2023-10-15 06:38:00,Idle
D327,2023-10-15 08:03:00,Busy
D327,2023-10-15 09:58:00,Idle
D327,2023-10-15 10:37:00,Idle
D327,2023-10-15 11:08:00,Idle
D327,2023-10-15 12:07:00,Idle
D327,2023-10-15 13:19:00,Idle
D327,2023-10-15 14:59:00,Idle
D327,2023-10-15 15:22:00,Offline
D327,2023-10-16 05:22:00,Online
D327,2023-10-16 06:06:00,Idle
D327,2023-10-16 07:13:00,Busy
D327,2023-10-16 08:36:00,Idle
D327,2023-10-16 10:33:00,Busy
D327,2023-10-16 10:51:00,Offline
D328,2023-10-04 00:00:00,Online
D328,2023-10-04 00:41:00,Idle
D328,2023-10-04 01:12:00,Idle
D328,2023-10-04 02:43:00,Idle
D328,2023-10-04 04:08:00,Idle
D328,2023-10-04 04:59:00,Idle
D328,2023-10-04 05:40:00,Offline
D328,2023-10-04 23:40:00,Online
D328,2023-10-05 00:36:00,Busy
D328,2023-10-05 01:06:00,Busy
D328,2023-10-05 02:44:00,Busy
D328,2023-10-05 03:17:00,Idle
D328,2023-10-05 04:41:00,Idle
D328,2023-10-05 05:34:00,Busy
D328,2023-10-05 07:30:00,Idle
D328,2023-10-05 07:54:00,Idle
D328,2023-10-05 08:23:00,Busy
D328,2023-10-05 09:06:00,Offline
D328,2023-10-06 05:06:00,Online
D328,2023-10-06 06:49:00,Idle
D328,2023-10-06 07:23:00,Busy
D328,2023-10-06 09:06:00,Idle
D328,2023-10-06 10:19:00,Idle
D328,2023-10-06 10:41:00,Busy
D328,2023-10-06 11:44:00,Idle
D328,2023-10-06 12:42:00,Offline
D328,2023-10-07 00:42:00,Online
D328,2023-10-07 01:31:00,Idle
D328,2023-10-07 03:28:00,Idle
D328,2023-10-07 04:37:00,Busy
D328,2023-10-07 05:01:00,Idle
D328,2023-10-07 05:34:00,Busy
D328,2023-10-07 06:01:00,Idle
D328,2023-10-07 07:29:00,Busy
D328,2023-10-07 08:22:00,Busy
D328,2023-10-07 08:38:00,Offline
D328,2023-10-08 06:38:00,Online
D328,2023-10-08 07:33:00,Idle
D328,2023-10-08 09:26:00,Idle
D328,2023-10-08 10:58:00,Idle
D328,2023-10-08 11:57:00,Offline
D328,2023-10-09 08:57:00,Online
D328,2023-10-09 09:37:00,Idle
D328,2023-10-09 10:01:00,Busy
D328,2023-10-09 11:36:00,Idle
D328,2023-10-09 12:52:00,Idle
D328,2023-10-09 13:38:00,Idle
D328,2023-10-09 14:35:00,Idle
D328,2023-10-09 16:30:00,Idle
D328,2023-10-09 17:02:00,Offline
D328,2023-10-10 09:02:00,Online
D328,2023-10-10 10:17:00,Busy
D328,2023-10-10 10:46:00,Idle
D328,2023-10-10 12:16:00,Idle
D328,2023-10-10 13:13:00,Idle
D328,2023-10-10 14:01:00,Idle
D328,2023-10-10 15:39:00,Busy
D328,2023-10-10 16:47:00,Busy
D328,2023-10-10 18:29:00,Busy
D328,2023-10-10 19:10:00,Idle
D328,2023-10-10 19:26:00,Busy
D328,2023-10-10 19:56:00,Offline
D328,2023-10-11 10:56:00,Online
D328,2023-10-11 11:39:00,Idle
D328,2023-10-11 12:35:00,Busy
D328,2023-10-11 13:28:00,Busy
D328,2023-10-11 14:13:00,Busy
D328,2023-10-11 15:06:00,Idle
D328,2023-10-11 15:29:00,Idle
D328,2023-10-11 16:11:00,Busy
D328,2023-10-11 16:37:00,Idle
D328,2023-10-11 18:17:00,Idle
D328,2023-10-11 19:42:00,Busy
D328,2023-10-11 20:28:00,Offline
D328,2023-10-12 17:28:00,Online
D328,2023-10-12 18:24:00,Busy
D328,2023-10-12 20:14:00,Idle
D328,2023-10-12 20:57:00,Busy
D328,2023-10-12 21:34:00,Offline
D328,2023-10-13 19:34:00,Online
D328,2023-10-13 19:58:00,Busy
D328,2023-10-13 20:48:00,Idle
D328,2023-10-13 21:35:00,Idle
D328,2023-10-13 22:26:00,Offline
D328,2023-10-14 21:26:00,Online
D328,2023-10-14 22:26:00,Busy
D328,2023-10-14 23:50:00,Idle
D328,2023-10-15 01:19:00,Idle
D328,2023-10-15 02:56:00,Busy
D328,2023-10-15 03:45:00,Offline
D328,2023-10-15 18:45:00,Online
D328,2023-10-15 20:11:00,Idle
D328,2023-10-15 20:35:00,Busy
D328,2023-10-15 22:33:00,Idle
D328,2023-10-16 00:26:00,Idle
D328,2023-10-16 01:24:00,Idle
D328,2023-10-16 03:23:00,Idle
D328,2023-10-16 04:27:00,Idle
D328,2023-10-16 06:23:00,Idle
D328,2023-10-16 06:40:00,Offline
D328,2023-10-16 18:40:00,Online
D328,2023-10-16 20:11:00,Idle
D328,2023-10-16 21:09:00,Idle
D328,2023-10-16 22:55:00,Idle
D328,2023-10-17 00:34:00,Busy
D328,2023-10-17 01:32:00,Busy
D328,2023-10-17 02:47:00,Idle
D328,2023-10-17 04:37:00,Idle
D328,2023-10-17 05:33:00,Busy
D328,2023-10-17 06:21:00,Offline
D329,2023-10-05 00:00:00,Online
D329,2023-10-05 01:19:00,Idle
D329,2023-10-05 02:56:00,Idle
D329,2023-10-05 04:10:00,Idle
D329,2023-10-05 04:47:00,Offline
D329,2023-10-05 20:47:00,Online
D329,2023-10-05 21:45:00,Busy
D329,2023-10-05 22:40:00,Idle
D329,2023-10-06 00:30:00,Idle
D329,2023-10-06 00:57:00,Offline
D329,2023-10-06 19:57:00,Online
D329,2023-10-06 20:29:00,Busy
D329,2023-10-06 22:12:00,Busy
D329,2023-10-06 22:45:00,Busy
D329,2023-10-07 00:33:00,Busy
D329,2023-10-07 01:17:00,Offline
D329,2023-10-07 14:17:00,Online
D329,2023-10-07 14:45:00,Busy
D329,2023-10-07 15:53:00,Idle
D329,2023-10-07 17:22:00,Idle
D329,2023-10-07 19:04:00,Busy
D329,2023-10-07 19:19:00,Idle
D329,2023-10-07 20:39:00,Busy
D329,2023-10-07 21:14:00,Idle
D329,2023-10-07 22:11:00,Busy
D329,2023-10-07 22:33:00,Busy
D329,2023-10-07 23:31:00,Busy
D329,2023-10-08 00:26:00,Offline
D329,2023-10-08 17:26:00,Online
D329,2023-10-08 18:12:00,Idle
D329,2023-10-08 18:27:00,Busy
D329,2023-10-08 20:11:00,Busy
D329,2023-10-08 21:24:00,Busy
D329,2023-10-08 22:04:00,Busy
D329,2023-10-08 23:12:00,Idle
D329,2023-10-08 23:59:00,Busy
D329,2023-10-09 00:50:00,Offline
D329,2023-10-09 17:50:00,Online
D329,2023-10-09 18:13:00,Idle
D329,2023-10-09 19:49:00,Busy
D329,2023-10-09 21:22:00,Idle
D329,2023-10-09 22:25:00,Busy
D329,2023-10-09 23:38:00,Busy
D329,2023-10-10 01:03:00,Idle
D329,2023-10-10 01:40:00,Busy
D329,2023-10-10 02:44:00,Busy
D329,2023-10-10 03:27:00,Idle
D329,2023-10-10 04:22:00,Offline
D329,2023-10-10 19:22:00,Online
D329,2023-10-10 20:37:00,Idle
D329,2023-10-10 21:04:00,Idle
D329,2023-10-10 21:20:00,Idle
D329,2023-10-10 23:08:00,Busy
D329,2023-10-10 23:57:00,Busy
D329,2023-10-11 00:15:00,Idle
D329,2023-10-11 01:19:00,Busy
D329,2023-10-11 03:09:00,Idle
D329,2023-10-11 03:33:00,Offline
D329,2023-10-12 01:33:00,Online
D329,2023-10-12 01:51:00,Idle
D329,2023-10-12 02:33:00,Idle
D329,2023-10-12 04:25:00,Busy
D329,2023-10-12 06:08:00,Idle
D329,2023-10-12 06:27:00,Idle
D329,2023-10-12 07:50:00,Idle
D329,2023-10-12 08:25:00,Busy
D329,2023-10-12 09:47:00,Busy
D329,2023-10-12 10:04:00,Idle
D329,2023-10-12 10:15:00,Offline
D329,2023-10-13 10:15:00,Online
D329,2023-10-13 12:07:00,Busy
D329,2023-10-13 13:35:00,Idle
D329,2023-10-13 14:58:00,Busy
D329,2023-10-13 15:47:00,Idle
D329,2023-10-13 16:43:00,Busy
D329,2023-10-13 18:13:00,Busy
D329,2023-10-13 19:20:00,Busy
D329,2023-10-13 20:50:00,Busy
D329,2023-10-13 21:19:00,Offline
D329,2023-10-14 10:19:00,Online
D329,2023-10-14 10:44:00,Busy
D329,2023-10-14 11:27:00,Busy
D329,2023-10-14 12:53:00,Idle
D329,2023-10-14 14:51:00,Busy
D329,2023-10-14 16:38:00,Busy
D329,2023-10-14 16:56:00,Idle
D329,2023-10-14 18:38:00,Busy
D329,2023-10-14 18:58:00,Idle
D329,2023-10-14 19:20:00,Offline
D330,2023-10-05 00:00:00,Online
D330,2023-10-05 01:45:00,Idle
D330,2023-10-05 03:16:00,Idle
D330,2023-10-05 05:13:00,Idle
D330,2023-10-05 05:38:00,Busy
D330,2023-10-05 07:16:00,Busy
D330,2023-10-05 07:48:00,Busy
D330,2023-10-05 09:12:00,Idle
D330,2023-10-05 09:53:00,Offline
D330,2023-10-05 23:53:00,Online
D330,2023-10-06 01:00:00,Busy
D330,2023-10-06 02:02:00,Idle
D330,2023-10-06 02:43:00,Busy
D330,2023-10-06 03:44:00,Idle
D330,2023-10-06 04:07:00,Busy
D330,2023-10-06 04:53:00,Idle
D330,2023-10-06 06:53:00,Busy
D330,2023-10-06 08:13:00,Idle
D330,2023-10-06 08:51:00,Idle
D330,2023-10-06 10:40:00,Idle
D330,2023-10-06 11:20:00,Offline
D330,2023-10-06 23:20:00,Online
D330,2023-10-07 00:08:00,Busy
D330,2023-10-07 00:25:00,Busy
D330,2023-10-07 00:58:00,Idle
D330,2023-10-07 02:40:00,Busy
D330,2023-10-07 04:26:00,Idle
D330,2023-10-07 05:01:00,Idle
D330,2023-10-07 05:48:00,Idle
D330,2023-10-07 06:41:00,Busy
D330,2023-10-07 07:38:00,Idle
D330,2023-10-07 08:17:00,Offline
D330,2023-10-08 02:17:00,Online
D330,2023-10-08 04:11:00,Idle
D330,2023-10-08 05:59:00,Busy
D330,2023-10-08 06:39:00,Idle
D330,2023-10-08 07:29:00,Offline
D330,2023-10-09 07:29:00,Online
D330,2023-10-09 09:27:00,Busy
D330,2023-10-09 11:25:00,Busy
D330,2023-10-09 12:47:00,Busy
D330,2023-10-09 14:16:00,Idle
D330,2023-10-09 14:56:00,Idle
D330,2023-10-09 15:29:00,Busy
D330,2023-10-09 16:08:00,Idle
D330,2023-10-09 16:45:00,Busy
D330,2023-10-09 17:07:00,Offline
D330,2023-10-10 13:07:00,Online
D330,2023-10-10 14:25:00,Idle
D330,2023-10-10 15:14:00,Idle
D330,2023-10-10 16:21:00,Busy
D330,2023-10-10 17:48:00,Busy
D330,2023-10-10 18:39:00,Idle
D330,2023-10-10 19:43:00,Busy
D330,2023-10-10 20:50:00,Busy
D330,2023-10-10 21:47:00,Busy
D330,2023-10-10 23:33:00,Idle
D330,2023-10-11 01:15:00,Busy
D330,2023-10-11 01:52:00,Offline
D330,2023-10-11 23:52:00,Online
D330,2023-10-12 01:43:00,Busy
D330,2023-10-12 02:03:00,Busy
D330,2023-10-12 03:06:00,Busy
D330,2023-10-12 04:21:00,Busy
D330,2023-10-12 06:17:00,Busy
D330,2023-10-12 07:43:00,Idle
D330,2023-10-12 08:24:00,Idle
D330,2023-10-12 09:46:00,Idle
D330,2023-10-12 10:22:00,Busy
D330,2023-10-12 11:09:00,Busy
D330,2023-10-12 11:46:00,Offline
D330,2023-10-13 04:46:00,Online
D330,2023-10-13 05:16:00,Idle
D330,2023-10-13 06:08:00,Idle
D330,2023-10-13 07:45:00,Busy
D330,2023-10-13 08:30:00,Busy
D330,2023-10-13 10:20:00,Busy
D330,2023-10-13 10:46:00,Idle
D330,2023-10-13 11:18:00,Offline
D331,2023-10-02 00:00:00,Online
D331,2023-10-02 00:30:00,Busy
D331,2023-10-02 01:13:00,Idle
D331,2023-10-02 02:03:00,Busy
D331,2023-10-02 03:27:00,Idle
D331,2023-10-02 04:09:00,Offline
D331,2023-10-02 19:09:00,Online
D331,2023-10-02 20:20:00,Idle
D331,2023-10-02 20:41:00,Busy
D331,2023-10-02 22:14:00,Idle
D331,2023-10-02 22:34:00,Busy
D331,2023-10-02 23:14:00,Busy
D331,2023-10-02 23:40:00,Offline
D331,2023-10-03 16:40:00,Online
D331,2023-10-03 17:03:00,Busy
D331,2023-10-03 18:59:00,Busy
D331,2023-10-03 20:59:00,Busy
D331,2023-10-03 21:31:00,Busy
D331,2023-10-03 22:25:00,Idle
D331,2023-10-03 23:08:00,Offline
D331,2023-10-04 23:08:00,Online
D331,2023-10-05 01:03:00,Busy
D331,2023-10-05 02:38:00,Idle
D331,2023-10-05 03:43:00,Idle
D331,2023-10-05 04:32:00,Idle
D331,2023-10-05 04:55:00,Idle
D331,2023-10-05 06:45:00,Idle
D331,2023-10-05 08:45:00,Busy
D331,2023-10-05 10:16:00,Busy
D331,2023-10-05 11:16:00,Offline
D331,2023-10-06 03:16:00,Online
D331,2023-10-06 03:43:00,Idle
D331,2023-10-06 04:52:00,Busy
D331,2023-10-06 05:10:00,Busy
D331,2023-10-06 05:51:00,Busy
D331,2023-10-06 06:13:00,Offline
D331,2023-10-07 00:13:00,Online
D331,2023-10-07 01:33:00,Busy
D331,2023-10-07 03:09:00,Idle
D331,2023-10-07 04:41:00,Busy
D331,2023-10-07 05:39:00,Busy
D331,2023-10-07 06:45:00,Busy
D331,2023-10-07 08:11:00,Busy
D331,2023-10-07 09:22:00,Busy
D331,2023-10-07 10:35:00,Idle
D331,2023-10-07 12:03:00,Busy
D331,2023-10-07 12:17:00,Offline
D331,2023-10-08 05:17:00,Online
D331,2023-10-08 06:16:00,Busy
D331,2023-10-08 07:07:00,Busy
D331,2023-10-08 07:43:00,Busy
D331,2023-10-08 08:34:00,Busy
D331,2023-10-08 09:51:00,Idle
D331,2023-10-08 11:23:00,Idle
D331,2023-10-08 11:39:00,Idle
D331,2023-10-08 12:54:00,Busy
D331,2023-10-08 13:54:00,Offline
D331,2023-10-09 06:54:00,Online
D331,2023-10-09 07:55:00,Idle
D331,2023-10-09 08:51:00,Busy
D331,2023-10-09 10:23:00,Idle
D331,2023-10-09 11:20:00,Idle
D331,2023-10-09 13:01:00,Idle
D331,2023-10-09 13:17:00,Idle
D331,2023-10-09 14:19:00,Idle
D331,2023-10-09 15:21:00,Busy
D331,2023-10-09 16:04:00,Offline
D332,2023-10-05 00:00:00,Online
D332,2023-10-05 00:21:00,Busy
D332,2023-10-05 00:54:00,Busy
D332,2023-10-05 02:15:00,Idle
D332,2023-10-05 02:42:00,Busy
D332,2023-10-05 03:35:00,Busy
D332,2023-10-05 05:08:00,Busy
D332,2023-10-05 06:10:00,Idle
D332,2023-10-05 07:06:00,Idle
D332,2023-10-05 07:54:00,Busy
D332,2023-10-05 08:04:00,Offline
D332,2023-10-06 08:04:00,Online
D332,2023-10-06 09:26:00,Busy
D332,2023-10-06 11:10:00,Busy
D332,2023-10-06 12:50:00,Idle
D332,2023-10-06 13:14:00,Idle
D332,2023-10-06 14:03:00,Busy
D332,2023-10-06 14:59:00,Offline
D332,2023-10-07 08:59:00,Online
D332,2023-10-07 10:44:00,Idle
D332,2023-10-07 12:10:00,Busy
D332,2023-10-07 12:58:00,Idle
D332,2023-10-07 14:48:00,Busy
D332,2023-10-07 15:08:00,Offline
D332,2023-10-08 10:08:00,Online
D332,2023-10-08 10:45:00,Idle
D332,2023-10-08 11:05:00,Idle
D332,2023-10-08 11:51:00,Idle
D332,2023-10-08 12:36:00,Idle
D332,2023-10-08 13:27:00,Busy
D332,2023-10-08 14:42:00,Idle
D332,2023-10-08 15:04:00,Idle
D332,2023-10-08 17:04:00,Busy
D332,2023-10-08 17:25:00,Busy
D332,2023-10-08 18:49:00,Idle
D332,2023-10-08 19:15:00,Offline
D332,2023-10-09 15:15:00,Online
D332,2023-10-09 17:11:00,Idle
D332,2023-10-09 17:26:00,Idle
D332,2023-10-09 18:17:00,Busy
D332,2023-10-09 18:37:00,Idle
D332,2023-10-09 20:11:00,Idle
D332,2023-10-09 20:44:00,Busy
D332,2023-10-09 21:30:00,Offline
D332,2023-10-10 17:30:00,Online
D332,2023-10-10 17:47:00,Busy
D332,2023-10-10 18:55:00,Idle
D332,2023-10-10 20:48:00,Busy
D332,2023-10-10 22:08:00,Busy
D332,2023-10-10 22:54:00,Idle
D332,2023-10-10 23:37:00,Offline
D332,2023-10-11 12:37:00,Online
D332,2023-10-11 14:32:00,Busy
D332,2023-10-11 16:05:00,Idle
D332,2023-10-11 16:50:00,Busy
D332,2023-10-11 18:12:00,Idle
D332,2023-10-11 19:13:00,Busy
D332,2023-10-11 20:20:00,Idle
D332,2023-10-11 20:51:00,Busy
D332,2023-10-11 21:32:00,Busy
D332,2023-10-11 23:16:00,Busy
D332,2023-10-12 00:06:00,Offline
D332,2023-10-12 22:06:00,Online
D332,2023-10-12 22:26:00,Busy
D332,2023-10-12 23:03:00,Busy
D332,2023-10-13 00:47:00,Idle
D332,2023-10-13 02:02:00,Busy
D332,2023-10-13 03:05:00,Idle
D332,2023-10-13 03:57:00,Idle
D332,2023-10-13 04:50:00,Offline
D333,2023-10-05 00:00:00,Online
D333,2023-10-05 01:12:00,Idle
D333,2023-10-05 01:32:00,Idle
D333,2023-10-05 03:16:00,Idle
D333,2023-10-05 04:05:00,Idle
D333,2023-10-05 05:30:00,Busy
D333,2023-10-05 07:03:00,Busy
D333,2023-10-05 07:54:00,Busy
D333,2023-10-05 09:47:00,Idle
D333,2023-10-05 10:28:00,Busy
D333,2023-10-05 12:11:00,Idle
D333,2023-10-05 12:39:00,Offline
D333,2023-10-06 10:39:00,Online
D333,2023-10-06 12:23:00,Busy
D333,2023-10-06 12:57:00,Busy
D333,2023-10-06 14:02:00,Busy
D333,2023-10-06 14:43:00,Idle
D333,2023-10-06 15:40:00,Busy
D333,2023-10-06 16:16:00,Busy
D333,2023-10-06 17:36:00,Idle
D333,2023-10-06 18:04:00,Busy
D333,2023-10-06 19:58:00,Busy
D333,2023-10-06 20:38:00,Offline
D333,2023-10-07 15:38:00,Online
D333,2023-10-07 17:15:00,Idle
D333,2023-10-07 18:03:00,Idle
D333,2023-10-07 18:51:00,Busy
D333,2023-10-07 20:18:00,Busy
D333,2023-10-07 20:33:00,Busy
D333,2023-10-07 21:24:00,Idle
D333,2023-10-07 22:58:00,Busy
D333,2023-10-08 00:31:00,Idle
D333,2023-10-08 01:40:00,Idle
D333,2023-10-08 02:01:00,Offline
D333,2023-10-08 23:01:00,Online
D333,2023-10-09 00:44:00,Busy
D333,2023-10-09 02:29:00,Busy
D333,2023-10-09 04:10:00,Busy
D333,2023-10-09 04:53:00,Busy
D333,2023-10-09 05:30:00,Idle
D333,2023-10-09 06:56:00,Busy
D333,2023-10-09 08:33:00,Busy
D333,2023-10-09 08:49:00,Busy
D333,2023-10-09 09:39:00,Busy
D333,2023-10-09 10:23:00,Offline
D333,2023-10-10 04:23:00,Online
D333,2023-10-10 05:01:00,Busy
D333,2023-10-10 05:22:00,Idle
D333,2023-10-10 06:59:00,Idle
D333,2023-10-10 07:46:00,Busy
D333,2023-10-10 09:22:00,Idle
D333,2023-10-10 10:30:00,Busy
D333,2023-10-10 12:00:00,Busy
D333,2023-10-10 13:35:00,Busy
D333,2023-10-10 14:04:00,Offline
D333,2023-10-11 06:04:00,Online
D333,2023-10-11 07:22:00,Idle
D333,2023-10-11 07:58:00,Busy
D333,2023-10-11 09:48:00,Busy
D333,2023-10-11 11:00:00,Busy
D333,2023-10-11 11:30:00,Busy
D333,2023-10-11 12:48:00,Busy
D333,2023-10-11 13:08:00,Busy
D333,2023-10-11 14:31:00,Busy
D333,2023-10-11 14:45:00,Offline
D333,2023-10-12 07:45:00,Online
D333,2023-10-12 08:39:00,Busy
D333,2023-10-12 09:15:00,Busy
D333,2023-10-12 09:32:00,Busy
D333,2023-10-12 10:34:00,Busy
D333,2023-10-12 11:57:00,Busy
D333,2023-10-12 13:22:00,Busy
D333,2023-10-12 13:51:00,Busy
D333,2023-10-12 15:45:00,Idle
D333,2023-10-12 15:58:00,Offline
D336,2023-10-04 00:00:00,Online
D336,2023-10-04 02:00:00,Idle
D336,2023-10-04 03:08:00,Busy
D336,2023-10-04 04:01:00,Busy
D336,2023-10-04 05:49:00,Busy
D336,2023-10-04 06:18:00,Idle
D336,2023-10-04 07:31:00,Idle
D336,2023-10-04 08:21:00,Offline
D336,2023-10-05 05:21:00,Online
D336,2023-10-05 07:03:00,Busy
D336,2023-10-05 07:47:00,Busy
D336,2023-10-05 08:26:00,Busy
D336,2023-10-05 09:41:00,Idle
D336,2023-10-05 10:29:00,Idle
D336,2023-10-05 11:34:00,Busy
D336,2023-10-05 13:05:00,Busy
D336,2023-10-05 14:41:00,Idle
D336,2023-10-05 15:02:00,Busy
D336,2023-10-05 16:03:00,Idle
D336,2023-10-05 16:17:00,Offline
D336,2023-10-06 11:17:00,Online
D336,2023-10-06 12:04:00,Idle
D336,2023-10-06 12:54:00,Idle
D336,2023-10-06 14:02:00,Busy
D336,2023-10-06 14:37:00,Offline
D336,2023-10-07 05:37:00,Online
D336,2023-10-07 07:36:00,Idle
D336,2023-10-07 08:47:00,Idle
D336,2023-10-07 10:47:00,Busy
D336,2023-10-07 11:03:00,Offline
D336,2023-10-08 05:03:00,Online
D336,2023-10-08 06:28:00,Idle
D336,2023-10-08 07:13:00,Idle
D336,2023-10-08 09:01:00,Idle
D336,2023-10-08 09:40:00,Busy
D336,2023-10-08 11:38:00,Idle
D336,2023-10-08 13:36:00,Busy
D336,2023-10-08 14:48:00,Busy
D336,2023-10-08 15:22:00,Offline
D336,2023-10-09 07:22:00,Online
D336,2023-10-09 09:15:00,Busy
D336,2023-10-09 10:28:00,Idle
D336,2023-10-09 12:22:00,Idle
D336,2023-10-09 14:12:00,Idle
D336,2023-10-09 14:35:00,Idle
D336,2023-10-09 16:35:00,Busy
D336,2023-10-09 16:59:00,Offline
D336,2023-10-10 16:59:00,Online
D336,2023-10-10 17:21:00,Idle
D336,2023-10-10 18:39:00,Idle
D336,2023-10-10 20:25:00,Idle
D336,2023-10-10 22:03:00,Busy
D336,2023-10-10 23:48:00,Idle
D336,2023-10-11 00:33:00,Offline
D336,2023-10-11 19:33:00,Online
D336,2023-10-11 20:35:00,Idle
D336,2023-10-11 22:28:00,Idle
D336,2023-10-11 22:48:00,Busy
D336,2023-10-11 23:09:00,Busy
D336,2023-10-12 00:52:00,Busy
D336,2023-10-12 01:50:00,Busy
D336,2023-10-12 03:00:00,Idle
D336,2023-10-12 04:24:00,Busy
D336,2023-10-12 04:53:00,Offline
D338,2023-10-03 00:00:00,Online
D338,2023-10-03 01:16:00,Busy
D338,2023-10-03 01:54:00,Idle
D338,2023-10-03 03:14:00,Busy
D338,2023-10-03 03:48:00,Idle
D338,2023-10-03 04:38:00,Offline
D338,2023-10-03 21:38:00,Online
D338,2023-10-03 21:59:00,Idle
D338,2023-10-03 23:01:00,Busy
D338,2023-10-03 23:45:00,Busy
D338,2023-10-04 00:47:00,Busy
D338,2023-10-04 01:38:00,Offline
D338,2023-10-05 00:38:00,Online
D338,2023-10-05 02:10:00,Idle
D338,2023-10-05 03:53:00,Idle
D338,2023-10-05 04:21:00,Idle
D338,2023-10-05 04:41:00,Idle
D338,2023-10-05 06:22:00,Idle
D338,2023-10-05 07:36:00,Idle
D338,2023-10-05 08:15:00,Offline
D338,2023-10-06 04:15:00,Online
D338,2023-10-06 05:49:00,Busy
D338,2023-10-06 06:58:00,Busy
D338,2023-10-06 07:39:00,Idle
D338,2023-10-06 08:06:00,Idle
D338,2023-10-06 09:28:00,Busy
D338,2023-10-06 10:05:00,Idle
D338,2023-10-06 10:56:00,Offline
D338,2023-10-06 22:56:00,Online
D338,2023-10-06 23:56:00,Idle
D338,2023-10-07 01:50:00,Idle
D338,2023-10-07 02:11:00,Busy
D338,2023-10-07 03:54:00,Busy
D338,2023-10-07 05:17:00,Busy
D338,2023-10-07 05:50:00,Offline
D338,2023-10-07 17:50:00,Online
D338,2023-10-07 18:33:00,Busy
D338,2023-10-07 19:03:00,Busy
D338,2023-10-07 19:35:00,Busy
D338,2023-10-07 20:02:00,Idle
D338,2023-10-07 21:53:00,Idle
D338,2023-10-07 22:47:00,Offline
D338,2023-10-08 19:47:00,Online
D338,2023-10-08 21:03:00,Idle
D338,2023-10-08 21:39:00,Idle
D338,2023-10-08 22:44:00,Busy
D338,2023-10-09 00:25:00,Idle
D338,2023-10-09 01:01:00,Idle
D338,2023-10-09 01:46:00,Busy
D338,2023-10-09 03:31:00,Busy
D338,2023-10-09 04:40:00,Busy
D338,2023-10-09 05:09:00,Busy
D338,2023-10-09 06:08:00,Offline
D338,2023-10-10 06:08:00,Online
D338,2023-10-10 08:05:00,Idle
D338,2023-10-10 09:47:00,Idle
D338,2023-10-10 11:15:00,Busy
D338,2023-10-10 11:40:00,Busy
D338,2023-10-10 12:03:00,Busy
D338,2023-10-10 12:24:00,Idle
D338,2023-10-10 13:03:00,Busy
D338,2023-10-10 14:07:00,Idle
D338,2023-10-10 14:22:00,Offline
D338,2023-10-11 06:22:00,Online
D338,2023-10-11 07:53:00,Busy
D338,2023-10-11 09:50:00,Idle
D338,2023-10-11 11:10:00,Idle
D338,2023-10-11 12:36:00,Busy
D338,2023-10-11 13:23:00,Offline
D341,2023-10-06 00:00:00,Online
D341,2023-10-06 00:18:00,Idle
D341,2023-10-06 00:38:00,Idle
D341,2023-10-06 01:49:00,Idle
D341,2023-10-06 02:09:00,Offline
D341,2023-10-06 22:09:00,Online
D341,2023-10-06 22:44:00,Idle
D341,2023-10-06 23:49:00,Busy
D341,2023-10-07 00:12:00,Busy
D341,2023-10-07 01:31:00,Idle
D341,2023-10-07 02:07:00,Busy
D341,2023-10-07 03:09:00,Idle
D341,2023-10-07 04:20:00,Busy
D341,2023-10-07 05:48:00,Busy
D341,2023-10-07 06:15:00,Offline
D341,2023-10-07 19:15:00,Online
D341,2023-10-07 21:12:00,Busy
D341,2023-10-07 22:49:00,Busy
D341,2023-10-07 23:58:00,Busy
D341,2023-10-08 00:53:00,Busy
D341,2023-10-08 01:25:00,Busy
D341,2023-10-08 02:54:00,Busy
D341,2023-10-08 04:29:00,Busy
D341,2023-10-08 06:15:00,Busy
D341,2023-10-08 06:51:00,Busy
D341,2023-10-08 08:48:00,Busy
D341,2023-10-08 09:19:00,Offline
D341,2023-10-09 03:19:00,Online
D341,2023-10-09 04:05:00,Busy
D341,2023-10-09 05:30:00,Idle
D341,2023-10-09 05:48:00,Idle
D341,2023-10-09 06:16:00,Busy
D341,2023-10-09 06:46:00,Idle
D341,2023-10-09 08:10:00,Busy
D341,2023-10-09 08:25:00,Busy
D341,2023-10-09 09:18:00,Offline
D341,2023-10-10 08:18:00,Online
D341,2023-10-10 09:31:00,Busy
D341,2023-10-10 11:11:00,Busy
D341,2023-10-10 12:50:00,Idle
D341,2023-10-10 13:09:00,Offline
D341,2023-10-11 11:09:00,Online
D341,2023-10-11 12:21:00,Idle
D341,2023-10-11 13:14:00,Busy
D341,2023-10-11 13:54:00,Idle
D341,2023-10-11 14:53:00,Busy
D341,2023-10-11 16:25:00,Busy
D341,2023-10-11 17:08:00,Busy
D341,2023-10-11 17:36:00,Idle
D341,2023-10-11 19:18:00,Idle
D341,2023-10-11 19:59:00,Idle
D341,2023-10-11 20:50:00,Offline
D341,2023-10-12 17:50:00,Online
D341,2023-10-12 18:08:00,Busy
D341,2023-10-12 18:51:00,Idle
D341,2023-10-12 19:37:00,Busy
D341,2023-10-12 20:40:00,Idle
D341,2023-10-12 21:13:00,Busy
D341,2023-10-12 22:53:00,Idle
D341,2023-10-12 23:12:00,Offline
D341,2023-10-13 15:12:00,Online
D341,2023-10-13 16:03:00,Busy
D341,2023-10-13 17:31:00,Idle
D341,2023-10-13 17:57:00,Idle
D341,2023-10-13 19:43:00,Idle
D341,2023-10-13 20:23:00,Offline
D341,2023-10-14 12:23:00,Online
D341,2023-10-14 13:30:00,Busy
D341,2023-10-14 14:19:00,Idle
D341,2023-10-14 16:12:00,Idle
D341,2023-10-14 17:45:00,Busy
D341,2023-10-14 18:09:00,Idle
D341,2023-10-14 19:13:00,Busy
D341,2023-10-14 20:22:00,Busy
D341,2023-10-14 21:04:00,Busy
D341,2023-10-14 21:20:00,Idle
D341,2023-10-14 22:03:00,Idle
D341,2023-10-14 22:20:00,Offline
D341,2023-10-15 22:20:00,Online
D341,2023-10-15 23:13:00,Idle
D341,2023-10-15 23:36:00,Busy
D341,2023-10-16 00:39:00,Idle
D341,2023-10-16 01:04:00,Idle
D341,2023-10-16 02:18:00,Busy
D341,2023-10-16 03:38:00,Idle
D341,2023-10-16 05:04:00,Busy
D341,2023-10-16 06:41:00,Busy
D341,2023-10-16 07:09:00,Busy
D341,2023-10-16 08:33:00,Idle
D341,2023-10-16 09:02:00,Offline
D342,2023-10-02 00:00:00,Online
D342,2023-10-02 01:25:00,Busy
D342,2023-10-02 01:58:00,Idle
D342,2023-10-02 02:53:00,Busy
D342,2023-10-02 03:52:00,Idle
D342,2023-10-02 04:39:00,Idle
D342,2023-10-02 05:59:00,Idle
D342,2023-10-02 07:03:00,Busy
D342,2023-10-02 08:27:00,Busy
D342,2023-10-02 10:19:00,Busy
D342,2023-10-02 12:05:00,Idle
D342,2023-10-02 12:23:00,Offline
D342,2023-10-03 09:23:00,Online
D342,2023-10-03 09:58:00,Busy
D342,2023-10-03 10:17:00,Idle
D342,2023-10-03 10:39:00,Idle
D342,2023-10-03 11:57:00,Idle
D342,2023-10-03 13:35:00,Busy
D342,2023-10-03 14:22:00,Offline
D342,2023-10-04 13:22:00,Online
D342,2023-10-04 15:21:00,Busy
D342,2023-10-04 16:19:00,Idle
D342,2023-10-04 16:46:00,Busy
D342,2023-10-04 17:51:00,Busy
D342,2023-10-04 18:17:00,Idle
D342,2023-10-04 19:17:00,Busy
D342,2023-10-04 20:30:00,Busy
D342,2023-10-04 21:22:00,Busy
D342,2023-10-04 22:41:00,Busy
D342,2023-10-04 23:13:00,Offline
D342,2023-10-05 11:13:00,Online
D342,2023-10-05 11:47:00,Idle
D342,2023-10-05 12:19:00,Idle
D342,2023-10-05 12:56:00,Busy
D342,2023-10-05 13:49:00,Idle
D342,2023-10-05 14:04:00,Offline
D342,2023-10-06 09:04:00,Online
D342,2023-10-06 10:14:00,Busy
D342,2023-10-06 12:04:00,Idle
D342,2023-10-06 13:36:00,Busy
D342,2023-10-06 14:40:00,Idle
D342,2023-10-06 14:52:00,Offline
D342,2023-10-07 08:52:00,Online
D342,2023-10-07 10:25:00,Busy
D342,2023-10-07 11:57:00,Idle
D342,2023-10-07 13:28:00,Idle
D342,2023-10-07 14:37:00,Idle
D342,2023-10-07 15:27:00,Idle
D342,2023-10-07 16:48:00,Idle
D342,2023-10-07 17:31:00,Idle
D342,2023-10-07 18:46:00,Busy
D342,2023-10-07 19:39:00,Busy
D342,2023-10-07 20:15:00,Offline
D342,2023-10-08 18:15:00,Online
D342,2023-10-08 19:11:00,Busy
D342,2023-10-08 20:35:00,Idle
D342,2023-10-08 21:17:00,Idle
D342,2023-10-08 22:47:00,Busy
D342,2023-10-08 23:33:00,Busy
D342,2023-10-09 01:30:00,Idle
D342,2023-10-09 02:47:00,Idle
D342,2023-10-09 03:18:00,Offline
D342,2023-10-10 00:18:00,Online
D342,2023-10-10 00:44:00,Busy
D342,2023-10-10 01:13:00,Busy
D342,2023-10-10 02:03:00,Busy
D342,2023-10-10 02:46:00,Busy
D342,2023-10-10 04:30:00,Busy
D342,2023-10-10 05:11:00,Idle
D342,2023-10-10 05:37:00,Busy
D342,2023-10-10 06:47:00,Idle
D342,2023-10-10 08:19:00,Idle
D342,2023-10-10 09:18:00,Busy
D342,2023-10-10 10:17:00,Offline
D342,2023-10-11 03:17:00,Online
D342,2023-10-11 04:35:00,Busy
D342,2023-10-11 05:35:00,Idle
D342,2023-10-11 07:04:00,Idle
D342,2023-10-11 08:48:00,Idle
D342,2023-10-11 09:59:00,Busy
D342,2023-10-11 11:42:00,Busy
D342,2023-10-11 12:36:00,Offline
D342,2023-10-12 10:36:00,Online
D342,2023-10-12 11:09:00,Busy
D342,2023-10-12 11:44:00,Busy
D342,2023-10-12 12:09:00,Idle
D342,2023-10-12 12:43:00,Idle
D342,2023-10-12 13:20:00,Offline
D343,2023-10-06 00:00:00,Online
D343,2023-10-06 01:12:00,Idle
D343,2023-10-06 03:09:00,Busy
D343,2023-10-06 04:49:00,Busy
D343,2023-10-06 05:25:00,Busy
D343,2023-10-06 06:14:00,Idle
D343,2023-10-06 07:54:00,Busy
D343,2023-10-06 08:18:00,Offline
D343,2023-10-06 21:18:00,Online
D343,2023-10-06 22:58:00,Idle
D343,2023-10-06 23:41:00,Busy
D343,2023-10-07 01:00:00,Idle
D343,2023-10-07 02:39:00,Busy
D343,2023-10-07 03:52:00,Idle
D343,2023-10-07 05:41:00,Busy
D343,2023-10-07 07:16:00,Busy
D343,2023-10-07 07:27:00,Offline
D343,2023-10-07 20:27:00,Online
D343,2023-10-07 22:15:00,Idle
D343,2023-10-07 23:40:00,Idle
D343,2023-10-08 00:34:00,Busy
D343,2023-10-08 01:27:00,Idle
D343,2023-10-08 02:41:00,Busy
D343,2023-10-08 04:14:00,Idle
D343,2023-10-08 05:37:00,Idle
D343,2023-10-08 07:31:00,Busy
D343,2023-10-08 08:12:00,Offline
D343,2023-10-09 08:12:00,Online
D343,2023-10-09 09:40:00,Idle
D343,2023-10-09 10:34:00,Idle
D343,2023-10-09 11:03:00,Busy
D343,2023-10-09 12:06:00,Idle
D343,2023-10-09 12:25:00,Busy
D343,2023-10-09 13:21:00,Busy
D343,2023-10-09 13:39:00,Offline
D343,2023-10-10 07:39:00,Online
D343,2023-10-10 09:09:00,Busy
D343,2023-10-10 10:19:00,Idle
D343,2023-10-10 11:07:00,Idle
D343,2023-10-10 12:07:00,Offline
D343,2023-10-11 01:07:00,Online
D343,2023-10-11 01:35:00,Idle
D343,2023-10-11 02:09:00,Idle
D343,2023-10-11 02:52:00,Busy
D343,2023-10-11 04:13:00,Busy
D343,2023-10-11 05:47:00,Busy
D343,2023-10-11 06:58:00,Idle
D343,2023-10-11 08:27:00,Idle
D343,2023-10-11 08:43:00,Idle
D343,2023-10-11 09:16:00,Busy
D343,2023-10-11 10:15:00,Idle
D343,2023-10-11 10:58:00,Offline
D343,2023-10-11 22:58:00,Online
D343,2023-10-11 23:39:00,Busy
D343,2023-10-12 01:06:00,Idle
D343,2023-10-12 02:07:00,Idle
D343,2023-10-12 03:52:00,Idle
D343,2023-10-12 05:13:00,Busy
D343,2023-10-12 05:34:00,Idle
D343,2023-10-12 05:56:00,Idle
D343,2023-10-12 06:11:00,Idle
D343,2023-10-12 06:27:00,Offline
D343,2023-10-13 05:27:00,Online
D343,2023-10-13 06:42:00,Busy
D343,2023-10-13 07:21:00,Busy
D343,2023-10-13 07:46:00,Idle
D343,2023-10-13 08:20:00,Offline
D343,2023-10-14 06:20:00,Online
D343,2023-10-14 07:09:00,Idle
D343,2023-10-14 08:06:00,Idle
D343,2023-10-14 09:01:00,Busy
D343,2023-10-14 10:19:00,Idle
D343,2023-10-14 10:48:00,Idle
D343,2023-10-14 11:19:00,Busy
D343,2023-10-14 12:49:00,Busy
D343,2023-10-14 13:57:00,Idle
D343,2023-10-14 15:41:00,Idle
D343,2023-10-14 16:06:00,Offline
D343,2023-10-15 15:06:00,Online
D343,2023-10-15 16:14:00,Idle
D343,2023-10-15 16:42:00,Busy
D343,2023-10-15 17:07:00,Idle
D343,2023-10-15 17:49:00,Offline
D343,2023-10-16 12:49:00,Online
D343,2023-10-16 14:17:00,Idle
D343,2023-10-16 15:45:00,Idle
D343,2023-10-16 17:28:00,Busy
D343,2023-10-16 17:46:00,Idle
D343,2023-10-16 18:39:00,Idle
D343,2023-10-16 19:04:00,Busy
D343,2023-10-16 19:16:00,Offline
D344,2023-10-04 00:00:00,Online
D344,2023-10-04 01:53:00,Busy
D344,2023-10-04 03:21:00,Busy
D344,2023-10-04 04:28:00,Busy
D344,2023-10-04 05:14:00,Offline
D344,2023-10-04 17:14:00,Online
D344,2023-10-04 18:31:00,Idle
D344,2023-10-04 20:10:00,Idle
D344,2023-10-04 21:39:00,Idle
D344,2023-10-04 22:07:00,Idle
D344,2023-10-04 23:05:00,Idle
D344,2023-10-05 01:01:00,Idle
D344,2023-10-05 01:53:00,Idle
D344,2023-10-05 02:16:00,Offline
D344,2023-10-06 02:16:00,Online
D344,2023-10-06 02:42:00,Busy
D344,2023-10-06 03:26:00,Idle
D344,2023-10-06 04:02:00,Busy
D344,2023-10-06 04:47:00,Idle
D344,2023-10-06 05:25:00,Busy
D344,2023-10-06 05:43:00,Offline
D344,2023-10-06 17:43:00,Online
D344,2023-10-06 19:17:00,Busy
D344,2023-10-06 20:43:00,Idle
D344,2023-10-06 21:36:00,Idle
D344,2023-10-06 22:05:00,Idle
D344,2023-10-06 23:11:00,Busy
D344,2023-10-06 23:23:00,Offline
D344,2023-10-07 21:23:00,Online
D344,2023-10-07 22:01:00,Busy
D344,2023-10-07 22:47:00,Idle
D344,2023-10-07 23:25:00,Idle
D344,2023-10-07 23:57:00,Offline
D344,2023-10-08 15:57:00,Online
D344,2023-10-08 17:05:00,Idle
D344,2023-10-08 18:44:00,Busy
D344,2023-10-08 19:02:00,Idle
D344,2023-10-08 19:53:00,Busy
D344,2023-10-08 20:26:00,Idle
D344,2023-10-08 21:01:00,Busy
D344,2023-10-08 22:33:00,Idle
D344,2023-10-08 22:55:00,Idle
D344,2023-10-09 00:21:00,Busy
D344,2023-10-09 01:13:00,Idle
D344,2023-10-09 01:56:00,Offline
D344,2023-10-09 16:56:00,Online
D344,2023-10-09 17:19:00,Idle
D344,2023-10-09 19:18:00,Idle
D344,2023-10-09 19:48:00,Idle
D344,2023-10-09 20:39:00,Offline
D344,2023-10-10 19:39:00,Online
D344,2023-10-10 20:51:00,Busy
D344,2023-10-10 22:10:00,Idle
D344,2023-10-10 23:09:00,Busy
D344,2023-10-10 23:20:00,Offline
D344,2023-10-11 19:20:00,Online
D344,2023-10-11 21:07:00,Idle
D344,2023-10-11 22:57:00,Busy
D344,2023-10-12 00:47:00,Busy
D344,2023-10-12 02:43:00,Idle
D344,2023-10-12 03:18:00,Busy
D344,2023-10-12 04:36:00,Idle
D344,2023-10-12 05:20:00,Busy
D344,2023-10-12 06:56:00,Busy
D344,2023-10-12 07:40:00,Offline
D345,2023-10-06 00:00:00,Online
D345,2023-10-06 01:30:00,Idle
D345,2023-10-06 03:15:00,Busy
D345,2023-10-06 05:00:00,Idle
D345,2023-10-06 06:51:00,Busy
D345,2023-10-06 07:49:00,Busy
D345,2023-10-06 09:15:00,Idle
D345,2023-10-06 10:42:00,Busy
D345,2023-10-06 10:58:00,Idle
D345,2023-10-06 11:32:00,Offline
D345,2023-10-07 04:32:00,Online
D345,2023-10-07 06:11:00,Idle
D345,2023-10-07 07:18:00,Busy
D345,2023-10-07 07:57:00,Busy
D345,2023-10-07 09:45:00,Idle
D345,2023-10-07 11:15:00,Busy
D345,2023-10-07 11:36:00,Busy
D345,2023-10-07 11:53:00,Idle
D345,2023-10-07 12:39:00,Idle
D345,2023-10-07 13:26:00,Offline
D345,2023-10-08 12:26:00,Online
D345,2023-10-08 14:10:00,Busy
D345,2023-10-08 15:21:00,Busy
D345,2023-10-08 16:32:00,Busy
D345,2023-10-08 17:24:00,Idle
D345,2023-10-08 18:58:00,Busy
D345,2023-10-08 19:51:00,Offline
D345,2023-10-09 18:51:00,Online
D345,2023-10-09 19:36:00,Idle
D345,2023-10-09 20:14:00,Idle
D345,2023-10-09 20:31:00,Idle
D345,2023-10-09 21:20:00,Idle
D345,2023-10-09 22:13:00,Busy
D345,2023-10-09 23:13:00,Idle
D345,2023-10-10 01:09:00,Idle
D345,2023-10-10 01:58:00,Busy
D345,2023-10-10 02:18:00,Offline
D345,2023-10-10 19:18:00,Online
D345,2023-10-10 20:42:00,Busy
D345,2023-10-10 21:37:00,Idle
D345,2023-10-10 23:36:00,Busy
D345,2023-10-11 00:36:00,Idle
D345,2023-10-11 01:55:00,Idle
D345,2023-10-11 03:20:00,Idle
D345,2023-10-11 03:51:00,Offline
D345,2023-10-11 19:51:00,Online
D345,2023-10-11 21:37:00,Idle
D345,2023-10-11 23:37:00,Idle
D345,2023-10-12 00:18:00,Idle
D345,2023-10-12 00:43:00,Busy
D345,2023-10-12 02:00:00,Busy
D345,2023-10-12 02:50:00,Idle
D345,2023-10-12 04:35:00,Idle
D345,2023-10-12 05:52:00,Idle
D345,2023-10-12 06:51:00,Offline
D345,2023-10-12 20:51:00,Online
D345,2023-10-12 21:09:00,Busy
D345,2023-10-12 22:30:00,Busy
D345,2023-10-12 22:58:00,Busy
D345,2023-10-12 23:37:00,Idle
D345,2023-10-13 01:04:00,Busy
D345,2023-10-13 01:33:00,Busy
D345,2023-10-13 02:29:00,Busy
D345,2023-10-13 02:48:00,Offline
D346,2023-10-02 00:00:00,Online
D346,2023-10-02 01:15:00,Idle
D346,2023-10-02 02:35:00,Busy
D346,2023-10-02 04:19:00,Busy
D346,2023-10-02 04:51:00,Idle
D346,2023-10-02 06:43:00,Idle
D346,2023-10-02 07:00:00,Offline
D346,2023-10-02 23:00:00,Online
D346,2023-10-03 00:14:00,Busy
D346,2023-10-03 01:35:00,Busy
D346,2023-10-03 02:23:00,Busy
D346,2023-10-03 02:50:00,Idle
D346,2023-10-03 03:13:00,Idle
D346,2023-10-03 04:32:00,Busy
D346,2023-10-03 05:36:00,Busy
D346,2023-10-03 06:09:00,Idle
D346,2023-10-03 06:26:00,Busy
D346,2023-10-03 08:10:00,Busy
D346,2023-10-03 08:55:00,Offline
D346,2023-10-04 03:55:00,Online
D346,2023-10-04 05:41:00,Busy
D346,2023-10-04 06:11:00,Busy
D346,2023-10-04 08:06:00,Idle
D346,2023-10-04 09:20:00,Busy
D346,2023-10-04 10:59:00,Idle
D346,2023-10-04 11:35:00,Offline
D346,2023-10-05 02:35:00,Online
D346,2023-10-05 04:23:00,Idle
D346,2023-10-05 04:50:00,Idle
D346,2023-10-05 05:55:00,Busy
D346,2023-10-05 06:35:00,Busy
D346,2023-10-05 07:19:00,Busy
D346,2023-10-05 08:14:00,Busy
D346,2023-10-05 09:53:00,Idle
D346,2023-10-05 11:41:00,Busy
D346,2023-10-05 11:59:00,Idle
D346,2023-10-05 12:14:00,Offline
D346,2023-10-06 10:14:00,Online
D346,2023-10-06 11:41:00,Idle
D346,2023-10-06 12:02:00,Busy
D346,2023-10-06 13:46:00,Idle
D346,2023-10-06 13:58:00,Offline
D346,2023-10-07 10:58:00,Online
D346,2023-10-07 12:15:00,Busy
D346,2023-10-07 13:43:00,Idle
D346,2023-10-07 15:43:00,Idle
D346,2023-10-07 16:44:00,Idle
D346,2023-10-07 17:54:00,Busy
D346,2023-10-07 18:52:00,Busy
D346,2023-10-07 20:04:00,Busy
D346,2023-10-07 21:11:00,Idle
D346,2023-10-07 21:57:00,Idle
D346,2023-10-07 22:38:00,Offline
D347,2023-10-06 00:00:00,Online
D347,2023-10-06 01:50:00,Busy
D347,2023-10-06 02:35:00,Idle
D347,2023-10-06 03:28:00,Busy
D347,2023-10-06 05:24:00,Idle
D347,2023-10-06 06:19:00,Busy
D347,2023-10-06 07:54:00,Busy
D347,2023-10-06 08:33:00,Offline
D347,2023-10-07 01:33:00,Online
D347,2023-10-07 02:28:00,Idle
D347,2023-10-07 03:45:00,Busy
D347,2023-10-07 05:18:00,Busy
D347,2023-10-07 07:00:00,Busy
D347,2023-10-07 08:50:00,Idle
D347,2023-10-07 09:07:00,Busy
D347,2023-10-07 09:36:00,Busy
D347,2023-10-07 11:03:00,Idle
D347,2023-10-07 11:20:00,Offline
D347,2023-10-08 08:20:00,Online
D347,2023-10-08 09:17:00,Busy
D347,2023-10-08 10:39:00,Busy
D347,2023-10-08 12:35:00,Busy
D347,2023-10-08 14:26:00,Busy
D347,2023-10-08 16:19:00,Idle
D347,2023-10-08 17:25:00,Busy
D347,2023-10-08 18:51:00,Idle
D347,2023-10-08 19:11:00,Idle
D347,2023-10-08 19:31:00,Offline
D347,2023-10-09 07:31:00,Online
D347,2023-10-09 08:04:00,Idle
D347,2023-10-09 09:02:00,Busy
D347,2023-10-09 10:30:00,Idle
D347,2023-10-09 11:43:00,Busy
D347,2023-10-09 12:21:00,Busy
D347,2023-10-09 13:04:00,Idle
D347,2023-10-09 13:53:00,Idle
D347,2023-10-09 14:14:00,Idle
D347,2023-10-09 15:41:00,Busy
D347,2023-10-09 15:58:00,Offline
D347,2023-10-10 13:58:00,Online
D347,2023-10-10 14:52:00,Idle
D347,2023-10-10 16:48:00,Idle
D347,2023-10-10 18:46:00,Idle
D347,2023-10-10 19:21:00,Idle
D347,2023-10-10 19:48:00,Offline
D347,2023-10-11 07:48:00,Online
D347,2023-10-11 09:22:00,Idle
D347,2023-10-11 10:54:00,Idle
D347,2023-10-11 12:12:00,Busy
D347,2023-10-11 14:07:00,Busy
D347,2023-10-11 14:28:00,Busy
D347,2023-10-11 14:54:00,Offline
D347,2023-10-12 11:54:00,Online
D347,2023-10-12 12:49:00,Idle
D347,2023-10-12 13:53:00,Busy
D347,2023-10-12 15:17:00,Idle
D347,2023-10-12 17:07:00,Idle
D347,2023-10-12 17:51:00,Busy
D347,2023-10-12 19:34:00,Idle
D347,2023-10-12 20:52:00,Busy
D347,2023-10-12 21:15:00,Busy
D347,2023-10-12 22:26:00,Idle
D347,2023-10-12 23:18:00,Offline
D347,2023-10-13 22:18:00,Online
D347,2023-10-13 22:54:00,Idle
D347,2023-10-13 23:42:00,Idle
D347,2023-10-14 00:57:00,Idle
D347,2023-10-14 02:37:00,Busy
D347,2023-10-14 04:34:00,Busy
D347,2023-10-14 05:54:00,Idle
D347,2023-10-14 07:17:00,Busy
D347,2023-10-14 08:13:00,Offline
D347,2023-10-15 04:13:00,Online
D347,2023-10-15 05:46:00,Busy
D347,2023-10-15 07:44:00,Idle
D347,2023-10-15 08:58:00,Busy
D347,2023-10-15 09:28:00,Offline
D347,2023-10-16 02:28:00,Online
D347,2023-10-16 02:50:00,Busy
D347,2023-10-16 04:27:00,Idle
D347,2023-10-16 05:11:00,Idle
D347,2023-10-16 06:23:00,Idle
D347,2023-10-16 07:30:00,Busy
D347,2023-10-16 09:00:00,Busy
D347,2023-10-16 09:49:00,Busy
D347,2023-10-16 10:11:00,Offline
D348,2023-10-06 00:00:00,Online
D348,2023-10-06 00:52:00,Idle
D348,2023-10-06 01:40:00,Busy
D348,2023-10-06 02:08:00,Idle
D348,2023-10-06 03:57:00,Idle
D348,2023-10-06 04:55:00,Idle
D348,2023-10-06 05:37:00,Idle
D348,2023-10-06 06:10:00,Busy
D348,2023-10-06 06:31:00,Busy
D348,2023-10-06 07:17:00,Offline
D348,2023-10-07 03:17:00,Online
D348,2023-10-07 04:13:00,Busy
D348,2023-10-07 05:23:00,Idle
D348,2023-10-07 06:47:00,Busy
D348,2023-10-07 08:27:00,Idle
D348,2023-10-07 10:15:00,Busy
D348,2023-10-07 10:33:00,Idle
D348,2023-10-07 11:07:00,Offline
D348,2023-10-08 11:07:00,Online
D348,2023-10-08 12:28:00,Busy
D348,2023-10-08 13:18:00,Idle
D348,2023-10-08 14:34:00,Idle
D348,2023-10-08 14:55:00,Offline
D348,2023-10-09 09:55:00,Online
D348,2023-10-09 11:14:00,Idle
D348,2023-10-09 12:15:00,Idle
D348,2023-10-09 12:58:00,Busy
D348,2023-10-09 13:54:00,Busy
D348,2023-10-09 14:49:00,Idle
D348,2023-10-09 16:20:00,Busy
D348,2023-10-09 17:58:00,Idle
D348,2023-10-09 19:05:00,Busy
D348,2023-10-09 20:09:00,Busy
D348,2023-10-09 20:31:00,Idle
D348,2023-10-09 20:51:00,Offline
D348,2023-10-10 20:51:00,Online
D348,2023-10-10 21:21:00,Idle
D348,2023-10-10 22:58:00,Idle
D348,2023-10-11 00:22:00,Idle
D348,2023-10-11 01:16:00,Idle
D348,2023-10-11 03:02:00,Idle
D348,2023-10-11 04:49:00,Idle
D348,2023-10-11 05:29:00,Offline
D348,2023-10-12 05:29:00,Online
D348,2023-10-12 06:19:00,Idle
D348,2023-10-12 07:13:00,Idle
D348,2023-10-12 08:57:00,Idle
D348,2023-10-12 09:53:00,Busy
D348,2023-10-12 10:17:00,Busy
D348,2023-10-12 11:48:00,Busy
D348,2023-10-12 12:28:00,Busy
D348,2023-10-12 13:44:00,Idle
D348,2023-10-12 14:23:00,Busy
D348,2023-10-12 14:47:00,Offline
D348,2023-10-13 14:47:00,Online
D348,2023-10-13 16:41:00,Idle
D348,2023-10-13 18:23:00,Idle
D348,2023-10-13 18:47:00,Busy
D348,2023-10-13 20:11:00,Busy
D348,2023-10-13 21:19:00,Busy
D348,2023-10-13 23:17:00,Busy
D348,2023-10-14 01:17:00,Idle
D348,2023-10-14 02:06:00,Offline
D348,2023-10-14 16:06:00,Online
D348,2023-10-14 17:53:00,Idle
D348,2023-10-14 19:06:00,Busy
D348,2023-10-14 19:33:00,Busy
D348,2023-10-14 20:15:00,Idle
D348,2023-10-14 21:59:00,Idle
D348,2023-10-14 23:48:00,Idle
D348,2023-10-15 00:04:00,Offline
D348,2023-10-15 22:04:00,Online
D348,2023-10-15 22:54:00,Busy
D348,2023-10-15 23:46:00,Busy
D348,2023-10-16 00:38:00,Idle
D348,2023-10-16 02:10:00,Busy
D348,2023-10-16 02:21:00,Offline
D348,2023-10-16 16:21:00,Online
D348,2023-10-16 17:21:00,Idle
D348,2023-10-16 18:24:00,Idle
D348,2023-10-16 19:59:00,Busy
D348,2023-10-16 20:20:00,Offline
D348,2023-10-17 15:20:00,Online
D348,2023-10-17 16:52:00,Idle
D348,2023-10-17 18:09:00,Idle
D348,2023-10-17 19:17:00,Idle
D348,2023-10-17 21:15:00,Busy
D348,2023-10-17 22:47:00,Idle
D348,2023-10-17 23:50:00,Busy
D348,2023-10-18 00:14:00,Idle
D348,2023-10-18 01:52:00,Busy
D348,2023-10-18 02:03:00,Offline
D348,2023-10-18 14:03:00,Online
D348,2023-10-18 15:15:00,Idle
D348,2023-10-18 16:22:00,Idle
D348,2023-10-18 17:51:00,Busy
D348,2023-10-18 19:19:00,Busy
D348,2023-10-18 20:30:00,Busy
D348,2023-10-18 21:03:00,Busy
D348,2023-10-18 22:05:00,Busy
D348,2023-10-18 23:38:00,Idle
D348,2023-10-19 01:01:00,Idle
D348,2023-10-19 01:43:00,Busy
D348,2023-10-19 02:39:00,Offline
D348,2023-10-19 23:39:00,Online
D348,2023-10-20 00:08:00,Busy
D348,2023-10-20 01:07:00,Busy
D348,2023-10-20 01:34:00,Idle
D348,2023-10-20 02:30:00,Idle
D348,2023-10-20 02:40:00,Offline
D348,2023-10-21 02:40:00,Online
D348,2023-10-21 04:23:00,Busy
D348,2023-10-21 04:57:00,Idle
D348,2023-10-21 05:31:00,Idle
D348,2023-10-21 06:11:00,Busy
D348,2023-10-21 08:06:00,Idle
D348,2023-10-21 09:40:00,Busy
D348,2023-10-21 10:48:00,Idle
D348,2023-10-21 12:29:00,Idle
D348,2023-10-21 13:09:00,Offline
D348,2023-10-22 09:09:00,Online
D348,2023-10-22 09:44:00,Busy
D348,2023-10-22 11:13:00,Busy
D348,2023-10-22 13:08:00,Busy
D348,2023-10-22 14:32:00,Busy
D348,2023-10-22 16:14:00,Busy
D348,2023-10-22 17:19:00,Idle
D348,2023-10-22 19:09:00,Busy
D348,2023-10-22 19:31:00,Busy
D348,2023-10-22 21:03:00,Idle
D348,2023-10-22 21:44:00,Offline
D349,2023-10-05 00:00:00,Online
D349,2023-10-05 01:13:00,Busy
D349,2023-10-05 02:48:00,Idle
D349,2023-10-05 04:28:00,Busy
D349,2023-10-05 05:48:00,Busy
D349,2023-10-05 07:12:00,Busy
D349,2023-10-05 08:28:00,Busy
D349,2023-10-05 09:31:00,Idle
D349,2023-10-05 11:11:00,Busy
D349,2023-10-05 12:27:00,Idle
D349,2023-10-05 13:21:00,Offline
D349,2023-10-06 08:21:00,Online
D349,2023-10-06 08:38:00,Idle
D349,2023-10-06 10:38:00,Idle
D349,2023-10-06 11:17:00,Idle
D349,2023-10-06 13:11:00,Idle
D349,2023-10-06 13:33:00,Offline
D349,2023-10-07 09:33:00,Online
D349,2023-10-07 10:23:00,Idle
D349,2023-10-07 11:45:00,Busy
D349,2023-10-07 12:12:00,Busy
D349,2023-10-07 12:53:00,Busy
D349,2023-10-07 13:45:00,Busy
D349,2023-10-07 15:16:00,Idle
D349,2023-10-07 16:27:00,Busy
D349,2023-10-07 17:19:00,Idle
D349,2023-10-07 19:02:00,Idle
D349,2023-10-07 19:31:00,Busy
D349,2023-10-07 19:59:00,Offline
D349,2023-10-08 16:59:00,Online
D349,2023-10-08 18:05:00,Idle
D349,2023-10-08 18:30:00,Busy
D349,2023-10-08 20:23:00,Idle
D349,2023-10-08 20:57:00,Busy
D349,2023-10-08 21:45:00,Idle
D349,2023-10-08 22:42:00,Busy
D349,2023-10-08 23:53:00,Busy
D349,2023-10-09 00:11:00,Busy
D349,2023-10-09 01:26:00,Idle
D349,2023-10-09 02:19:00,Offline
D349,2023-10-10 00:19:00,Online
D349,2023-10-10 01:39:00,Idle
D349,2023-10-10 03:07:00,Busy
D349,2023-10-10 03:35:00,Idle
D349,2023-10-10 03:54:00,Offline
D349,2023-10-10 19:54:00,Online
D349,2023-10-10 20:35:00,Idle
D349,2023-10-10 21:39:00,Idle
D349,2023-10-10 22:23:00,Idle
D349,2023-10-11 00:05:00,Idle
D349,2023-10-11 00:44:00,Busy
D349,2023-10-11 02:04:00,Idle
D349,2023-10-11 02:46:00,Offline
D349,2023-10-11 15:46:00,Online
D349,2023-10-11 16:20:00,Busy
D349,2023-10-11 16:59:00,Busy
D349,2023-10-11 18:21:00,Idle
D349,2023-10-11 19:15:00,Idle
D349,2023-10-11 19:39:00,Idle
D349,2023-10-11 21:02:00,Busy
D349,2023-10-11 22:33:00,Idle
D349,2023-10-11 23:15:00,Offline
D349,2023-10-12 13:15:00,Online
D349,2023-10-12 15:01:00,Idle
D349,2023-10-12 16:30:00,Busy
D349,2023-10-12 17:24:00,Idle
D349,2023-10-12 18:04:00,Busy
D349,2023-10-12 19:12:00,Busy
D349,2023-10-12 19:38:00,Idle
D349,2023-10-12 20:26:00,Busy
D349,2023-10-12 21:20:00,Offline
D350,2023-10-05 00:00:00,Online
D350,2023-10-05 00:33:00,Busy
D350,2023-10-05 00:59:00,Idle
D350,2023-10-05 02:01:00,Busy
D350,2023-10-05 03:36:00,Busy
D350,2023-10-05 03:51:00,Idle
D350,2023-10-05 05:44:00,Busy
D350,2023-10-05 05:59:00,Idle
D350,2023-10-05 07:38:00,Busy
D350,2023-10-05 08:30:00,Offline
D350,2023-10-06 04:30:00,Online
D350,2023-10-06 05:57:00,Busy
D350,2023-10-06 07:14:00,Busy
D350,2023-10-06 08:44:00,Busy
D350,2023-10-06 09:25:00,Idle
D350,2023-10-06 10:01:00,Busy
D350,2023-10-06 10:56:00,Busy
D350,2023-10-06 11:12:00,Offline
D350,2023-10-06 23:12:00,Online
D350,2023-10-06 23:56:00,Idle
D350,2023-10-07 00:35:00,Idle
D350,2023-10-07 01:06:00,Idle
D350,2023-10-07 02:57:00,Idle
D350,2023-10-07 03:42:00,Idle
D350,2023-10-07 04:13:00,Offline
D350,2023-10-08 01:13:00,Online
D350,2023-10-08 03:00:00,Busy
D350,2023-10-08 04:48:00,Busy
D350,2023-10-08 05:40:00,Idle
D350,2023-10-08 06:21:00,Idle
D350,2023-10-08 07:01:00,Busy
D350,2023-10-08 07:12:00,Offline
D350,2023-10-08 19:12:00,Online
D350,2023-10-08 20:35:00,Busy
D350,2023-10-08 21:51:00,Idle
D350,2023-10-08 22:50:00,Idle
D350,2023-10-09 00:12:00,Idle
D350,2023-10-09 01:32:00,Idle
D350,2023-10-09 03:11:00,Busy
D350,2023-10-09 04:32:00,Busy
D350,2023-10-09 05:00:00,Idle
D350,2023-10-09 05:41:00,Offline
D350,2023-10-09 21:41:00,Online
D350,2023-10-09 23:31:00,Busy
D350,2023-10-10 00:34:00,Busy
D350,2023-10-10 00:51:00,Busy
D350,2023-10-10 02:09:00,Idle
D350,2023-10-10 03:46:00,Busy
D350,2023-10-10 04:03:00,Idle
D350,2023-10-10 05:25:00,Busy
D350,2023-10-10 06:10:00,Offline
D350,2023-10-10 18:10:00,Online
D350,2023-10-10 19:44:00,Idle
D350,2023-10-10 21:06:00,Busy
D350,2023-10-10 23:00:00,Idle
D350,2023-10-10 23:59:00,Idle
D350,2023-10-11 01:52:00,Idle
D350,2023-10-11 03:42:00,Idle
D350,2023-10-11 04:41:00,Offline
D350,2023-10-12 01:41:00,Online
D350,2023-10-12 02:45:00,Busy
D350,2023-10-12 03:37:00,Idle
D350,2023-10-12 04:48:00,Busy
D350,2023-10-12 05:21:00,Busy
D350,2023-10-12 05:39:00,Idle
D350,2023-10-12 06:20:00,Busy
D350,2023-10-12 06:37:00,Busy
D350,2023-10-12 08:36:00,Busy
D350,2023-10-12 09:14:00,Busy
D350,2023-10-12 10:14:00,Offline
D350,2023-10-13 06:14:00,Online
D350,2023-10-13 06:51:00,Idle
D350,2023-10-13 07:49:00,Idle
D350,2023-10-13 09:16:00,Idle
D350,2023-10-13 09:27:00,Offline
D350,2023-10-14 04:27:00,Online
D350,2023-10-14 06:25:00,Idle
D350,2023-10-14 07:04:00,Idle
D350,2023-10-14 07:57:00,Idle
D350,2023-10-14 08:46:00,Busy
D350,2023-10-14 10:45:00,Busy
D350,2023-10-14 11:18:00,Busy
D350,2023-10-14 13:03:00,Busy
D350,2023-10-14 14:24:00,Idle
D350,2023-10-14 14:45:00,Busy
D350,2023-10-14 15:27:00,Offline
D350,2023-10-15 06:27:00,Online
D350,2023-10-15 08:09:00,Busy
D350,2023-10-15 08:31:00,Idle
D350,2023-10-15 09:21:00,Busy
D350,2023-10-15 10:45:00,Busy
D350,2023-10-15 11:20:00,Offline
D350,2023-10-16 08:20:00,Online
D350,2023-10-16 10:04:00,Idle
D350,2023-10-16 11:05:00,Idle
D350,2023-10-16 12:58:00,Idle
D350,2023-10-16 14:48:00,Idle
D350,2023-10-16 15:57:00,Busy
D350,2023-10-16 17:08:00,Busy
D350,2023-10-16 17:30:00,Busy
D350,2023-10-16 18:04:00,Offline
