trip_id,driver_id,rider_id,city,pickup_zone,drop_zone,request_time,pickup_time,drop_time,distance_km,fare,status,cancellation_reason
T1001,D314,R3886,Mumbai,Powai,Bandra,2023-10-06 11:38:00,2023-10-06 11:41:00,2023-10-06 12:10:00,8.7,249,Completed,
T1002,D348,R3250,Mumbai,Bandra,Colaba,2023-10-29 15:54:00,2023-10-29 15:59:00,2023-10-29 17:20:00,21.8,426,Completed,
T1003,D345,R2814,Bangalore,Whitefield,Koramangala,2023-10-13 11:10:00,2023-10-13 11:22:00,2023-10-13 11:29:00,2.2,91,Completed,
T1004,D120,R1294,Delhi,Saket,Vasant Kunj,2023-10-03 05:25:00,2023-10-03 05:28:00,2023-10-03 05:59:00,9.1,206,Completed,
T1005,D142,R2146,Mumbai,Andheri,Bandra,2023-10-27 04:48:00,2023-10-27 04:59:00,2023-10-27 05:07:00,3.1,122,Completed,
T1006,D277,R1983,Mumbai,Powai,Andheri,2023-10-03 21:24:00,2023-10-03 21:28:00,2023-10-03 22:07:00,14.2,403,Completed,
T1007,D340,R4117,Mumbai,Powai,Colaba,2023-10-24 09:35:00,2023-10-24 09:43:00,2023-10-24 10:51:00,22.2,571,Completed,
T1008,D285,R1277,Bangalore,Indiranagar,HSR Layout,2023-10-19 19:57:00,2023-10-19 20:10:00,2023-10-19 20:35:00,7.4,219,Completed,
T1009,D242,R2009,Bangalore,Koramangala,Whitefield,2023-10-02 12:47:00,2023-10-02 12:54:00,2023-10-02 13:21:00,10.0,287,Completed,
T1010,D261,R1621,Delhi,Rohini,Dwarka,2023-10-03 16:29:00,2023-10-03 16:36:00,2023-10-03 16:58:00,6.2,145,Completed,
T1011,D282,R1958,Mumbai,Bandra,Andheri,2023-10-08 20:00:00,,,0.0,0.0,Cancelled,Rider Cancelled
T1012,D270,R3671,Bangalore,Koramangala,Indiranagar,2023-10-04 01:28:00,2023-10-04 01:36:00,2023-10-04 02:34:00,17.1,420,Completed,
T1013,D280,R3688,Mumbai,Powai,Andheri,2023-10-14 18:42:00,2023-10-14 18:57:00,2023-10-14 19:50:00,19.0,498,Completed,
T1014,D174,R2207,Mumbai,Andheri,Colaba,2023-10-03 03:09:00,2023-10-03 03:12:00,2023-10-03 04:05:00,13.9,266,Completed,
T1015,D329,R4377,Delhi,Dwarka,Rohini,2023-10-11 11:35:00,2023-10-11 11:38:00,2023-10-11 11:58:00,6.7,199,Completed,
T1016,D264,R3709,Mumbai,Juhu,Colaba,2023-10-04 13:44:00,2023-10-04 13:51:00,2023-10-04 14:54:00,20.6,557,Completed,
T1017,D228,R2440,Mumbai,Colaba,Powai,2023-10-20 16:10:00,2023-10-20 16:22:00,2023-10-20 17:25:00,18.3,352,Completed,
T1018,D341,R4194,Delhi,Vasant Kunj,Rohini,2023-10-15 12:11:00,2023-10-15 12:24:00,2023-10-15 13:00:00,10.1,245,Completed,
T1019,D168,R1131,Delhi,Connaught Place,Vasant Kunj,2023-10-17 06:52:00,,,0.0,0.0,Cancelled,Driver Not Found
T1020,D295,R4095,Mumbai,Powai,Colaba,2023-10-06 17:32:00,2023-10-06 17:47:00,2023-10-06 19:07:00,21.7,496,Completed,
T1021,D314,R4242,Mumbai,Bandra,Andheri,2023-10-30 20:12:00,2023-10-30 20:14:00,2023-10-30 20:38:00,7.7,202,Completed,
T1022,D230,R2596,Bangalore,Koramangala,Whitefield,2023-10-09 12:20:00,2023-10-09 12:25:00,2023-10-09 13:19:00,15.3,339,Completed,
T1023,D266,R4221,Mumbai,Colaba,Bandra,2023-10-26 17:24:00,2023-10-26 17:30:00,2023-10-26 18:10:00,15.0,372,Completed,
T1024,D206,R4298,Bangalore,HSR Layout,Koramangala,2023-10-17 01:13:00,,,0.0,0.0,Cancelled,Other
T1025,D182,R4847,Bangalore,Whitefield,Indiranagar,2023-10-16 18:58:00,2023-10-16 19:03:00,2023-10-16 20:27:00,24.2,458,Completed,
T1026,D332,R2140,Mumbai,Andheri,Juhu,2023-10-25 12:11:00,,,0.0,0.0,Cancelled,Driver Cancelled
T1027,D175,R4314,Mumbai,Colaba,Andheri,2023-10-28 15:55:00,2023-10-28 16:09:00,2023-10-28 16:33:00,6.5,200,Completed,
T1028,D160,R3665,Delhi,Vasant Kunj,Dwarka,2023-10-23 12:37:00,2023-10-23 12:39:00,2023-10-23 12:58:00,7.5,191,Completed,
T1029,D284,R3634,Bangalore,HSR Layout,Indiranagar,2023-10-29 10:20:00,,,0.0,0.0,Cancelled,Driver Cancelled
T1030,D189,R2231,Delhi,Dwarka,Vasant Kunj,2023-10-13 00:57:00,2023-10-13 01:08:00,2023-10-13 01:39:00,9.2,202,Completed,
T1031,D239,R2174,Delhi,Vasant Kunj,Rohini,2023-10-02 01:36:00,2023-10-02 01:47:00,2023-10-02 03:06:00,23.6,618,Completed,
T1032,D325,R3756,Bangalore,Koramangala,Jayanagar,2023-10-29 00:22:00,,,0.0,0.0,Cancelled,Driver Cancelled
T1033,D321,R2522,Mumbai,Powai,Bandra,2023-10-28 01:25:00,2023-10-28 01:37:00,2023-10-28 02:37:00,20.2,454,Completed,
T1034,D240,R3070,Bangalore,Koramangala,Jayanagar,2023-10-16 04:31:00,,,0.0,0.0,Cancelled,Payment Issue
T1035,D192,R2675,Delhi,Rohini,Saket,2023-10-02 16:36:00,2023-10-02 16:41:00,2023-10-02 17:55:00,20.8,364,Completed,
T1036,D248,R3570,Bangalore,Whitefield,Koramangala,2023-10-12 03:25:00,2023-10-12 03:40:00,2023-10-12 04:35:00,18.5,412,Completed,
T1037,D163,R4384,Mumbai,Powai,Bandra,2023-10-20 12:51:00,2023-10-20 13:04:00,2023-10-20 13:52:00,16.1,354,Completed,
T1038,D294,R1460,Delhi,Rohini,Connaught Place,2023-10-29 04:24:00,2023-10-29 04:36:00,2023-10-29 05:37:00,15.5,386,Completed,
T1039,D168,R1866,Delhi,Connaught Place,Saket,2023-10-13 22:20:00,2023-10-13 22:25:00,2023-10-13 22:35:00,4.2,119,Completed,
T1040,D246,R3123,Bangalore,HSR Layout,Koramangala,2023-10-18 02:07:00,2023-10-18 02:18:00,2023-10-18 03:13:00,20.0,488,Completed,
T1041,D293,R2042,Bangalore,HSR Layout,Jayanagar,2023-10-09 00:18:00,2023-10-09 00:25:00,2023-10-09 01:13:00,13.8,311,Completed,
T1042,D152,R2688,Bangalore,Koramangala,HSR Layout,2023-10-19 23:27:00,2023-10-19 23:31:00,2023-10-19 23:44:00,3.8,137,Completed,
T1043,D186,R3068,Delhi,Vasant Kunj,Connaught Place,2023-10-14 08:31:00,2023-10-14 08:36:00,2023-10-14 08:45:00,2.6,108,Completed,
T1044,D169,R3297,Delhi,Connaught Place,Rohini,2023-10-19 05:09:00,2023-10-19 05:13:00,2023-10-19 06:27:00,20.7,449,Completed,
T1045,D178,R2348,Mumbai,Powai,Colaba,2023-10-15 16:16:00,2023-10-15 16:23:00,2023-10-15 16:45:00,7.5,168,Completed,
T1046,D175,R3624,Mumbai,Powai,Juhu,2023-10-17 19:27:00,2023-10-17 19:35:00,2023-10-17 20:13:00,15.2,381,Completed,
T1047,D128,R4194,Mumbai,Colaba,Andheri,2023-10-04 09:03:00,2023-10-04 09:16:00,2023-10-04 09:55:00,13.0,302,Completed,
T1048,D285,R3119,Bangalore,Indiranagar,Koramangala,2023-10-20 20:37:00,,,0.0,0.0,Cancelled,Driver Cancelled
T1049,D244,R4716,Mumbai,Juhu,Bandra,2023-10-11 12:00:00,2023-10-11 12:04:00,2023-10-11 12:44:00,13.2,307,Completed,
T1050,D240,R1380,Bangalore,Whitefield,Jayanagar,2023-10-29 13:55:00,2023-10-29 14:09:00,2023-10-29 15:06:00,20.4,-461,Completed,
T1051,D251,R1669,Bangalore,Jayanagar,Indiranagar,2023-10-09 13:25:00,2023-10-09 13:35:00,2023-10-09 14:16:00,14.1,321,Completed,
T1052,D250,R2241,Mumbai,Powai,Juhu,2023-10-22 19:13:00,2023-10-22 19:28:00,2023-10-22 20:48:00,23.0,516,Completed,
T1053,D198,R4043,Delhi,Dwarka,Vasant Kunj,2023-10-01 18:08:00,2023-10-01 18:20:00,2023-10-01 19:10:00,16.9,379,Completed,
T1054,D291,R4211,Bangalore,Koramangala,Jayanagar,2023-10-23 00:24:00,2023-10-23 00:29:00,2023-10-23 00:58:00,10.8,318,Completed,
T1055,D323,R4682,Bangalore,Whitefield,Indiranagar,2023-10-28 06:29:00,2023-10-28 06:44:00,2023-10-28 08:11:00,23.4,460,Completed,
T1056,D197,R2720,Delhi,Dwarka,Vasant Kunj,2023-10-02 10:41:00,2023-10-02 10:51:00,2023-10-02 11:30:00,10.0,259,Completed,
T1057,D163,R2585,Mumbai,Colaba,Powai,2023-10-30 13:56:00,2023-10-30 14:07:00,2023-10-30 14:32:00,7.0,157,Completed,
T1058,D248,R1638,Bangalore,Whitefield,Indiranagar,2023-10-24 10:23:00,2023-10-24 10:26:00,2023-10-24 10:53:00,7.0,203,Completed,
T1059,D186,R3958,Delhi,Vasant Kunj,Rohini,2023-10-06 10:58:00,2023-10-06 11:06:00,2023-10-06 11:53:00,12.3,311,Completed,
T1060,D212,R1429,Bangalore,Koramangala,Jayanagar,2023-10-08 14:22:00,2023-10-08 14:26:00,2023-10-08 14:45:00,7.8,181,Completed,
T1061,D350,R3113,Delhi,Dwarka,Vasant Kunj,2023-10-13 19:53:00,,,0.0,0.0,Cancelled,Payment Issue
T1062,D334,R1657,Mumbai,Andheri,Bandra,2023-10-17 07:44:00,2023-10-17 07:46:00,2023-10-17 08:56:00,22.0,443,Completed,
T1063,D272,R2093,Bangalore,Indiranagar,Koramangala,2023-10-12 08:02:00,2023-10-12 08:10:00,2023-10-12 09:37:00,24.0,436,Completed,
T1064,D341,R1502,Delhi,Connaught Place,Vasant Kunj,2023-10-26 14:46:00,2023-10-26 14:55:00,2023-10-26 16:04:00,18.8,422,Completed,
T1065,D101,R4547,Delhi,Vasant Kunj,Connaught Place,2023-10-21 06:00:00,2023-10-21 06:14:00,2023-10-21 06:55:00,12.4,334,Completed,
T1066,D339,R4297,Bangalore,Koramangala,Jayanagar,2023-10-05 11:16:00,2023-10-05 11:30:00,2023-10-05 12:14:00,12.1,236,Completed,
T1067,D191,R3278,Bangalore,Indiranagar,Koramangala,2023-10-04 13:46:00,2023-10-04 14:01:00,2023-10-04 14:27:00,8.5,199,Completed,
T1068,D254,R1518,Bangalore,Jayanagar,Koramangala,2023-10-24 19:14:00,2023-10-24 19:22:00,2023-10-24 19:35:00,3.7,118,Completed,
T1069,D115,R1459,Bangalore,HSR Layout,Koramangala,2023-10-16 15:53:00,2023-10-16 16:01:00,2023-10-16 16:37:00,9.7,274,Completed,
T1070,D119,R4802,Mumbai,Bandra,Andheri,2023-10-09 05:35:00,2023-10-09 05:41:00,2023-10-09 06:15:00,10.2,216,Completed,
T1071,D274,R4069,Delhi,Rohini,Connaught Place,2023-10-13 20:41:00,2023-10-13 20:52:00,2023-10-13 22:18:00,23.5,621,Completed,
T1072,D158,R2666,Bangalore,Jayanagar,Indiranagar,2023-10-04 09:33:00,2023-10-04 09:48:00,2023-10-04 10:08:00,6.6,207,Completed,
T1073,D254,R4602,Bangalore,Indiranagar,Jayanagar,2023-10-24 22:17:00,,,0.0,0.0,Cancelled,Other
T1074,D117,R3418,Delhi,Dwarka,Connaught Place,2023-10-22 10:15:00,2023-10-22 10:30:00,2023-10-22 11:33:00,17.4,476,Completed,
T1075,D212,R2059,Bangalore,Jayanagar,HSR Layout,2023-10-28 20:37:00,2023-10-28 20:46:00,2023-10-28 20:57:00,3.1,118,Completed,
T1076,D346,R1074,Bangalore,Jayanagar,Whitefield,2023-10-22 02:16:00,2023-10-22 02:19:00,2023-10-22 03:00:00,12.6,338,Completed,
T1077,D163,R3877,Mumbai,Powai,Juhu,2023-10-11 02:54:00,2023-10-11 03:03:00,2023-10-11 04:03:00,16.4,318,Completed,
T1078,D313,R4981,Delhi,Rohini,Vasant Kunj,2023-10-15 23:34:00,2023-10-15 23:41:00,2023-10-16 00:21:00,11.6,240,Completed,
T1079,D338,R4172,Delhi,Dwarka,Rohini,2023-10-19 03:16:00,2023-10-19 03:27:00,2023-10-19 03:39:00,3.3,120,Completed,
T1080,D130,R2569,Delhi,Saket,Connaught Place,2023-10-12 08:50:00,2023-10-12 08:52:00,2023-10-12 10:19:00,22.4,568,Completed,
T1081,D257,R4732,Delhi,Dwarka,Vasant Kunj,2023-10-22 13:13:00,2023-10-22 13:17:00,2023-10-22 13:53:00,12.1,342,Completed,
T1082,D341,R2724,Delhi,Saket,Rohini,2023-10-21 08:28:00,2023-10-21 08:43:00,2023-10-21 08:51:00,3.2,100,Completed,
T1083,D290,R2448,Bangalore,Jayanagar,Indiranagar,2023-10-07 18:34:00,,,0.0,0.0,Cancelled,Other
T1084,D271,R2721,Delhi,Vasant Kunj,Dwarka,2023-10-01 19:08:00,2023-10-01 19:21:00,2023-10-01 19:39:00,5.9,195,Completed,
T1085,D143,R1450,Mumbai,Andheri,Colaba,2023-10-19 11:03:00,2023-10-19 11:07:00,2023-10-19 12:05:00,22.9,518,Completed,
T1086,D195,R1016,Delhi,Rohini,Saket,2023-10-25 05:49:00,2023-10-25 06:04:00,2023-10-25 06:24:00,8.2,244,Completed,
T1087,D225,R1987,Mumbai,Andheri,Juhu,2023-10-11 01:21:00,2023-10-11 01:27:00,2023-10-11 01:58:00,11.6,254,Completed,
T1088,D232,R3158,Delhi,Vasant Kunj,Dwarka,2023-10-09 01:43:00,2023-10-09 01:45:00,2023-10-09 02:31:00,13.0,316,Completed,
T1089,D228,R3186,Mumbai,Juhu,Colaba,2023-10-16 17:20:00,2023-10-16 17:34:00,2023-10-16 18:20:00,12.1,300,Completed,
T1090,D126,R1294,Mumbai,Juhu,Colaba,2023-10-04 07:55:00,,,0.0,0.0,Cancelled,Other
T1091,D195,R4165,Delhi,Vasant Kunj,Rohini,2023-10-14 00:11:00,2023-10-14 00:23:00,2023-10-14 01:07:00,11.8,282,Completed,
T1092,D292,R2859,Bangalore,Koramangala,HSR Layout,2023-10-05 18:04:00,2023-10-05 18:10:00,2023-10-05 18:39:00,9.5,241,Completed,
T1093,D229,R4098,Delhi,Dwarka,Vasant Kunj,2023-10-08 13:04:00,2023-10-08 13:13:00,2023-10-08 14:50:00,24.6,511,Completed,
T1094,D174,R1101,Mumbai,Colaba,Bandra,2023-10-17 08:52:00,2023-10-17 08:57:00,2023-10-17 09:20:00,7.4,224,Completed,
T1095,D211,R4726,Delhi,Saket,Connaught Place,2023-10-08 01:24:00,2023-10-08 01:30:00,2023-10-08 02:07:00,10.6,315,Completed,
T1096,D246,R2564,Bangalore,HSR Layout,Whitefield,2023-10-04 04:35:00,2023-10-04 04:50:00,2023-10-04 05:18:00,8.6,239,Completed,
T1097,D118,R2196,Bangalore,HSR Layout,Jayanagar,2023-10-30 20:29:00,2023-10-30 20:36:00,2023-10-30 21:20:00,16.1,384,Completed,
T1098,D107,R1130,Mumbai,Juhu,Powai,2023-10-20 01:00:00,2023-10-20 01:13:00,2023-10-20 01:22:00,3.0,109,Completed,
T1099,D272,R2847,Bangalore,HSR Layout,Whitefield,2023-10-03 10:38:00,2023-10-03 10:44:00,2023-10-03 10:58:00,3.8,123,Completed,
T1100,D9999,R1713,Bangalore,HSR Layout,Indiranagar,2023-10-21 11:12:00,2023-10-21 11:19:00,2023-10-21 12:55:00,24.1,491,Completed,
T1101,D256,R4055,Mumbai,Bandra,Colaba,2023-10-18 11:09:00,,,0.0,0.0,Cancelled,Driver Not Found
T1102,D160,R3622,Delhi,Saket,Connaught Place,2023-10-17 07:41:00,,,0.0,0.0,Cancelled,Other
T1103,D323,R4900,Bangalore,Koramangala,Whitefield,2023-10-16 20:39:00,2023-10-16 20:47:00,2023-10-16 21:50:00,19.5,447,Completed,
T1104,D253,R4319,Bangalore,Indiranagar,HSR Layout,2023-10-25 21:22:00,2023-10-25 21:35:00,2023-10-25 22:14:00,15.1,289,Completed,
T1105,D158,R4715,Bangalore,Whitefield,Koramangala,2023-10-14 21:23:00,2023-10-14 21:38:00,2023-10-14 21:46:00,3.3,109,Completed,
T1106,D324,R2254,Mumbai,Andheri,Powai,2023-10-12 12:29:00,2023-10-12 12:42:00,2023-10-12 13:13:00,10.5,222,Completed,
T1107,D141,R4589,Mumbai,Andheri,Powai,2023-10-14 03:30:00,2023-10-14 03:44:00,2023-10-14 04:29:00,12.1,246,Completed,
T1108,D173,R1306,Mumbai,Colaba,Juhu,2023-10-04 10:43:00,2023-10-04 10:48:00,2023-10-04 11:01:00,4.7,141,Completed,
T1109,D223,R2651,Delhi,Vasant Kunj,Saket,2023-10-25 21:32:00,2023-10-25 21:38:00,2023-10-25 22:17:00,12.6,310,Completed,
T1110,D169,R3458,Delhi,Dwarka,Vasant Kunj,2023-10-25 12:04:00,2023-10-25 12:09:00,2023-10-25 12:54:00,13.5,281,Completed,
T1111,D161,R4220,Bangalore,Whitefield,Jayanagar,2023-10-04 22:42:00,2023-10-04 22:49:00,2023-10-05 00:18:00,23.1,423,Completed,
T1112,D221,R4160,Bangalore,Jayanagar,Whitefield,2023-10-06 03:21:00,2023-10-06 03:33:00,2023-10-06 03:43:00,2.8,111,Completed,
T1113,D247,R3231,Bangalore,Whitefield,Indiranagar,2023-10-26 04:20:00,2023-10-26 04:24:00,2023-10-26 05:30:00,19.9,476,Completed,
T1114,D254,R1584,Bangalore,Jayanagar,HSR Layout,2023-10-16 07:33:00,,,0.0,0.0,Cancelled,Driver Cancelled
T1115,D291,R3934,Bangalore,Whitefield,Jayanagar,2023-10-24 17:54:00,2023-10-24 18:03:00,2023-10-24 18:14:00,3.3,132,Completed,
T1116,D315,R4171,Mumbai,Bandra,Andheri,2023-10-24 23:44:00,2023-10-24 23:57:00,2023-10-25 00:29:00,12.6,254,Completed,
T1117,D167,R1414,Bangalore,Whitefield,HSR Layout,2023-10-25 19:20:00,2023-10-25 19:24:00,2023-10-25 20:54:00,22.7,460,Completed,
T1118,D171,R1168,Delhi,Rohini,Saket,2023-10-04 16:51:00,2023-10-04 16:59:00,2023-10-04 17:20:00,8.1,180,Completed,
T1119,D253,R4689,Bangalore,Indiranagar,Jayanagar,2023-10-27 22:20:00,,,0.0,0.0,Cancelled,Payment Issue
T1120,D216,R1057,Mumbai,Juhu,Bandra,2023-10-29 17:13:00,2023-10-29 17:27:00,2023-10-29 17:34:00,2.9,115,Completed,
T1121,D170,R2313,Delhi,Dwarka,Vasant Kunj,2023-10-09 12:17:00,2023-10-09 12:25:00,2023-10-09 13:44:00,22.8,475,Completed,
T1122,D184,R3761,Mumbai,Powai,Andheri,2023-10-25 16:35:00,2023-10-25 16:47:00,2023-10-25 18:00:00,21.7,572,Completed,
T1123,D334,R4966,Mumbai,Juhu,Powai,2023-10-30 09:03:00,2023-10-30 09:13:00,2023-10-30 09:33:00,5.4,135,Completed,
T1124,D155,R4162,Mumbai,Andheri,Juhu,2023-10-27 08:48:00,2023-10-27 08:50:00,2023-10-27 09:03:00,3.4,108,Completed,
T1125,D233,R1059,Delhi,Vasant Kunj,Connaught Place,2023-10-18 06:31:00,,,0.0,0.0,Cancelled,Other
T1126,D182,R4061,Bangalore,Indiranagar,Jayanagar,2023-10-08 01:53:00,2023-10-08 02:04:00,2023-10-08 02:21:00,5.8,142,Completed,
T1127,D152,R4819,Bangalore,HSR Layout,Whitefield,2023-10-29 20:23:00,,,0.0,0.0,Cancelled,Driver Not Found
T1128,D121,R2727,Bangalore,Whitefield,Indiranagar,2023-10-09 03:12:00,2023-10-09 03:24:00,2023-10-09 04:08:00,14.4,267,Completed,
T1129,D138,R4068,Bangalore,Jayanagar,HSR Layout,2023-10-21 22:15:00,2023-10-21 22:23:00,2023-10-21 22:41:00,6.2,190,Completed,
T1130,D177,R4521,Mumbai,Powai,Andheri,2023-10-24 19:13:00,2023-10-24 19:24:00,2023-10-24 20:33:00,24.9,654,Completed,
T1131,D178,R2023,Mumbai,Bandra,Juhu,2023-10-30 05:45:00,2023-10-30 05:58:00,2023-10-30 06:14:00,6.0,181,Completed,
T1132,D278,R3813,Delhi,Rohini,Connaught Place,2023-10-15 18:15:00,2023-10-15 18:22:00,2023-10-15 19:02:00,13.9,362,Completed,
T1133,D208,R4897,Mumbai,Juhu,Colaba,2023-10-03 03:02:00,2023-10-03 03:06:00,2023-10-03 04:12:00,24.4,552,Completed,
T1134,D206,R4198,Bangalore,Jayanagar,Indiranagar,2023-10-20 11:11:00,2023-10-20 11:16:00,2023-10-20 12:12:00,17.1,377,Completed,
T1135,D243,R2010,Delhi,Vasant Kunj,Dwarka,2023-10-26 03:13:00,2023-10-26 03:24:00,2023-10-26 03:30:00,2.4,109,Completed,
T1136,D297,R2779,Delhi,Dwarka,Saket,2023-10-12 11:06:00,2023-10-12 11:19:00,2023-10-12 11:25:00,2.2,88,Completed,
T1137,D177,R4119,Mumbai,Bandra,Juhu,2023-10-10 11:10:00,2023-10-10 11:14:00,2023-10-10 12:03:00,16.1,358,Completed,
T1138,D205,R2518,Bangalore,Whitefield,Koramangala,2023-10-21 10:41:00,2023-10-21 10:49:00,2023-10-21 11:49:00,23.7,475,Completed,
T1139,D145,R3753,Delhi,Rohini,Saket,2023-10-21 01:38:00,2023-10-21 01:41:00,2023-10-21 02:15:00,10.3,288,Completed,
T1140,D127,R3371,Mumbai,Bandra,Colaba,2023-10-13 11:59:00,2023-10-13 12:01:00,2023-10-13 13:12:00,23.9,436,Completed,
T1141,D113,R1174,Delhi,Vasant Kunj,Rohini,2023-10-04 07:31:00,2023-10-04 07:42:00,2023-10-04 09:13:00,24.9,495,Completed,
T1142,D108,R2470,Delhi,Saket,Rohini,2023-10-17 00:26:00,2023-10-17 00:32:00,2023-10-17 01:12:00,12.7,336,Completed,
T1143,D151,R2994,Delhi,Vasant Kunj,Saket,2023-10-22 11:00:00,2023-10-22 11:11:00,2023-10-22 11:54:00,13.2,258,Completed,
T1144,D155,R4782,Mumbai,Powai,Colaba,2023-10-01 04:20:00,2023-10-01 04:31:00,2023-10-01 05:08:00,11.5,325,Completed,
T1145,D125,R1104,Delhi,Rohini,Saket,2023-10-10 23:52:00,2023-10-11 00:05:00,2023-10-11 01:16:00,23.9,561,Completed,
T1146,D246,R1855,Bangalore,Koramangala,HSR Layout,2023-10-27 01:22:00,2023-10-27 01:35:00,2023-10-27 02:14:00,15.5,304,Completed,
T1147,D103,R2858,Mumbai,Bandra,Andheri,2023-10-18 22:55:00,2023-10-18 23:01:00,2023-10-19 00:08:00,17.7,474,Completed,
T1148,D340,R3328,Mumbai,Andheri,Juhu,2023-10-10 06:59:00,,,0.0,0.0,Cancelled,Driver Not Found
T1149,D208,R4156,Mumbai,Juhu,Powai,2023-10-07 17:56:00,2023-10-07 18:11:00,2023-10-07 18:43:00,10.1,268,Completed,
T1150,D102,R1741,Bangalore,HSR Layout,Indiranagar,2023-10-29 06:46:00,2023-10-29 06:58:00,2023-10-29 07:45:00,13.4,-286,Completed,
T1151,D113,R1273,Delhi,Saket,Dwarka,2023-10-13 05:41:00,,,0.0,0.0,Cancelled,Driver Not Found
T1152,D106,R1712,Delhi,Saket,Connaught Place,2023-10-22 18:06:00,2023-10-22 18:10:00,2023-10-22 18:30:00,6.6,189,Completed,
T1153,D278,R4627,Delhi,Connaught Place,Saket,2023-10-08 05:57:00,,,0.0,0.0,Cancelled,Driver Not Found
T1154,D329,R3453,Delhi,Vasant Kunj,Saket,2023-10-11 17:08:00,,,0.0,0.0,Cancelled,Rider Cancelled
T1155,D245,R3353,Bangalore,HSR Layout,Indiranagar,2023-10-28 13:41:00,2023-10-28 13:56:00,2023-10-28 14:06:00,4.0,122,Completed,
T1156,D119,R2006,Mumbai,Juhu,Andheri,2023-10-11 04:41:00,2023-10-11 04:55:00,2023-10-11 05:42:00,14.2,354,Completed,
T1157,D238,R1349,Delhi,Vasant Kunj,Rohini,2023-10-27 21:11:00,2023-10-27 21:25:00,2023-10-27 21:52:00,9.4,231,Completed,
T1158,D273,R3685,Delhi,Dwarka,Rohini,2023-10-15 13:44:00,,,0.0,0.0,Cancelled,Rider Cancelled
T1159,D115,R4062,Bangalore,Jayanagar,Whitefield,2023-10-16 11:47:00,2023-10-16 11:56:00,2023-10-16 12:21:00,8.6,248,Completed,
T1160,D133,R1012,Bangalore,Koramangala,Indiranagar,2023-10-26 09:04:00,2023-10-26 09:17:00,2023-10-26 09:46:00,8.0,245,Completed,
T1161,D232,R4933,Delhi,Connaught Place,Rohini,2023-10-06 18:21:00,2023-10-06 18:31:00,2023-10-06 18:55:00,8.0,224,Completed,
T1162,D255,R3747,Mumbai,Powai,Juhu,2023-10-17 19:47:00,2023-10-17 19:59:00,2023-10-17 21:08:00,23.5,596,Completed,
T1163,D251,R1621,Bangalore,HSR Layout,Jayanagar,2023-10-12 08:30:00,2023-10-12 08:39:00,2023-10-12 08:47:00,3.2,116,Completed,
T1164,D147,R1479,Bangalore,Jayanagar,HSR Layout,2023-10-10 10:35:00,2023-10-10 10:43:00,2023-10-10 10:54:00,3.5,109,Completed,
T1165,D329,R1694,Delhi,Connaught Place,Dwarka,2023-10-10 14:11:00,2023-10-10 14:16:00,2023-10-10 15:13:00,16.7,324,Completed,
T1166,D222,R4683,Bangalore,HSR Layout,Whitefield,2023-10-12 20:25:00,2023-10-12 20:34:00,2023-10-12 20:47:00,4.1,120,Completed,
T1167,D216,R1729,Mumbai,Juhu,Powai,2023-10-21 07:00:00,2023-10-21 07:04:00,2023-10-21 08:00:00,19.3,423,Completed,
T1168,D225,R3910,Mumbai,Powai,Colaba,2023-10-21 20:52:00,2023-10-21 20:57:00,2023-10-21 21:03:00,2.2,102,Completed,
T1169,D308,R4922,Delhi,Saket,Connaught Place,2023-10-24 01:52:00,2023-10-24 01:54:00,2023-10-24 02:44:00,13.8,332,Completed,
T1170,D163,R1363,Mumbai,Andheri,Powai,2023-10-25 20:02:00,2023-10-25 20:16:00,2023-10-25 20:38:00,6.3,154,Completed,
T1171,D327,R3321,Bangalore,Indiranagar,Whitefield,2023-10-06 07:26:00,2023-10-06 07:36:00,2023-10-06 08:25:00,18.4,509,Completed,
T1172,D113,R1512,Delhi,Saket,Connaught Place,2023-10-22 19:38:00,2023-10-22 19:47:00,2023-10-22 20:04:00,5.4,170,Completed,
T1173,D300,R1880,Mumbai,Andheri,Colaba,2023-10-23 02:17:00,2023-10-23 02:31:00,2023-10-23 03:05:00,12.4,252,Completed,
T1174,D264,R1234,Mumbai,Powai,Colaba,2023-10-30 04:53:00,2023-10-30 05:03:00,2023-10-30 06:06:00,17.7,319,Completed,
T1175,D213,R2842,Mumbai,Bandra,Colaba,2023-10-21 22:48:00,2023-10-21 23:03:00,2023-10-22 00:11:00,19.4,529,Completed,
T1176,D190,R3127,Mumbai,Colaba,Bandra,2023-10-16 21:59:00,2023-10-16 22:13:00,2023-10-16 22:21:00,2.4,91,Completed,
T1177,D285,R3593,Bangalore,Indiranagar,Koramangala,2023-10-18 21:18:00,2023-10-18 21:24:00,2023-10-18 22:01:00,11.3,260,Completed,
T1178,D204,R2493,Bangalore,Jayanagar,Whitefield,2023-10-20 06:53:00,2023-10-20 07:00:00,2023-10-20 07:16:00,5.4,173,Completed,
T1179,D259,R4907,Mumbai,Andheri,Powai,2023-10-12 05:44:00,2023-10-12 05:59:00,2023-10-12 07:09:00,17.7,357,Completed,
T1180,D332,R1926,Mumbai,Andheri,Juhu,2023-10-19 18:51:00,2023-10-19 18:56:00,2023-10-19 19:15:00,7.9,172,Completed,
T1181,D155,R4801,Mumbai,Powai,Bandra,2023-10-07 22:44:00,2023-10-07 22:51:00,2023-10-07 23:07:00,4.3,152,Completed,
T1182,D300,R4968,Mumbai,Bandra,Andheri,2023-10-07 13:18:00,2023-10-07 13:33:00,2023-10-07 14:05:00,10.1,274,Completed,
T1183,D340,R2291,Mumbai,Andheri,Colaba,2023-10-11 22:59:00,2023-10-11 23:05:00,2023-10-11 23:31:00,8.8,202,Completed,
T1184,D209,R2303,Bangalore,Koramangala,Whitefield,2023-10-09 15:47:00,2023-10-09 16:02:00,2023-10-09 16:08:00,2.5,106,Completed,
T1185,D340,R1435,Mumbai,Powai,Colaba,2023-10-26 15:43:00,2023-10-26 15:47:00,2023-10-26 16:44:00,22.4,406,Completed,
T1186,D319,R1536,Mumbai,Juhu,Powai,2023-10-16 02:08:00,2023-10-16 02:22:00,2023-10-16 02:56:00,8.9,191,Completed,
T1187,D129,R3395,Delhi,Rohini,Dwarka,2023-10-30 22:11:00,2023-10-30 22:25:00,2023-10-30 22:54:00,9.6,288,Completed,
T1188,D227,R4877,Mumbai,Andheri,Powai,2023-10-24 01:44:00,2023-10-24 01:50:00,2023-10-24 02:39:00,12.8,357,Completed,
T1189,D166,R2954,Delhi,Saket,Vasant Kunj,2023-10-28 23:42:00,2023-10-28 23:52:00,2023-10-29 01:11:00,24.3,446,Completed,
T1190,D114,R3802,Bangalore,Jayanagar,HSR Layout,2023-10-30 15:33:00,2023-10-30 15:40:00,2023-10-30 16:42:00,22.6,398,Completed,
T1191,D118,R1430,Bangalore,Indiranagar,Jayanagar,2023-10-08 15:17:00,,,0.0,0.0,Cancelled,Driver Cancelled
T1192,D167,R3297,Bangalore,Indiranagar,Koramangala,2023-10-05 20:26:00,2023-10-05 20:36:00,2023-10-05 20:45:00,2.4,93,Completed,
T1193,D217,R1738,Delhi,Rohini,Dwarka,2023-10-21 02:03:00,2023-10-21 02:07:00,2023-10-21 02:48:00,11.2,237,Completed,
T1194,D254,R2775,Bangalore,Indiranagar,Whitefield,2023-10-01 02:50:00,2023-10-01 02:59:00,2023-10-01 03:08:00,2.5,111,Completed,
T1195,D250,R1368,Mumbai,Powai,Juhu,2023-10-25 18:13:00,2023-10-25 18:23:00,2023-10-25 18:50:00,10.9,251,Completed,
T1196,D149,R1711,Mumbai,Andheri,Colaba,2023-10-24 04:00:00,2023-10-24 04:13:00,2023-10-24 04:50:00,14.8,363,Completed,
T1197,D334,R4901,Mumbai,Bandra,Andheri,2023-10-05 17:30:00,2023-10-05 17:33:00,2023-10-05 17:55:00,7.7,201,Completed,
T1198,D234,R3164,Delhi,Rohini,Saket,2023-10-08 01:45:00,2023-10-08 01:51:00,2023-10-08 02:13:00,6.0,156,Completed,
T1199,D328,R3348,Delhi,Rohini,Connaught Place,2023-10-17 23:34:00,2023-10-17 23:47:00,2023-10-18 00:49:00,22.1,583,Completed,
T1200,D210,R1801,Mumbai,Bandra,Colaba,2023-10-20 17:01:00,2023-10-20 17:05:00,2023-10-20 18:05:00,17.5,366,Completed,
T1201,D252,R4196,Bangalore,Koramangala,Indiranagar,2023-10-28 13:38:00,2023-10-28 13:53:00,2023-10-28 14:09:00,4.2,122,Completed,
T1202,D197,R4696,Delhi,Saket,Dwarka,2023-10-12 14:19:00,,,0.0,0.0,Cancelled,Rider Cancelled
T1203,D337,R2692,Delhi,Saket,Vasant Kunj,2023-10-09 11:24:00,2023-10-09 11:36:00,2023-10-09 12:02:00,9.8,267,Completed,
T1204,D223,R4597,Delhi,Vasant Kunj,Connaught Place,2023-10-27 15:27:00,,,0.0,0.0,Cancelled,Rider Cancelled
T1205,D143,R1609,Mumbai,Bandra,Juhu,2023-10-02 10:24:00,2023-10-02 10:26:00,2023-10-02 10:56:00,8.3,227,Completed,
T1206,D102,R3764,Bangalore,Whitefield,Indiranagar,2023-10-02 11:51:00,2023-10-02 11:56:00,2023-10-02 12:12:00,4.6,150,Completed,
T1207,D296,R2767,Bangalore,Jayanagar,Koramangala,2023-10-20 03:58:00,2023-10-20 04:02:00,2023-10-20 05:28:00,23.5,529,Completed,
T1208,D101,R4755,Delhi,Vasant Kunj,Rohini,2023-10-27 22:38:00,2023-10-27 22:40:00,2023-10-27 23:49:00,18.0,382,Completed,
T1209,D205,R3884,Bangalore,HSR Layout,Whitefield,2023-10-15 12:41:00,2023-10-15 12:46:00,2023-10-15 13:54:00,24.3,566,Completed,
T1210,D264,R4584,Mumbai,Powai,Andheri,2023-10-15 15:16:00,,,0.0,0.0,Cancelled,Driver Cancelled
T1211,D348,R3755,Mumbai,Powai,Juhu,2023-10-03 02:03:00,2023-10-03 02:05:00,2023-10-03 02:31:00,6.8,189,Completed,
T1212,D203,R3157,Mumbai,Colaba,Juhu,2023-10-17 08:20:00,,,0.0,0.0,Cancelled,Rider Cancelled
T1213,D322,R3430,Bangalore,Indiranagar,Koramangala,2023-10-26 10:01:00,2023-10-26 10:10:00,2023-10-26 11:31:00,24.4,643,Completed,
T1214,D259,R1955,Mumbai,Bandra,Juhu,2023-10-20 08:47:00,2023-10-20 08:56:00,2023-10-20 09:13:00,5.4,169,Completed,
T1215,D222,R1479,Bangalore,Koramangala,Indiranagar,2023-10-10 09:29:00,2023-10-10 09:41:00,2023-10-10 11:11:00,24.9,551,Completed,
T1216,D145,R2467,Delhi,Connaught Place,Dwarka,2023-10-12 02:20:00,2023-10-12 02:29:00,2023-10-12 02:36:00,2.6,109,Completed,
T1217,D223,R3429,Delhi,Connaught Place,Rohini,2023-10-25 13:25:00,2023-10-25 13:32:00,2023-10-25 14:36:00,19.5,397,Completed,
T1218,D297,R4761,Delhi,Rohini,Connaught Place,2023-10-30 04:02:00,2023-10-30 04:09:00,2023-10-30 05:36:00,24.1,618,Completed,
T1219,D150,R2501,Mumbai,Juhu,Powai,2023-10-27 04:02:00,2023-10-27 04:04:00,2023-10-27 04:27:00,6.6,160,Completed,
T1220,D225,R4811,Mumbai,Andheri,Powai,2023-10-27 10:11:00,2023-10-27 10:25:00,2023-10-27 10:47:00,6.1,179,Completed,
T1221,D186,R4797,Delhi,Vasant Kunj,Saket,2023-10-14 11:17:00,2023-10-14 11:20:00,2023-10-14 12:05:00,13.3,307,Completed,
T1222,D300,R4520,Mumbai,Powai,Bandra,2023-10-21 01:15:00,2023-10-21 01:22:00,2023-10-21 02:01:00,14.6,335,Completed,
T1223,D128,R3338,Mumbai,Powai,Juhu,2023-10-17 10:46:00,2023-10-17 10:48:00,2023-10-17 11:57:00,18.5,328,Completed,
T1224,D129,R2106,Delhi,Dwarka,Rohini,2023-10-25 09:11:00,2023-10-25 09:15:00,2023-10-25 10:24:00,22.5,462,Completed,
T1225,D137,R4481,Delhi,Connaught Place,Rohini,2023-10-30 15:47:00,2023-10-30 15:56:00,2023-10-30 16:57:00,24.7,535,Completed,
T1226,D212,R2114,Bangalore,Koramangala,Jayanagar,2023-10-26 18:42:00,2023-10-26 18:48:00,2023-10-26 19:34:00,17.3,385,Completed,
T1227,D168,R2438,Delhi,Dwarka,Connaught Place,2023-10-26 19:19:00,2023-10-26 19:25:00,2023-10-26 19:50:00,8.2,198,Completed,
T1228,D192,R2874,Delhi,Connaught Place,Saket,2023-10-28 13:20:00,2023-10-28 13:35:00,2023-10-28 14:36:00,21.0,566,Completed,
T1229,D325,R4686,Bangalore,Indiranagar,Whitefield,2023-10-15 02:58:00,2023-10-15 03:01:00,2023-10-15 03:10:00,2.5,92,Completed,
T1230,D110,R1489,Bangalore,HSR Layout,Whitefield,2023-10-19 21:57:00,2023-10-19 22:02:00,2023-10-19 22:41:00,10.1,295,Completed,
T1231,D283,R3930,Bangalore,Indiranagar,Jayanagar,2023-10-29 02:38:00,2023-10-29 02:40:00,2023-10-29 03:51:00,18.9,471,Completed,
T1232,D260,R4556,Mumbai,Juhu,Andheri,2023-10-06 04:21:00,2023-10-06 04:26:00,2023-10-06 05:26:00,15.6,351,Completed,
T1233,D323,R4816,Bangalore,Whitefield,Jayanagar,2023-10-29 19:41:00,,,0.0,0.0,Cancelled,Driver Cancelled
T1234,D191,R2207,Bangalore,Indiranagar,Whitefield,2023-10-26 22:52:00,2023-10-26 22:54:00,2023-10-26 23:38:00,17.2,404,Completed,
T1235,D165,R2654,Bangalore,Koramangala,HSR Layout,2023-10-24 12:26:00,2023-10-24 12:35:00,2023-10-24 13:05:00,9.7,273,Completed,
T1236,D306,R4616,Delhi,Vasant Kunj,Saket,2023-10-09 07:36:00,,,0.0,0.0,Cancelled,Driver Cancelled
T1237,D114,R2351,Bangalore,HSR Layout,Koramangala,2023-10-26 18:00:00,2023-10-26 18:04:00,2023-10-26 18:54:00,14.6,376,Completed,
T1238,D103,R3877,Mumbai,Bandra,Colaba,2023-10-29 22:32:00,2023-10-29 22:35:00,2023-10-29 23:23:00,16.1,321,Completed,
T1239,D270,R4763,Bangalore,Indiranagar,Koramangala,2023-10-15 21:31:00,2023-10-15 21:36:00,2023-10-15 22:33:00,17.1,469,Completed,
T1240,D293,R1255,Bangalore,Indiranagar,Jayanagar,2023-10-17 09:49:00,2023-10-17 10:03:00,2023-10-17 10:21:00,7.4,222,Completed,
T1241,D190,R3669,Mumbai,Colaba,Juhu,2023-10-08 18:27:00,2023-10-08 18:31:00,2023-10-08 19:25:00,14.3,327,Completed,
T1242,D341,R2422,Delhi,Rohini,Connaught Place,2023-10-02 19:33:00,2023-10-02 19:45:00,2023-10-02 19:58:00,3.9,113,Completed,
T1243,D104,R3341,Delhi,Rohini,Saket,2023-10-14 06:12:00,2023-10-14 06:20:00,2023-10-14 06:58:00,13.1,351,Completed,
T1244,D316,R2206,Bangalore,HSR Layout,Whitefield,2023-10-13 19:39:00,2023-10-13 19:49:00,2023-10-13 20:15:00,8.2,245,Completed,
T1245,D299,R3958,Mumbai,Andheri,Bandra,2023-10-18 10:21:00,,,0.0,0.0,Cancelled,Driver Not Found
T1246,D116,R4579,Bangalore,Jayanagar,HSR Layout,2023-10-04 07:38:00,2023-10-04 07:44:00,2023-10-04 08:33:00,15.2,430,Completed,
T1247,D152,R1097,Bangalore,Indiranagar,Whitefield,2023-10-13 08:24:00,2023-10-13 08:28:00,2023-10-13 08:56:00,7.9,213,Completed,
T1248,D183,R4840,Mumbai,Colaba,Juhu,2023-10-17 06:42:00,2023-10-17 06:52:00,2023-10-17 07:51:00,21.5,405,Completed,
T1249,D337,R2934,Delhi,Rohini,Saket,2023-10-04 06:23:00,2023-10-04 06:28:00,2023-10-04 07:10:00,12.1,311,Completed,
T1250,D117,R3188,Delhi,Saket,Connaught Place,2023-10-23 15:43:00,,2023-10-23 17:00:00,17.6,-466,Completed,
T1251,D164,R1758,Mumbai,Bandra,Powai,2023-10-06 05:34:00,2023-10-06 05:47:00,2023-10-06 06:17:00,8.3,222,Completed,
T1252,D346,R3853,Bangalore,Jayanagar,HSR Layout,2023-10-24 15:48:00,2023-10-24 15:59:00,2023-10-24 16:25:00,8.7,201,Completed,
T1253,D267,R3785,Bangalore,Whitefield,HSR Layout,2023-10-01 15:49:00,2023-10-01 16:02:00,2023-10-01 17:17:00,18.9,443,Completed,
T1254,D156,R1227,Delhi,Vasant Kunj,Saket,2023-10-26 09:37:00,2023-10-26 09:40:00,2023-10-26 10:20:00,13.2,360,Completed,
T1255,D294,R1101,Delhi,Saket,Dwarka,2023-10-07 01:39:00,2023-10-07 01:47:00,2023-10-07 02:10:00,6.4,177,Completed,
T1256,D327,R3611,Bangalore,HSR Layout,Whitefield,2023-10-29 06:18:00,2023-10-29 06:32:00,2023-10-29 07:16:00,13.8,384,Completed,
T1257,D286,R4366,Delhi,Dwarka,Vasant Kunj,2023-10-15 12:19:00,2023-10-15 12:31:00,2023-10-15 13:10:00,11.3,320,Completed,
T1258,D299,R1816,Mumbai,Colaba,Juhu,2023-10-01 01:39:00,2023-10-01 01:54:00,2023-10-01 02:37:00,14.8,360,Completed,
T1259,D275,R4117,Delhi,Saket,Rohini,2023-10-08 09:40:00,2023-10-08 09:44:00,2023-10-08 10:08:00,9.7,261,Completed,
T1260,D174,R1206,Mumbai,Juhu,Powai,2023-10-20 05:04:00,2023-10-20 05:12:00,2023-10-20 06:00:00,18.0,398,Completed,
T1261,D117,R2172,Delhi,Vasant Kunj,Rohini,2023-10-02 04:12:00,2023-10-02 04:27:00,2023-10-02 05:40:00,24.2,446,Completed,
T1262,D293,R1559,Bangalore,Koramangala,Indiranagar,2023-10-10 16:31:00,2023-10-10 16:40:00,2023-10-10 16:57:00,5.4,170,Completed,
T1263,D262,R3327,Delhi,Connaught Place,Rohini,2023-10-06 05:42:00,2023-10-06 05:52:00,2023-10-06 06:37:00,13.1,306,Completed,
T1264,D109,R1231,Delhi,Vasant Kunj,Saket,2023-10-08 01:40:00,2023-10-08 01:55:00,2023-10-08 03:00:00,21.6,545,Completed,
T1265,D159,R1249,Delhi,Saket,Vasant Kunj,2023-10-03 13:43:00,2023-10-03 13:52:00,2023-10-03 14:22:00,9.8,244,Completed,
T1266,D279,R1939,Bangalore,Whitefield,Indiranagar,2023-10-15 21:19:00,2023-10-15 21:31:00,2023-10-15 21:39:00,2.4,88,Completed,
T1267,D295,R2572,Mumbai,Powai,Andheri,2023-10-15 14:56:00,2023-10-15 15:04:00,2023-10-15 15:40:00,11.5,262,Completed,
T1268,D329,R3847,Delhi,Vasant Kunj,Dwarka,2023-10-05 00:25:00,2023-10-05 00:34:00,2023-10-05 01:20:00,12.7,274,Completed,
T1269,D197,R3290,Delhi,Rohini,Vasant Kunj,2023-10-15 08:29:00,,,0.0,0.0,Cancelled,Driver Not Found
T1270,D114,R1994,Bangalore,Whitefield,HSR Layout,2023-10-26 19:53:00,2023-10-26 20:07:00,2023-10-26 20:25:00,6.6,172,Completed,
T1271,D224,R3782,Mumbai,Andheri,Powai,2023-10-24 03:52:00,2023-10-24 03:54:00,2023-10-24 04:37:00,16.7,373,Completed,
T1272,D225,R1162,Mumbai,Andheri,Powai,2023-10-29 01:42:00,2023-10-29 01:57:00,2023-10-29 02:56:00,22.7,564,Completed,
T1273,D153,R2640,Mumbai,Powai,Andheri,2023-10-09 06:27:00,2023-10-09 06:37:00,2023-10-09 07:41:00,17.7,490,Completed,
T1274,D238,R2080,Delhi,Vasant Kunj,Dwarka,2023-10-16 04:30:00,2023-10-16 04:32:00,2023-10-16 05:46:00,23.3,619,Completed,
T1275,D297,R3653,Delhi,Rohini,Vasant Kunj,2023-10-26 12:02:00,2023-10-26 12:08:00,2023-10-26 12:45:00,14.3,323,Completed,
T1276,D231,R2047,Mumbai,Juhu,Powai,2023-10-02 09:43:00,2023-10-02 09:46:00,2023-10-02 10:17:00,9.2,233,Completed,
T1277,D247,R4214,Bangalore,Indiranagar,Jayanagar,2023-10-29 00:04:00,2023-10-29 00:12:00,2023-10-29 00:33:00,7.5,217,Completed,
T1278,D163,R3829,Mumbai,Bandra,Juhu,2023-10-21 18:57:00,2023-10-21 19:02:00,2023-10-21 19:37:00,13.2,294,Completed,
T1279,D113,R3152,Delhi,Vasant Kunj,Connaught Place,2023-10-28 10:12:00,2023-10-28 10:25:00,2023-10-28 11:56:00,23.9,420,Completed,
T1280,D148,R3980,Bangalore,Jayanagar,Koramangala,2023-10-27 02:24:00,2023-10-27 02:31:00,2023-10-27 03:23:00,20.1,352,Completed,
T1281,D156,R2705,Delhi,Rohini,Connaught Place,2023-10-03 17:38:00,2023-10-03 17:47:00,2023-10-03 18:20:00,10.2,241,Completed,
T1282,D191,R3912,Bangalore,Indiranagar,Whitefield,2023-10-27 06:06:00,,,0.0,0.0,Cancelled,Other
T1283,D118,R1382,Bangalore,Koramangala,Whitefield,2023-10-11 17:49:00,,,0.0,0.0,Cancelled,Driver Cancelled
T1284,D262,R4893,Delhi,Connaught Place,Saket,2023-10-23 12:34:00,2023-10-23 12:45:00,2023-10-23 13:35:00,16.6,439,Completed,
T1285,D332,R2187,Mumbai,Juhu,Powai,2023-10-18 00:43:00,2023-10-18 00:47:00,2023-10-18 01:50:00,21.4,441,Completed,
T1286,D313,R1542,Delhi,Dwarka,Saket,2023-10-26 21:55:00,2023-10-26 22:03:00,2023-10-26 22:23:00,6.7,211,Completed,
T1287,D250,R2123,Mumbai,Andheri,Powai,2023-10-14 19:22:00,2023-10-14 19:31:00,2023-10-14 20:15:00,11.8,343,Completed,
T1288,D131,R4898,Delhi,Vasant Kunj,Dwarka,2023-10-12 20:44:00,2023-10-12 20:59:00,2023-10-12 21:59:00,23.4,437,Completed,
T1289,D254,R2600,Bangalore,Jayanagar,Koramangala,2023-10-25 08:43:00,2023-10-25 08:48:00,2023-10-25 09:09:00,5.5,178,Completed,
T1290,D223,R3896,Delhi,Connaught Place,Vasant Kunj,2023-10-19 07:41:00,2023-10-19 07:46:00,2023-10-19 07:59:00,3.6,129,Completed,
T1291,D285,R3326,Bangalore,Koramangala,Indiranagar,2023-10-24 03:19:00,2023-10-24 03:34:00,2023-10-24 04:36:00,19.9,413,Completed,
T1292,D339,R4412,Bangalore,Whitefield,Jayanagar,2023-10-19 11:50:00,2023-10-19 11:52:00,2023-10-19 12:00:00,2.9,108,Completed,
T1293,D255,R1466,Mumbai,Andheri,Colaba,2023-10-20 03:24:00,2023-10-20 03:32:00,2023-10-20 04:55:00,23.1,421,Completed,
T1294,D319,R2303,Mumbai,Juhu,Colaba,2023-10-20 05:32:00,2023-10-20 05:38:00,2023-10-20 06:36:00,21.4,374,Completed,
T1295,D105,R1818,Bangalore,Koramangala,Whitefield,2023-10-27 09:36:00,,,0.0,0.0,Cancelled,Rider Cancelled
T1296,D323,R2316,Bangalore,HSR Layout,Indiranagar,2023-10-23 06:24:00,2023-10-23 06:34:00,2023-10-23 07:29:00,14.7,396,Completed,
T1297,D238,R1003,Delhi,Vasant Kunj,Rohini,2023-10-22 17:42:00,2023-10-22 17:44:00,2023-10-22 18:41:00,21.3,382,Completed,
T1298,D247,R3513,Bangalore,HSR Layout,Jayanagar,2023-10-18 13:31:00,2023-10-18 13:38:00,2023-10-18 14:16:00,15.2,409,Completed,
T1299,D110,R4042,Bangalore,Jayanagar,Indiranagar,2023-10-15 19:10:00,2023-10-15 19:25:00,2023-10-15 19:57:00,9.0,227,Completed,
T1300,D334,R3831,Mumbai,Andheri,Bandra,2023-10-02 22:29:00,2023-10-02 22:44:00,2023-10-02 23:27:00,15.0,279,Completed,
T1301,D329,R3331,Delhi,Vasant Kunj,Connaught Place,2023-10-27 12:41:00,2023-10-27 12:54:00,2023-10-27 13:03:00,2.5,100,Completed,
T1302,D285,R1079,Bangalore,Koramangala,Whitefield,2023-10-04 09:43:00,2023-10-04 09:55:00,2023-10-04 10:49:00,16.0,337,Completed,
T1303,D114,R3117,Bangalore,HSR Layout,Jayanagar,2023-10-19 22:13:00,2023-10-19 22:23:00,2023-10-19 22:36:00,4.7,136,Completed,
T1304,D307,R4980,Mumbai,Bandra,Andheri,2023-10-15 13:49:00,2023-10-15 13:58:00,2023-10-15 14:25:00,9.4,205,Completed,
T1305,D159,R4394,Delhi,Connaught Place,Vasant Kunj,2023-10-30 07:09:00,2023-10-30 07:17:00,2023-10-30 07:55:00,12.5,273,Completed,
T1306,D242,R1668,Bangalore,Indiranagar,HSR Layout,2023-10-05 18:45:00,2023-10-05 18:49:00,2023-10-05 20:12:00,21.7,502,Completed,
T1307,D215,R1076,Delhi,Saket,Dwarka,2023-10-03 14:56:00,2023-10-03 15:06:00,2023-10-03 16:04:00,15.9,289,Completed,
T1308,D190,R2463,Mumbai,Andheri,Juhu,2023-10-05 19:17:00,2023-10-05 19:23:00,2023-10-05 20:21:00,15.3,355,Completed,
T1309,D308,R1484,Delhi,Rohini,Vasant Kunj,2023-10-16 05:03:00,2023-10-16 05:07:00,2023-10-16 06:01:00,19.7,427,Completed,
T1310,D267,R4383,Bangalore,HSR Layout,Koramangala,2023-10-23 04:24:00,2023-10-23 04:34:00,2023-10-23 05:35:00,16.3,312,Completed,
T1311,D202,R2663,Bangalore,Jayanagar,Whitefield,2023-10-30 13:52:00,2023-10-30 13:55:00,2023-10-30 14:05:00,3.4,102,Completed,
T1312,D151,R2316,Delhi,Saket,Rohini,2023-10-25 19:47:00,2023-10-25 19:54:00,2023-10-25 20:55:00,19.7,488,Completed,
T1313,D256,R2531,Mumbai,Bandra,Andheri,2023-10-18 20:43:00,2023-10-18 20:51:00,2023-10-18 21:10:00,5.5,143,Completed,
T1314,D217,R1740,Delhi,Saket,Rohini,2023-10-04 15:26:00,2023-10-04 15:40:00,2023-10-04 16:54:00,22.1,552,Completed,
T1315,D146,R4512,Delhi,Rohini,Connaught Place,2023-10-29 20:24:00,2023-10-29 20:38:00,2023-10-29 21:34:00,19.2,476,Completed,
T1316,D121,R2948,Bangalore,HSR Layout,Jayanagar,2023-10-11 03:35:00,2023-10-11 03:44:00,2023-10-11 04:48:00,21.4,389,Completed,
T1317,D207,R2157,Delhi,Vasant Kunj,Dwarka,2023-10-13 22:04:00,2023-10-13 22:10:00,2023-10-13 22:18:00,3.2,119,Completed,
T1318,D265,R2306,Mumbai,Powai,Colaba,2023-10-28 23:37:00,2023-10-28 23:43:00,2023-10-29 00:08:00,7.1,164,Completed,
T1319,D128,R1512,Mumbai,Juhu,Powai,2023-10-10 14:37:00,2023-10-10 14:41:00,2023-10-10 15:14:00,11.5,276,Completed,
T1320,D147,R2325,Bangalore,HSR Layout,Koramangala,2023-10-05 00:04:00,2023-10-05 00:16:00,2023-10-05 00:53:00,13.9,373,Completed,
T1321,D295,R1509,Mumbai,Colaba,Juhu,2023-10-12 04:27:00,2023-10-12 04:41:00,2023-10-12 05:41:00,19.9,469,Completed,
T1322,D241,R3817,Delhi,Dwarka,Saket,2023-10-21 07:01:00,2023-10-21 07:11:00,2023-10-21 08:25:00,24.3,451,Completed,
T1323,D232,R2795,Delhi,Dwarka,Connaught Place,2023-10-17 05:51:00,,,0.0,0.0,Cancelled,Driver Not Found
T1324,D260,R4215,Mumbai,Powai,Colaba,2023-10-24 19:21:00,2023-10-24 19:27:00,2023-10-24 19:53:00,10.1,228,Completed,
T1325,D149,R3266,Mumbai,Bandra,Andheri,2023-10-29 22:21:00,2023-10-29 22:23:00,2023-10-29 23:23:00,18.8,432,Completed,
T1326,D150,R4339,Mumbai,Powai,Bandra,2023-10-27 04:24:00,2023-10-27 04:38:00,2023-10-27 05:32:00,17.8,455,Completed,
T1327,D183,R3351,Mumbai,Colaba,Powai,2023-10-20 21:45:00,2023-10-20 21:59:00,2023-10-20 23:03:00,21.4,410,Completed,
T1328,D218,R2175,Mumbai,Powai,Juhu,2023-10-03 20:51:00,2023-10-03 20:58:00,2023-10-03 22:22:00,23.7,593,Completed,
T1329,D188,R3949,Delhi,Dwarka,Vasant Kunj,2023-10-07 01:09:00,2023-10-07 01:22:00,2023-10-07 01:57:00,9.6,272,Completed,
T1330,D237,R4634,Bangalore,Koramangala,Indiranagar,2023-10-02 19:02:00,2023-10-02 19:07:00,2023-10-02 19:54:00,12.3,297,Completed,
T1331,D185,R1671,Bangalore,Koramangala,Indiranagar,2023-10-03 13:05:00,2023-10-03 13:12:00,2023-10-03 13:35:00,6.1,182,Completed,
T1332,D181,R1358,Delhi,Saket,Connaught Place,2023-10-29 18:24:00,2023-10-29 18:35:00,2023-10-29 19:12:00,13.6,335,Completed,
T1333,D309,R1383,Mumbai,Colaba,Juhu,2023-10-12 15:06:00,2023-10-12 15:14:00,2023-10-12 15:31:00,5.7,172,Completed,
T1334,D257,R2380,Delhi,Vasant Kunj,Rohini,2023-10-14 21:45:00,2023-10-14 21:47:00,2023-10-14 21:57:00,3.0,112,Completed,
T1335,D224,R2492,Mumbai,Andheri,Powai,2023-10-22 06:39:00,2023-10-22 06:45:00,2023-10-22 07:24:00,14.0,370,Completed,
T1336,D335,R4625,Delhi,Dwarka,Rohini,2023-10-21 12:29:00,2023-10-21 12:31:00,2023-10-21 13:01:00,8.5,217,Completed,
T1337,D105,R3280,Bangalore,Jayanagar,HSR Layout,2023-10-23 17:43:00,,,0.0,0.0,Cancelled,Rider Cancelled
T1338,D163,R3120,Mumbai,Bandra,Andheri,2023-10-07 03:11:00,2023-10-07 03:16:00,2023-10-07 04:06:00,18.4,380,Completed,
T1339,D250,R2709,Mumbai,Juhu,Andheri,2023-10-05 22:06:00,2023-10-05 22:11:00,2023-10-05 23:16:00,24.1,528,Completed,
T1340,D184,R4320,Mumbai,Powai,Andheri,2023-10-28 18:57:00,2023-10-28 18:59:00,2023-10-28 19:29:00,9.3,274,Completed,
T1341,D167,R4509,Bangalore,Koramangala,Whitefield,2023-10-18 13:38:00,2023-10-18 13:52:00,2023-10-18 15:11:00,22.1,412,Completed,
T1342,D305,R1042,Delhi,Connaught Place,Vasant Kunj,2023-10-21 10:31:00,,,0.0,0.0,Cancelled,Rider Cancelled
T1343,D181,R1565,Delhi,Vasant Kunj,Saket,2023-10-16 11:09:00,2023-10-16 11:24:00,2023-10-16 11:33:00,3.0,117,Completed,
T1344,D141,R1162,Mumbai,Powai,Andheri,2023-10-05 13:50:00,2023-10-05 13:59:00,2023-10-05 15:05:00,22.4,526,Completed,
T1345,D305,R2524,Delhi,Vasant Kunj,Saket,2023-10-22 08:01:00,2023-10-22 08:15:00,2023-10-22 08:33:00,4.8,166,Completed,
T1346,D316,R1406,Bangalore,Indiranagar,Koramangala,2023-10-07 02:01:00,2023-10-07 02:14:00,2023-10-07 03:17:00,17.8,372,Completed,
T1347,D104,R2740,Delhi,Vasant Kunj,Saket,2023-10-29 11:00:00,2023-10-29 11:12:00,2023-10-29 11:42:00,7.6,218,Completed,
T1348,D145,R4267,Delhi,Vasant Kunj,Saket,2023-10-27 13:51:00,2023-10-27 13:58:00,2023-10-27 14:33:00,9.3,213,Completed,
T1349,D312,R4091,Delhi,Connaught Place,Saket,2023-10-10 10:48:00,,,0.0,0.0,Cancelled,Driver Cancelled
T1350,D299,R1267,Mumbai,Andheri,Powai,2023-10-27 04:16:00,2023-10-27 04:26:00,2023-10-27 05:42:00,22.0,-427,Completed,
T1351,D169,R2505,Delhi,Dwarka,Rohini,2023-10-27 09:55:00,2023-10-27 10:09:00,2023-10-27 11:06:00,16.9,322,Completed,
T1352,D223,R3459,Delhi,Connaught Place,Dwarka,2023-10-05 00:59:00,,,0.0,0.0,Cancelled,Rider Cancelled
T1353,D205,R2168,Bangalore,Whitefield,Koramangala,2023-10-15 09:38:00,,,0.0,0.0,Cancelled,Driver Not Found
T1354,D119,R3801,Mumbai,Colaba,Bandra,2023-10-08 06:16:00,2023-10-08 06:30:00,2023-10-08 07:54:00,24.4,434,Completed,
T1355,D316,R3553,Bangalore,Indiranagar,Whitefield,2023-10-14 14:06:00,,,0.0,0.0,Cancelled,Driver Cancelled
T1356,D122,R1234,Bangalore,Whitefield,Jayanagar,2023-10-23 23:44:00,2023-10-23 23:52:00,2023-10-24 00:41:00,15.1,296,Completed,
T1357,D217,R1473,Delhi,Rohini,Dwarka,2023-10-08 09:19:00,2023-10-08 09:22:00,2023-10-08 10:08:00,16.6,389,Completed,
T1358,D164,R3202,Mumbai,Juhu,Powai,2023-10-16 12:53:00,2023-10-16 13:06:00,2023-10-16 13:28:00,7.2,206,Completed,
T1359,D248,R3832,Bangalore,Indiranagar,Jayanagar,2023-10-26 05:24:00,2023-10-26 05:35:00,2023-10-26 06:50:00,19.4,410,Completed,
T1360,D283,R2003,Bangalore,Koramangala,Jayanagar,2023-10-05 02:10:00,2023-10-05 02:18:00,2023-10-05 03:19:00,24.4,578,Completed,
T1361,D270,R4679,Bangalore,Whitefield,Indiranagar,2023-10-09 06:54:00,2023-10-09 06:58:00,2023-10-09 07:56:00,17.3,385,Completed,
T1362,D196,R4910,Delhi,Saket,Rohini,2023-10-21 01:25:00,,,0.0,0.0,Cancelled,Rider Cancelled
T1363,D245,R3623,Bangalore,Jayanagar,Whitefield,2023-10-03 23:26:00,2023-10-03 23:41:00,2023-10-03 23:58:00,6.0,167,Completed,
T1364,D101,R2376,Delhi,Saket,Connaught Place,2023-10-10 06:15:00,2023-10-10 06:27:00,2023-10-10 07:40:00,24.0,581,Completed,
T1365,D214,R2204,Mumbai,Bandra,Juhu,2023-10-19 08:43:00,2023-10-19 08:53:00,2023-10-19 09:25:00,10.0,210,Completed,
T1366,D246,R4794,Bangalore,Koramangala,Whitefield,2023-10-14 09:12:00,,,0.0,0.0,Cancelled,Driver Cancelled
T1367,D131,R1207,Delhi,Dwarka,Rohini,2023-10-05 12:56:00,2023-10-05 12:59:00,2023-10-05 13:06:00,2.5,97,Completed,
T1368,D338,R1101,Delhi,Connaught Place,Dwarka,2023-10-21 01:38:00,2023-10-21 01:49:00,2023-10-21 02:50:00,21.0,514,Completed,
T1369,D303,R3425,Delhi,Rohini,Saket,2023-10-09 10:24:00,2023-10-09 10:27:00,2023-10-09 11:49:00,23.8,637,Completed,
T1370,D107,R3232,Mumbai,Powai,Bandra,2023-10-21 18:07:00,2023-10-21 18:17:00,2023-10-21 18:35:00,5.3,136,Completed,
T1371,D136,R2421,Mumbai,Powai,Andheri,2023-10-01 14:49:00,2023-10-01 14:53:00,2023-10-01 15:19:00,9.8,284,Completed,
T1372,D242,R4649,Bangalore,Jayanagar,Indiranagar,2023-10-10 21:35:00,,,0.0,0.0,Cancelled,Rider Cancelled
T1373,D297,R4054,Delhi,Rohini,Connaught Place,2023-10-18 05:17:00,2023-10-18 05:24:00,2023-10-18 06:15:00,15.6,354,Completed,
T1374,D104,R2170,Delhi,Vasant Kunj,Dwarka,2023-10-29 22:10:00,2023-10-29 22:18:00,2023-10-29 23:19:00,23.5,594,Completed,
T1375,D128,R1310,Mumbai,Juhu,Powai,2023-10-05 13:10:00,,,0.0,0.0,Cancelled,Driver Not Found
T1376,D147,R3142,Bangalore,Koramangala,HSR Layout,2023-10-21 00:51:00,2023-10-21 01:03:00,2023-10-21 01:51:00,16.6,415,Completed,
T1377,D341,R2190,Delhi,Vasant Kunj,Dwarka,2023-10-21 09:17:00,2023-10-21 09:25:00,2023-10-21 09:47:00,8.0,224,Completed,
T1378,D268,R2726,Delhi,Saket,Connaught Place,2023-10-08 01:31:00,2023-10-08 01:39:00,2023-10-08 01:52:00,4.4,127,Completed,
T1379,D172,R3567,Bangalore,Koramangala,Indiranagar,2023-10-09 18:57:00,2023-10-09 19:09:00,2023-10-09 20:07:00,23.0,437,Completed,
T1380,D170,R4748,Delhi,Dwarka,Rohini,2023-10-18 22:41:00,2023-10-18 22:54:00,2023-10-18 23:32:00,13.9,266,Completed,
T1381,D262,R3245,Delhi,Saket,Rohini,2023-10-17 09:22:00,2023-10-17 09:31:00,2023-10-17 09:59:00,8.1,175,Completed,
T1382,D230,R4297,Bangalore,HSR Layout,Indiranagar,2023-10-17 19:16:00,,,0.0,0.0,Cancelled,Driver Not Found
T1383,D299,R4626,Mumbai,Andheri,Colaba,2023-10-19 03:44:00,2023-10-19 03:58:00,2023-10-19 04:05:00,2.2,98,Completed,
T1384,D344,R2903,Mumbai,Juhu,Bandra,2023-10-02 22:39:00,2023-10-02 22:54:00,2023-10-02 23:54:00,17.3,474,Completed,
T1385,D220,R3576,Delhi,Rohini,Connaught Place,2023-10-21 06:18:00,2023-10-21 06:27:00,2023-10-21 06:59:00,8.5,243,Completed,
T1386,D204,R3654,Bangalore,Koramangala,HSR Layout,2023-10-08 13:58:00,2023-10-08 14:01:00,2023-10-08 14:56:00,21.2,538,Completed,
T1387,D313,R1085,Delhi,Connaught Place,Saket,2023-10-23 22:16:00,2023-10-23 22:27:00,2023-10-23 22:59:00,9.6,221,Completed,
T1388,D176,R1927,Delhi,Connaught Place,Rohini,2023-10-15 04:51:00,2023-10-15 05:03:00,2023-10-15 06:08:00,24.4,581,Completed,
T1389,D192,R1357,Delhi,Connaught Place,Dwarka,2023-10-01 20:05:00,2023-10-01 20:14:00,2023-10-01 20:43:00,10.0,262,Completed,
T1390,D226,R1191,Delhi,Dwarka,Rohini,2023-10-23 15:32:00,2023-10-23 15:41:00,2023-10-23 16:11:00,10.9,249,Completed,
T1391,D155,R3794,Mumbai,Powai,Juhu,2023-10-29 11:36:00,2023-10-29 11:43:00,2023-10-29 12:01:00,5.5,182,Completed,
T1392,D173,R1372,Mumbai,Powai,Bandra,2023-10-02 20:57:00,2023-10-02 21:05:00,2023-10-02 21:51:00,18.3,414,Completed,
T1393,D187,R1840,Bangalore,Koramangala,Indiranagar,2023-10-23 21:17:00,2023-10-23 21:19:00,2023-10-23 21:30:00,3.6,132,Completed,
T1394,D168,R3676,Delhi,Vasant Kunj,Dwarka,2023-10-30 22:30:00,,,0.0,0.0,Cancelled,Driver Cancelled
T1395,D264,R1279,Mumbai,Andheri,Juhu,2023-10-13 02:58:00,,,0.0,0.0,Cancelled,Driver Cancelled
T1396,D116,R3557,Bangalore,Indiranagar,Jayanagar,2023-10-30 03:09:00,2023-10-30 03:14:00,2023-10-30 03:39:00,9.8,231,Completed,
T1397,D248,R4194,Bangalore,HSR Layout,Whitefield,2023-10-04 03:01:00,2023-10-04 03:12:00,2023-10-04 03:38:00,6.8,215,Completed,
T1398,D305,R3441,Delhi,Saket,Rohini,2023-10-22 00:44:00,2023-10-22 00:58:00,2023-10-22 01:39:00,16.4,365,Completed,
T1399,D296,R1972,Bangalore,Koramangala,HSR Layout,2023-10-16 09:34:00,2023-10-16 09:40:00,2023-10-16 09:50:00,3.6,130,Completed,
T1400,D332,R1067,Mumbai,Colaba,Juhu,2023-10-04 05:07:00,2023-10-04 05:10:00,2023-10-04 05:00:00,12.2,318,Completed,
T1401,D214,R3636,Mumbai,Powai,Juhu,2023-10-30 19:14:00,,,0.0,0.0,Cancelled,Driver Not Found
T1402,D263,R2041,Delhi,Rohini,Vasant Kunj,2023-10-06 09:33:00,2023-10-06 09:43:00,2023-10-06 10:44:00,16.5,373,Completed,
T1403,D241,R3413,Delhi,Dwarka,Vasant Kunj,2023-10-11 03:12:00,2023-10-11 03:25:00,2023-10-11 03:45:00,5.9,179,Completed,
T1404,D197,R2752,Delhi,Dwarka,Connaught Place,2023-10-25 00:32:00,2023-10-25 00:47:00,2023-10-25 01:15:00,9.9,242,Completed,
T1405,D304,R3885,Mumbai,Powai,Bandra,2023-10-23 03:24:00,2023-10-23 03:33:00,2023-10-23 04:31:00,15.0,366,Completed,
T1406,D102,R3250,Bangalore,Jayanagar,Koramangala,2023-10-16 00:32:00,2023-10-16 00:43:00,2023-10-16 01:39:00,14.6,336,Completed,
T1407,D138,R2938,Bangalore,HSR Layout,Indiranagar,2023-10-30 01:31:00,2023-10-30 01:35:00,2023-10-30 01:49:00,5.3,163,Completed,
T1408,D333,R3258,Delhi,Saket,Vasant Kunj,2023-10-18 14:29:00,,,0.0,0.0,Cancelled,Driver Cancelled
T1409,D297,R3034,Delhi,Vasant Kunj,Dwarka,2023-10-25 06:23:00,2023-10-25 06:28:00,2023-10-25 06:34:00,2.3,87,Completed,
T1410,D126,R3379,Mumbai,Powai,Juhu,2023-10-29 23:23:00,,,0.0,0.0,Cancelled,Driver Cancelled
T1411,D329,R1971,Delhi,Dwarka,Vasant Kunj,2023-10-11 05:54:00,2023-10-11 06:07:00,2023-10-11 07:00:00,17.6,337,Completed,
T1412,D323,R4759,Bangalore,Whitefield,Indiranagar,2023-10-24 00:45:00,2023-10-24 00:51:00,2023-10-24 01:40:00,12.7,297,Completed,
T1413,D244,R2212,Mumbai,Bandra,Powai,2023-10-02 07:05:00,2023-10-02 07:13:00,2023-10-02 08:08:00,19.4,528,Completed,
T1414,D339,R2004,Bangalore,Whitefield,HSR Layout,2023-10-25 20:57:00,2023-10-25 21:09:00,2023-10-25 22:13:00,19.0,360,Completed,
T1415,D169,R3229,Delhi,Connaught Place,Saket,2023-10-13 03:48:00,2023-10-13 03:52:00,2023-10-13 04:57:00,21.4,411,Completed,
T1416,D140,R1641,Mumbai,Powai,Andheri,2023-10-07 19:22:00,2023-10-07 19:34:00,2023-10-07 20:57:00,24.7,577,Completed,
T1417,D192,R4888,Delhi,Vasant Kunj,Saket,2023-10-20 14:02:00,2023-10-20 14:10:00,2023-10-20 14:54:00,14.7,302,Completed,
T1418,D225,R3311,Mumbai,Juhu,Powai,2023-10-25 14:49:00,2023-10-25 15:04:00,2023-10-25 15:42:00,12.3,328,Completed,
T1419,D161,R3210,Bangalore,HSR Layout,Jayanagar,2023-10-02 13:58:00,2023-10-02 14:03:00,2023-10-02 15:00:00,15.3,318,Completed,
T1420,D213,R3343,Mumbai,Juhu,Andheri,2023-10-17 16:32:00,,,0.0,0.0,Cancelled,Rider Cancelled
T1421,D316,R4994,Bangalore,HSR Layout,Whitefield,2023-10-20 20:55:00,2023-10-20 21:01:00,2023-10-20 21:14:00,4.5,130,Completed,
T1422,D235,R2089,Delhi,Dwarka,Saket,2023-10-30 04:23:00,2023-10-30 04:26:00,2023-10-30 05:17:00,13.1,365,Completed,
T1423,D275,R4088,Delhi,Connaught Place,Saket,2023-10-25 16:56:00,2023-10-25 17:02:00,2023-10-25 17:07:00,2.0,100,Completed,
T1424,D238,R2913,Delhi,Dwarka,Saket,2023-10-01 06:55:00,2023-10-01 07:05:00,2023-10-01 07:31:00,8.6,221,Completed,
T1425,D336,R4158,Delhi,Connaught Place,Rohini,2023-10-19 11:47:00,2023-10-19 11:55:00,2023-10-19 12:08:00,5.0,164,Completed,
T1426,D254,R3859,Bangalore,Whitefield,HSR Layout,2023-10-11 05:44:00,2023-10-11 05:55:00,2023-10-11 06:39:00,13.5,278,Completed,
T1427,D336,R4936,Delhi,Vasant Kunj,Dwarka,2023-10-28 07:51:00,2023-10-28 07:57:00,2023-10-28 08:21:00,8.5,213,Completed,
T1428,D199,R4721,Bangalore,Whitefield,HSR Layout,2023-10-09 07:42:00,2023-10-09 07:54:00,2023-10-09 08:02:00,2.4,94,Completed,
T1429,D120,R4760,Delhi,Saket,Vasant Kunj,2023-10-09 04:30:00,2023-10-09 04:34:00,2023-10-09 05:04:00,7.9,233,Completed,
T1430,D184,R4467,Mumbai,Andheri,Colaba,2023-10-23 00:11:00,2023-10-23 00:13:00,2023-10-23 01:30:00,20.5,529,Completed,
T1431,D314,R4363,Mumbai,Andheri,Bandra,2023-10-15 12:04:00,2023-10-15 12:18:00,2023-10-15 13:38:00,21.2,438,Completed,
T1432,D217,R2421,Delhi,Saket,Connaught Place,2023-10-16 10:42:00,2023-10-16 10:47:00,2023-10-16 11:12:00,7.8,206,Completed,
T1433,D283,R1972,Bangalore,Jayanagar,Koramangala,2023-10-15 20:27:00,2023-10-15 20:42:00,2023-10-15 21:35:00,16.3,392,Completed,
T1434,D133,R3268,Bangalore,Whitefield,Jayanagar,2023-10-26 06:53:00,,,0.0,0.0,Cancelled,Payment Issue
T1435,D158,R4220,Bangalore,Indiranagar,Whitefield,2023-10-26 00:17:00,2023-10-26 00:32:00,2023-10-26 01:05:00,8.6,221,Completed,
T1436,D146,R4310,Delhi,Dwarka,Rohini,2023-10-01 12:26:00,2023-10-01 12:31:00,2023-10-01 13:30:00,23.7,579,Completed,
T1437,D313,R1488,Delhi,Vasant Kunj,Dwarka,2023-10-19 21:25:00,2023-10-19 21:28:00,2023-10-19 22:29:00,15.9,328,Completed,
T1438,D131,R2593,Delhi,Dwarka,Connaught Place,2023-10-14 18:51:00,2023-10-14 18:57:00,2023-10-14 19:48:00,14.5,301,Completed,
T1439,D293,R2277,Bangalore,Jayanagar,HSR Layout,2023-10-28 13:55:00,2023-10-28 14:06:00,2023-10-28 15:15:00,23.8,576,Completed,
T1440,D223,R3786,Delhi,Connaught Place,Saket,2023-10-09 14:28:00,2023-10-09 14:37:00,2023-10-09 16:05:00,25.0,614,Completed,
T1441,D260,R3868,Mumbai,Juhu,Colaba,2023-10-20 06:05:00,2023-10-20 06:18:00,2023-10-20 06:46:00,9.3,264,Completed,
T1442,D282,R4401,Mumbai,Colaba,Powai,2023-10-13 05:00:00,2023-10-13 05:04:00,2023-10-13 05:39:00,11.8,307,Completed,
T1443,D249,R3762,Bangalore,Koramangala,Whitefield,2023-10-23 01:34:00,,,0.0,0.0,Cancelled,Driver Cancelled
T1444,D145,R4536,Delhi,Vasant Kunj,Rohini,2023-10-10 08:58:00,2023-10-10 09:03:00,2023-10-10 10:00:00,22.5,529,Completed,
T1445,D140,R4941,Mumbai,Juhu,Powai,2023-10-13 05:44:00,2023-10-13 05:54:00,2023-10-13 06:33:00,11.5,262,Completed,
T1446,D173,R1430,Mumbai,Bandra,Andheri,2023-10-05 13:33:00,2023-10-05 13:37:00,2023-10-05 14:32:00,14.3,331,Completed,
T1447,D183,R4124,Mumbai,Powai,Bandra,2023-10-27 03:37:00,2023-10-27 03:52:00,2023-10-27 04:04:00,4.6,134,Completed,
T1448,D108,R1619,Delhi,Connaught Place,Dwarka,2023-10-13 11:20:00,,,0.0,0.0,Cancelled,Driver Cancelled
T1449,D144,R1896,Mumbai,Colaba,Andheri,2023-10-25 06:50:00,2023-10-25 06:52:00,2023-10-25 08:16:00,21.8,424,Completed,
T1450,D209,R4967,Bangalore,Indiranagar,Whitefield,2023-10-29 08:26:00,2023-10-29 08:32:00,2023-10-29 08:45:00,3.7,107,Completed,
T1451,D322,R2342,Bangalore,Indiranagar,Koramangala,2023-10-06 14:52:00,2023-10-06 15:04:00,2023-10-06 15:22:00,5.0,145,Completed,
T1452,D175,R3652,Mumbai,Juhu,Colaba,2023-10-27 01:52:00,2023-10-27 01:55:00,2023-10-27 03:18:00,23.0,583,Completed,
T1453,D113,R2779,Delhi,Rohini,Vasant Kunj,2023-10-18 23:24:00,2023-10-18 23:38:00,2023-10-19 00:08:00,10.6,237,Completed,
T1454,D136,R3751,Mumbai,Andheri,Juhu,2023-10-15 06:06:00,2023-10-15 06:11:00,2023-10-15 06:42:00,11.0,286,Completed,
T1455,D125,R2831,Delhi,Vasant Kunj,Rohini,2023-10-12 23:08:00,2023-10-12 23:14:00,2023-10-12 23:22:00,2.4,97,Completed,
T1456,D282,R1077,Mumbai,Colaba,Bandra,2023-10-06 16:29:00,2023-10-06 16:40:00,2023-10-06 17:53:00,19.7,450,Completed,
T1457,D145,R3529,Delhi,Connaught Place,Vasant Kunj,2023-10-15 03:40:00,2023-10-15 03:52:00,2023-10-15 05:06:00,23.4,488,Completed,
T1458,D241,R3590,Delhi,Vasant Kunj,Rohini,2023-10-20 10:47:00,2023-10-20 10:57:00,2023-10-20 11:57:00,15.3,389,Completed,
T1459,D319,R3004,Mumbai,Andheri,Juhu,2023-10-04 06:03:00,2023-10-04 06:13:00,2023-10-04 07:09:00,15.8,418,Completed,
T1460,D287,R1194,Bangalore,Indiranagar,HSR Layout,2023-10-13 23:24:00,2023-10-13 23:27:00,2023-10-14 00:43:00,20.9,388,Completed,
T1461,D245,R3637,Bangalore,Jayanagar,Koramangala,2023-10-09 08:08:00,2023-10-09 08:11:00,2023-10-09 09:18:00,17.5,462,Completed,
T1462,D178,R1274,Mumbai,Bandra,Powai,2023-10-02 23:36:00,2023-10-02 23:42:00,2023-10-03 00:34:00,20.1,368,Completed,
T1463,D103,R1442,Mumbai,Juhu,Colaba,2023-10-13 00:31:00,2023-10-13 00:42:00,2023-10-13 01:52:00,24.2,554,Completed,
T1464,D114,R3110,Bangalore,HSR Layout,Koramangala,2023-10-19 21:36:00,2023-10-19 21:43:00,2023-10-19 22:59:00,22.6,471,Completed,
T1465,D296,R3320,Bangalore,Koramangala,Indiranagar,2023-10-20 13:07:00,,,0.0,0.0,Cancelled,Other
T1466,D136,R4757,Mumbai,Bandra,Powai,2023-10-14 03:56:00,2023-10-14 04:04:00,2023-10-14 04:13:00,3.4,128,Completed,
T1467,D334,R4048,Mumbai,Bandra,Colaba,2023-10-09 14:17:00,2023-10-09 14:28:00,2023-10-09 15:33:00,17.9,469,Completed,
T1468,D162,R3653,Delhi,Vasant Kunj,Saket,2023-10-27 02:25:00,2023-10-27 02:27:00,2023-10-27 03:48:00,23.1,514,Completed,
T1469,D211,R3655,Delhi,Rohini,Dwarka,2023-10-06 22:27:00,2023-10-06 22:40:00,2023-10-07 00:01:00,24.8,532,Completed,
T1470,D264,R2037,Mumbai,Powai,Juhu,2023-10-05 10:49:00,2023-10-05 11:02:00,2023-10-05 11:09:00,2.7,104,Completed,
T1471,D120,R4749,Delhi,Saket,Rohini,2023-10-08 17:15:00,2023-10-08 17:22:00,2023-10-08 17:36:00,3.7,128,Completed,
T1472,D230,R4180,Bangalore,HSR Layout,Jayanagar,2023-10-19 18:56:00,,,0.0,0.0,Cancelled,Rider Cancelled
T1473,D185,R4396,Bangalore,Jayanagar,Koramangala,2023-10-13 14:22:00,2023-10-13 14:28:00,2023-10-13 15:32:00,24.3,447,Completed,
T1474,D262,R4212,Delhi,Vasant Kunj,Saket,2023-10-04 01:27:00,2023-10-04 01:33:00,2023-10-04 01:55:00,5.7,191,Completed,
T1475,D151,R2571,Delhi,Saket,Rohini,2023-10-25 21:07:00,2023-10-25 21:10:00,2023-10-25 22:24:00,19.9,359,Completed,
T1476,D289,R2606,Delhi,Vasant Kunj,Connaught Place,2023-10-14 13:40:00,2023-10-14 13:54:00,2023-10-14 14:45:00,15.2,428,Completed,
T1477,D114,R4261,Bangalore,Koramangala,Jayanagar,2023-10-15 01:49:00,2023-10-15 01:54:00,2023-10-15 02:39:00,13.8,334,Completed,
T1478,D133,R4470,Bangalore,Koramangala,Jayanagar,2023-10-11 13:04:00,2023-10-11 13:18:00,2023-10-11 14:39:00,23.2,479,Completed,
T1479,D319,R2658,Mumbai,Colaba,Powai,2023-10-26 07:41:00,2023-10-26 07:52:00,2023-10-26 09:05:00,19.9,533,Completed,
T1480,D317,R4486,Delhi,Saket,Vasant Kunj,2023-10-19 03:52:00,2023-10-19 04:01:00,2023-10-19 04:49:00,15.9,435,Completed,
T1481,D103,R4506,Mumbai,Colaba,Andheri,2023-10-07 09:22:00,2023-10-07 09:32:00,2023-10-07 10:46:00,23.2,453,Completed,
T1482,D322,R4272,Bangalore,Whitefield,Jayanagar,2023-10-22 04:02:00,,,0.0,0.0,Cancelled,Driver Cancelled
T1483,D239,R3520,Delhi,Rohini,Dwarka,2023-10-11 18:04:00,2023-10-11 18:08:00,2023-10-11 19:16:00,19.0,348,Completed,
T1484,D167,R4423,Bangalore,HSR Layout,Indiranagar,2023-10-23 19:38:00,2023-10-23 19:44:00,2023-10-23 19:52:00,2.7,98,Completed,
T1485,D219,R1973,Bangalore,Indiranagar,HSR Layout,2023-10-25 18:43:00,2023-10-25 18:58:00,2023-10-25 19:34:00,13.0,332,Completed,
T1486,D343,R1656,Mumbai,Bandra,Powai,2023-10-01 04:58:00,,,0.0,0.0,Cancelled,Rider Cancelled
T1487,D134,R1241,Mumbai,Bandra,Powai,2023-10-06 14:26:00,2023-10-06 14:35:00,2023-10-06 15:27:00,13.3,290,Completed,
T1488,D184,R1948,Mumbai,Juhu,Andheri,2023-10-20 19:28:00,2023-10-20 19:36:00,2023-10-20 19:48:00,5.0,164,Completed,
T1489,D137,R2454,Delhi,Connaught Place,Vasant Kunj,2023-10-29 02:31:00,2023-10-29 02:41:00,2023-10-29 03:31:00,14.9,355,Completed,
T1490,D152,R1273,Bangalore,Jayanagar,Koramangala,2023-10-24 17:15:00,2023-10-24 17:22:00,2023-10-24 18:31:00,23.1,560,Completed,
T1491,D332,R2668,Mumbai,Powai,Andheri,2023-10-14 20:04:00,2023-10-14 20:12:00,2023-10-14 21:22:00,20.0,481,Completed,
T1492,D118,R1697,Bangalore,Indiranagar,Koramangala,2023-10-25 16:32:00,2023-10-25 16:47:00,2023-10-25 17:37:00,17.3,466,Completed,
T1493,D221,R4468,Bangalore,Jayanagar,Whitefield,2023-10-12 09:42:00,2023-10-12 09:49:00,2023-10-12 10:32:00,12.3,304,Completed,
T1494,D339,R1465,Bangalore,Koramangala,Jayanagar,2023-10-08 21:06:00,2023-10-08 21:14:00,2023-10-08 21:39:00,8.7,196,Completed,
T1495,D182,R2758,Bangalore,Whitefield,Jayanagar,2023-10-04 21:59:00,2023-10-04 22:10:00,2023-10-04 22:40:00,7.9,171,Completed,
T1496,D330,R2817,Delhi,Saket,Connaught Place,2023-10-24 11:29:00,2023-10-24 11:35:00,2023-10-24 12:22:00,18.7,440,Completed,
T1497,D113,R2502,Delhi,Dwarka,Saket,2023-10-25 16:31:00,,,0.0,0.0,Cancelled,Other
T1498,D182,R2875,Bangalore,Indiranagar,HSR Layout,2023-10-27 06:23:00,2023-10-27 06:37:00,2023-10-27 07:16:00,13.5,271,Completed,
T1499,D292,R4387,Bangalore,Whitefield,HSR Layout,2023-10-10 06:16:00,2023-10-10 06:22:00,2023-10-10 06:47:00,6.6,212,Completed,
T1500,D9999,R2750,Bangalore,HSR Layout,Koramangala,2023-10-30 08:43:00,,2023-10-30 09:17:00,12.1,337,Completed,
T1501,D241,R4054,Delhi,Saket,Connaught Place,2023-10-30 14:54:00,2023-10-30 15:09:00,2023-10-30 15:55:00,14.8,415,Completed,
T1502,D146,R2211,Delhi,Rohini,Vasant Kunj,2023-10-28 09:10:00,2023-10-28 09:18:00,2023-10-28 09:55:00,13.4,336,Completed,
T1503,D225,R3102,Mumbai,Bandra,Andheri,2023-10-25 22:48:00,2023-10-25 22:54:00,2023-10-25 23:24:00,9.2,252,Completed,
T1504,D203,R3620,Mumbai,Colaba,Juhu,2023-10-25 14:15:00,2023-10-25 14:28:00,2023-10-25 15:30:00,15.8,321,Completed,
T1505,D341,R2710,Delhi,Vasant Kunj,Rohini,2023-10-05 19:03:00,2023-10-05 19:16:00,2023-10-05 20:20:00,17.4,390,Completed,
T1506,D327,R3688,Bangalore,Jayanagar,Koramangala,2023-10-25 04:49:00,2023-10-25 05:04:00,2023-10-25 06:29:00,24.9,592,Completed,
T1507,D167,R1133,Bangalore,Koramangala,Indiranagar,2023-10-20 10:13:00,2023-10-20 10:27:00,2023-10-20 11:02:00,12.3,272,Completed,
T1508,D254,R3878,Bangalore,Koramangala,Jayanagar,2023-10-12 11:11:00,2023-10-12 11:25:00,2023-10-12 11:59:00,10.1,223,Completed,
T1509,D148,R1065,Bangalore,Jayanagar,HSR Layout,2023-10-30 12:21:00,2023-10-30 12:30:00,2023-10-30 13:12:00,11.4,311,Completed,
T1510,D232,R4120,Delhi,Saket,Rohini,2023-10-21 13:40:00,2023-10-21 13:47:00,2023-10-21 15:04:00,22.1,464,Completed,
T1511,D287,R3151,Bangalore,Indiranagar,HSR Layout,2023-10-27 15:13:00,,,0.0,0.0,Cancelled,Driver Not Found
T1512,D172,R2299,Bangalore,Indiranagar,Jayanagar,2023-10-19 08:11:00,2023-10-19 08:20:00,2023-10-19 09:23:00,16.4,437,Completed,
T1513,D303,R3265,Delhi,Rohini,Dwarka,2023-10-29 08:18:00,2023-10-29 08:26:00,2023-10-29 08:51:00,10.0,262,Completed,
T1514,D218,R2843,Mumbai,Bandra,Powai,2023-10-29 11:27:00,2023-10-29 11:40:00,2023-10-29 12:46:00,17.2,447,Completed,
T1515,D288,R2772,Mumbai,Powai,Colaba,2023-10-18 21:58:00,2023-10-18 22:04:00,2023-10-18 22:28:00,9.5,203,Completed,
T1516,D174,R1354,Mumbai,Colaba,Juhu,2023-10-16 23:23:00,2023-10-16 23:27:00,2023-10-16 23:48:00,6.0,197,Completed,
T1517,D350,R1348,Delhi,Connaught Place,Rohini,2023-10-12 17:03:00,2023-10-12 17:09:00,2023-10-12 18:01:00,20.0,529,Completed,
T1518,D147,R2608,Bangalore,HSR Layout,Jayanagar,2023-10-17 23:01:00,,,0.0,0.0,Cancelled,Driver Cancelled
T1519,D336,R2940,Delhi,Rohini,Vasant Kunj,2023-10-17 06:24:00,2023-10-17 06:39:00,2023-10-17 07:45:00,22.5,578,Completed,
T1520,D344,R2115,Mumbai,Powai,Juhu,2023-10-30 19:39:00,2023-10-30 19:46:00,2023-10-30 20:01:00,4.9,167,Completed,
T1521,D102,R3768,Bangalore,HSR Layout,Indiranagar,2023-10-07 03:50:00,2023-10-07 03:55:00,2023-10-07 04:31:00,11.4,247,Completed,
T1522,D210,R2933,Mumbai,Bandra,Powai,2023-10-09 02:50:00,2023-10-09 02:53:00,2023-10-09 04:13:00,21.6,417,Completed,
T1523,D324,R1916,Mumbai,Andheri,Bandra,2023-10-18 00:20:00,2023-10-18 00:34:00,2023-10-18 00:55:00,7.0,218,Completed,
T1524,D192,R4511,Delhi,Saket,Rohini,2023-10-22 16:35:00,2023-10-22 16:41:00,2023-10-22 17:45:00,18.9,520,Completed,
T1525,D282,R3069,Mumbai,Powai,Andheri,2023-10-20 21:28:00,2023-10-20 21:40:00,2023-10-20 22:02:00,6.3,161,Completed,
T1526,D133,R4639,Bangalore,Jayanagar,Koramangala,2023-10-08 09:44:00,2023-10-08 09:47:00,2023-10-08 11:06:00,24.4,507,Completed,
T1527,D173,R1300,Mumbai,Bandra,Colaba,2023-10-20 15:15:00,2023-10-20 15:21:00,2023-10-20 16:16:00,16.2,441,Completed,
T1528,D165,R4668,Bangalore,Koramangala,HSR Layout,2023-10-16 23:24:00,2023-10-16 23:30:00,2023-10-17 00:58:00,23.0,585,Completed,
T1529,D198,R1369,Delhi,Dwarka,Connaught Place,2023-10-22 18:09:00,2023-10-22 18:19:00,2023-10-22 19:21:00,17.4,404,Completed,
T1530,D325,R1154,Bangalore,Jayanagar,Koramangala,2023-10-19 05:45:00,2023-10-19 05:50:00,2023-10-19 06:34:00,11.5,250,Completed,
T1531,D301,R4183,Delhi,Rohini,Connaught Place,2023-10-25 19:32:00,,,0.0,0.0,Cancelled,Driver Not Found
T1532,D200,R2930,Mumbai,Colaba,Powai,2023-10-20 17:06:00,2023-10-20 17:21:00,2023-10-20 18:30:00,20.2,370,Completed,
T1533,D128,R1920,Mumbai,Juhu,Andheri,2023-10-10 00:15:00,2023-10-10 00:23:00,2023-10-10 00:54:00,8.9,221,Completed,
T1534,D199,R2160,Bangalore,Koramangala,Indiranagar,2023-10-27 18:54:00,2023-10-27 19:03:00,2023-10-27 19:56:00,16.6,309,Completed,
T1535,D176,R1795,Delhi,Rohini,Connaught Place,2023-10-21 03:08:00,2023-10-21 03:13:00,2023-10-21 03:31:00,7.0,203,Completed,
T1536,D149,R1860,Mumbai,Colaba,Bandra,2023-10-18 22:49:00,2023-10-18 23:02:00,2023-10-19 00:31:00,22.6,596,Completed,
T1537,D132,R1913,Delhi,Connaught Place,Saket,2023-10-29 05:55:00,2023-10-29 05:58:00,2023-10-29 06:16:00,7.2,221,Completed,
T1538,D255,R4471,Mumbai,Bandra,Colaba,2023-10-18 03:17:00,2023-10-18 03:26:00,2023-10-18 03:59:00,11.3,293,Completed,
T1539,D288,R4515,Mumbai,Andheri,Powai,2023-10-15 20:49:00,2023-10-15 21:03:00,2023-10-15 21:51:00,16.2,339,Completed,
T1540,D110,R3066,Bangalore,Jayanagar,Koramangala,2023-10-20 00:03:00,2023-10-20 00:07:00,2023-10-20 00:21:00,4.3,140,Completed,
T1541,D173,R3048,Mumbai,Colaba,Powai,2023-10-23 03:29:00,2023-10-23 03:32:00,2023-10-23 03:56:00,8.8,184,Completed,
T1542,D298,R2097,Mumbai,Bandra,Juhu,2023-10-10 02:26:00,2023-10-10 02:39:00,2023-10-10 03:19:00,14.9,330,Completed,
T1543,D280,R4483,Mumbai,Andheri,Colaba,2023-10-03 19:49:00,2023-10-03 19:55:00,2023-10-03 20:46:00,13.1,354,Completed,
T1544,D338,R4086,Delhi,Vasant Kunj,Connaught Place,2023-10-08 00:03:00,2023-10-08 00:11:00,2023-10-08 00:35:00,7.5,167,Completed,
T1545,D171,R4133,Delhi,Vasant Kunj,Saket,2023-10-10 11:46:00,2023-10-10 11:56:00,2023-10-10 12:44:00,18.7,361,Completed,
T1546,D311,R4963,Bangalore,Whitefield,Koramangala,2023-10-03 15:46:00,,,0.0,0.0,Cancelled,Driver Not Found
T1547,D152,R1120,Bangalore,HSR Layout,Whitefield,2023-10-29 08:22:00,2023-10-29 08:31:00,2023-10-29 09:07:00,14.6,406,Completed,
T1548,D300,R4862,Mumbai,Colaba,Bandra,2023-10-22 05:28:00,2023-10-22 05:31:00,2023-10-22 06:16:00,16.3,350,Completed,
T1549,D217,R3131,Delhi,Vasant Kunj,Dwarka,2023-10-28 07:49:00,2023-10-28 08:01:00,2023-10-28 09:12:00,23.2,614,Completed,
T1550,D247,R4129,Bangalore,Koramangala,HSR Layout,2023-10-09 09:41:00,,,0.0,0.0,Cancelled,Payment Issue
T1551,D161,R2824,Bangalore,Whitefield,Jayanagar,2023-10-14 07:28:00,2023-10-14 07:41:00,2023-10-14 07:52:00,3.0,107,Completed,
T1552,D341,R3295,Delhi,Vasant Kunj,Saket,2023-10-23 16:32:00,2023-10-23 16:44:00,2023-10-23 17:54:00,21.7,440,Completed,
T1553,D319,R2682,Mumbai,Bandra,Colaba,2023-10-08 11:53:00,2023-10-08 11:59:00,2023-10-08 12:58:00,17.0,404,Completed,
T1554,D274,R4686,Delhi,Vasant Kunj,Dwarka,2023-10-07 06:42:00,2023-10-07 06:44:00,2023-10-07 07:08:00,6.8,167,Completed,
T1555,D102,R4036,Bangalore,Indiranagar,Koramangala,2023-10-16 03:43:00,2023-10-16 03:48:00,2023-10-16 04:18:00,10.5,251,Completed,
T1556,D238,R1920,Delhi,Dwarka,Rohini,2023-10-10 14:11:00,2023-10-10 14:18:00,2023-10-10 15:09:00,14.3,287,Completed,
T1557,D239,R2272,Delhi,Connaught Place,Rohini,2023-10-23 09:59:00,2023-10-23 10:05:00,2023-10-23 10:19:00,4.4,132,Completed,
T1558,D101,R4628,Delhi,Vasant Kunj,Rohini,2023-10-11 15:58:00,2023-10-11 16:01:00,2023-10-11 16:17:00,5.2,145,Completed,
T1559,D261,R4731,Delhi,Saket,Rohini,2023-10-10 04:23:00,2023-10-10 04:37:00,2023-10-10 05:54:00,22.7,397,Completed,
T1560,D340,R1234,Mumbai,Andheri,Juhu,2023-10-05 02:25:00,2023-10-05 02:40:00,2023-10-05 03:18:00,15.0,294,Completed,
T1561,D174,R3790,Mumbai,Andheri,Juhu,2023-10-19 11:25:00,2023-10-19 11:38:00,2023-10-19 12:28:00,12.8,326,Completed,
T1562,D258,R4192,Delhi,Saket,Vasant Kunj,2023-10-16 21:01:00,2023-10-16 21:08:00,2023-10-16 22:16:00,20.8,500,Completed,
T1563,D167,R3648,Bangalore,Jayanagar,Whitefield,2023-10-14 06:15:00,2023-10-14 06:28:00,2023-10-14 06:43:00,4.9,127,Completed,
T1564,D153,R1523,Mumbai,Juhu,Powai,2023-10-04 13:23:00,2023-10-04 13:29:00,2023-10-04 14:31:00,22.6,402,Completed,
T1565,D109,R2075,Delhi,Dwarka,Rohini,2023-10-11 17:28:00,2023-10-11 17:34:00,2023-10-11 18:49:00,22.5,464,Completed,
T1566,D242,R3868,Bangalore,HSR Layout,Jayanagar,2023-10-09 20:26:00,2023-10-09 20:35:00,2023-10-09 21:05:00,8.5,239,Completed,
T1567,D268,R3039,Delhi,Saket,Dwarka,2023-10-29 16:55:00,2023-10-29 16:59:00,2023-10-29 18:04:00,23.1,483,Completed,
T1568,D212,R3771,Bangalore,Koramangala,Whitefield,2023-10-24 08:23:00,2023-10-24 08:28:00,2023-10-24 09:14:00,15.1,398,Completed,
T1569,D148,R4884,Bangalore,HSR Layout,Koramangala,2023-10-28 06:22:00,2023-10-28 06:36:00,2023-10-28 07:02:00,8.5,196,Completed,
T1570,D159,R4622,Delhi,Connaught Place,Rohini,2023-10-06 12:39:00,2023-10-06 12:54:00,2023-10-06 13:41:00,18.0,463,Completed,
T1571,D321,R2418,Mumbai,Andheri,Colaba,2023-10-22 23:02:00,2023-10-22 23:08:00,2023-10-23 00:22:00,19.1,353,Completed,
T1572,D243,R3150,Delhi,Rohini,Connaught Place,2023-10-09 19:40:00,2023-10-09 19:50:00,2023-10-09 20:12:00,7.4,199,Completed,
T1573,D133,R2363,Bangalore,Koramangala,HSR Layout,2023-10-24 00:47:00,2023-10-24 00:51:00,2023-10-24 02:19:00,22.3,598,Completed,
T1574,D123,R1433,Bangalore,Indiranagar,Koramangala,2023-10-06 03:05:00,2023-10-06 03:11:00,2023-10-06 04:00:00,16.2,418,Completed,
T1575,D349,R2118,Delhi,Rohini,Vasant Kunj,2023-10-18 21:42:00,2023-10-18 21:49:00,2023-10-18 22:33:00,13.2,372,Completed,
T1576,D330,R3259,Delhi,Saket,Rohini,2023-10-24 21:10:00,2023-10-24 21:22:00,2023-10-24 22:41:00,20.6,513,Completed,
T1577,D269,R1669,Mumbai,Bandra,Colaba,2023-10-28 06:02:00,2023-10-28 06:06:00,2023-10-28 06:29:00,8.9,196,Completed,
T1578,D197,R1245,Delhi,Dwarka,Connaught Place,2023-10-04 09:10:00,2023-10-04 09:20:00,2023-10-04 09:58:00,9.7,238,Completed,
T1579,D150,R1634,Mumbai,Andheri,Bandra,2023-10-30 19:40:00,2023-10-30 19:45:00,2023-10-30 21:05:00,21.4,554,Completed,
T1580,D186,R2243,Delhi,Connaught Place,Dwarka,2023-10-26 08:53:00,2023-10-26 09:01:00,2023-10-26 10:07:00,21.5,526,Completed,
T1581,D106,R3360,Delhi,Rohini,Dwarka,2023-10-15 10:46:00,2023-10-15 11:01:00,2023-10-15 12:03:00,15.9,396,Completed,
T1582,D292,R3287,Bangalore,Whitefield,Koramangala,2023-10-10 21:25:00,2023-10-10 21:29:00,2023-10-10 22:25:00,21.9,545,Completed,
T1583,D268,R2152,Delhi,Dwarka,Vasant Kunj,2023-10-11 16:57:00,2023-10-11 17:00:00,2023-10-11 17:12:00,4.0,132,Completed,
T1584,D342,R4304,Delhi,Rohini,Vasant Kunj,2023-10-04 13:27:00,2023-10-04 13:39:00,2023-10-04 14:40:00,24.5,605,Completed,
T1585,D139,R4189,Mumbai,Bandra,Andheri,2023-10-08 14:25:00,2023-10-08 14:38:00,2023-10-08 15:46:00,20.4,438,Completed,
T1586,D344,R3684,Mumbai,Bandra,Andheri,2023-10-28 20:33:00,2023-10-28 20:46:00,2023-10-28 21:11:00,8.1,242,Completed,
T1587,D270,R1631,Bangalore,Jayanagar,Whitefield,2023-10-15 00:04:00,2023-10-15 00:16:00,2023-10-15 01:30:00,21.3,414,Completed,
T1588,D248,R1272,Bangalore,Jayanagar,Indiranagar,2023-10-23 09:40:00,2023-10-23 09:53:00,2023-10-23 11:01:00,19.2,395,Completed,
T1589,D134,R1921,Mumbai,Juhu,Powai,2023-10-05 19:55:00,2023-10-05 20:06:00,2023-10-05 21:21:00,19.6,485,Completed,
T1590,D147,R2455,Bangalore,HSR Layout,Whitefield,2023-10-05 07:40:00,2023-10-05 07:53:00,2023-10-05 08:29:00,9.2,206,Completed,
T1591,D279,R2570,Bangalore,Indiranagar,HSR Layout,2023-10-06 04:26:00,2023-10-06 04:35:00,2023-10-06 04:44:00,3.6,128,Completed,
T1592,D315,R3099,Mumbai,Bandra,Colaba,2023-10-14 05:28:00,2023-10-14 05:39:00,2023-10-14 06:40:00,18.4,385,Completed,
T1593,D111,R2167,Delhi,Rohini,Connaught Place,2023-10-13 00:49:00,2023-10-13 00:55:00,2023-10-13 01:31:00,11.0,283,Completed,
T1594,D273,R4150,Delhi,Connaught Place,Rohini,2023-10-14 22:04:00,,,0.0,0.0,Cancelled,Payment Issue
T1595,D141,R2463,Mumbai,Bandra,Colaba,2023-10-26 22:04:00,2023-10-26 22:18:00,2023-10-26 23:26:00,23.7,411,Completed,
T1596,D162,R1865,Delhi,Rohini,Dwarka,2023-10-03 07:27:00,2023-10-03 07:31:00,2023-10-03 07:43:00,4.4,139,Completed,
T1597,D144,R3956,Mumbai,Juhu,Andheri,2023-10-22 11:06:00,2023-10-22 11:10:00,2023-10-22 11:57:00,13.2,267,Completed,
T1598,D200,R1621,Mumbai,Andheri,Powai,2023-10-17 04:47:00,2023-10-17 04:56:00,2023-10-17 05:57:00,22.5,592,Completed,
T1599,D347,R3829,Bangalore,Indiranagar,Koramangala,2023-10-01 11:39:00,2023-10-01 11:43:00,2023-10-01 12:03:00,6.5,152,Completed,
T1600,D147,R1164,Bangalore,Jayanagar,HSR Layout,2023-10-12 08:46:00,2023-10-12 08:49:00,2023-10-12 09:48:00,18.1,450,Completed,
T1601,D189,R4460,Delhi,Dwarka,Rohini,2023-10-07 01:12:00,2023-10-07 01:14:00,2023-10-07 02:27:00,21.7,393,Completed,
T1602,D200,R3811,Mumbai,Bandra,Colaba,2023-10-14 06:53:00,,,0.0,0.0,Cancelled,Rider Cancelled
T1603,D338,R1162,Delhi,Rohini,Connaught Place,2023-10-06 21:48:00,2023-10-06 21:54:00,2023-10-06 22:59:00,18.3,491,Completed,
T1604,D322,R2290,Bangalore,Whitefield,Jayanagar,2023-10-02 22:37:00,2023-10-02 22:50:00,2023-10-02 23:24:00,13.2,345,Completed,
T1605,D254,R3148,Bangalore,Koramangala,Jayanagar,2023-10-20 05:29:00,2023-10-20 05:44:00,2023-10-20 06:00:00,6.0,192,Completed,
T1606,D263,R2417,Delhi,Saket,Connaught Place,2023-10-01 15:41:00,2023-10-01 15:54:00,2023-10-01 16:48:00,18.8,379,Completed,
T1607,D274,R1746,Delhi,Vasant Kunj,Dwarka,2023-10-13 03:53:00,2023-10-13 03:59:00,2023-10-13 05:29:00,22.9,498,Completed,
T1608,D219,R1909,Bangalore,HSR Layout,Indiranagar,2023-10-16 12:27:00,2023-10-16 12:29:00,2023-10-16 12:49:00,6.7,163,Completed,
T1609,D227,R3837,Mumbai,Colaba,Powai,2023-10-09 00:59:00,2023-10-09 01:12:00,2023-10-09 02:10:00,16.2,433,Completed,
T1610,D119,R1843,Mumbai,Bandra,Andheri,2023-10-29 18:16:00,2023-10-29 18:28:00,2023-10-29 19:12:00,12.8,248,Completed,
T1611,D155,R1860,Mumbai,Powai,Colaba,2023-10-11 07:07:00,2023-10-11 07:21:00,2023-10-11 07:48:00,7.9,188,Completed,
T1612,D116,R4035,Bangalore,Koramangala,Indiranagar,2023-10-03 16:43:00,2023-10-03 16:53:00,2023-10-03 17:54:00,16.2,400,Completed,
T1613,D297,R1645,Delhi,Dwarka,Saket,2023-10-20 15:16:00,2023-10-20 15:24:00,2023-10-20 15:55:00,7.9,239,Completed,
T1614,D244,R1632,Mumbai,Andheri,Bandra,2023-10-12 20:12:00,2023-10-12 20:15:00,2023-10-12 21:14:00,15.4,294,Completed,
T1615,D167,R4627,Bangalore,Indiranagar,HSR Layout,2023-10-21 10:22:00,2023-10-21 10:31:00,2023-10-21 11:31:00,19.9,459,Completed,
T1616,D150,R2517,Mumbai,Powai,Andheri,2023-10-06 01:21:00,2023-10-06 01:35:00,2023-10-06 02:03:00,10.2,256,Completed,
T1617,D343,R2348,Mumbai,Colaba,Juhu,2023-10-25 12:00:00,2023-10-25 12:09:00,2023-10-25 12:34:00,9.6,246,Completed,
T1618,D280,R1266,Mumbai,Colaba,Bandra,2023-10-03 10:10:00,2023-10-03 10:25:00,2023-10-03 11:35:00,21.9,397,Completed,
T1619,D286,R2753,Delhi,Dwarka,Connaught Place,2023-10-21 02:20:00,2023-10-21 02:26:00,2023-10-21 03:36:00,18.9,375,Completed,
T1620,D115,R1566,Bangalore,Jayanagar,Indiranagar,2023-10-27 23:40:00,2023-10-27 23:46:00,2023-10-28 00:29:00,17.3,457,Completed,
T1621,D186,R2975,Delhi,Vasant Kunj,Saket,2023-10-29 04:59:00,2023-10-29 05:13:00,2023-10-29 05:21:00,2.3,95,Completed,
T1622,D159,R1425,Delhi,Vasant Kunj,Connaught Place,2023-10-13 16:52:00,2023-10-13 16:54:00,2023-10-13 17:30:00,11.7,318,Completed,
T1623,D119,R4499,Mumbai,Colaba,Powai,2023-10-11 01:44:00,2023-10-11 01:57:00,2023-10-11 02:20:00,7.1,181,Completed,
T1624,D329,R1690,Delhi,Rohini,Vasant Kunj,2023-10-08 18:00:00,2023-10-08 18:09:00,2023-10-08 18:29:00,8.1,210,Completed,
T1625,D175,R1457,Mumbai,Bandra,Powai,2023-10-15 23:27:00,2023-10-15 23:31:00,2023-10-15 23:41:00,3.4,104,Completed,
T1626,D207,R3590,Delhi,Saket,Rohini,2023-10-10 15:58:00,2023-10-10 16:04:00,2023-10-10 16:46:00,11.1,324,Completed,
T1627,D171,R2637,Delhi,Vasant Kunj,Rohini,2023-10-10 17:04:00,2023-10-10 17:13:00,2023-10-10 17:58:00,11.7,297,Completed,
T1628,D315,R1538,Mumbai,Colaba,Bandra,2023-10-08 06:06:00,2023-10-08 06:18:00,2023-10-08 07:19:00,23.2,513,Completed,
T1629,D260,R4547,Mumbai,Colaba,Juhu,2023-10-13 22:22:00,2023-10-13 22:34:00,2023-10-13 23:46:00,19.7,462,Completed,
T1630,D156,R1118,Delhi,Saket,Vasant Kunj,2023-10-29 06:04:00,2023-10-29 06:10:00,2023-10-29 07:05:00,14.7,327,Completed,
T1631,D303,R3297,Delhi,Rohini,Connaught Place,2023-10-16 22:49:00,2023-10-16 22:57:00,2023-10-16 23:30:00,10.1,266,Completed,
T1632,D202,R2376,Bangalore,Jayanagar,Indiranagar,2023-10-13 19:35:00,2023-10-13 19:45:00,2023-10-13 20:16:00,11.0,286,Completed,
T1633,D267,R1574,Bangalore,Indiranagar,Jayanagar,2023-10-24 06:47:00,2023-10-24 06:51:00,2023-10-24 07:34:00,13.3,373,Completed,
T1634,D188,R4249,Delhi,Vasant Kunj,Rohini,2023-10-23 07:18:00,,,0.0,0.0,Cancelled,Driver Cancelled
T1635,D294,R2030,Delhi,Rohini,Dwarka,2023-10-15 11:11:00,2023-10-15 11:25:00,2023-10-15 12:02:00,13.7,360,Completed,
T1636,D198,R4093,Delhi,Vasant Kunj,Rohini,2023-10-13 04:30:00,2023-10-13 04:42:00,2023-10-13 05:02:00,6.7,160,Completed,
T1637,D112,R4592,Bangalore,Jayanagar,HSR Layout,2023-10-19 18:37:00,2023-10-19 18:47:00,2023-10-19 19:43:00,16.7,387,Completed,
T1638,D177,R1329,Mumbai,Juhu,Powai,2023-10-25 16:22:00,2023-10-25 16:37:00,2023-10-25 17:00:00,8.6,252,Completed,
T1639,D274,R1898,Delhi,Connaught Place,Vasant Kunj,2023-10-24 17:15:00,2023-10-24 17:26:00,2023-10-24 17:49:00,6.9,184,Completed,
T1640,D320,R2801,Mumbai,Juhu,Bandra,2023-10-13 03:30:00,2023-10-13 03:44:00,2023-10-13 04:40:00,19.3,477,Completed,
T1641,D226,R1957,Delhi,Saket,Rohini,2023-10-11 01:12:00,2023-10-11 01:16:00,2023-10-11 01:49:00,10.8,273,Completed,
T1642,D252,R2687,Bangalore,Whitefield,Jayanagar,2023-10-14 08:18:00,2023-10-14 08:22:00,2023-10-14 09:16:00,13.8,296,Completed,
T1643,D349,R3640,Delhi,Rohini,Saket,2023-10-04 13:52:00,2023-10-04 14:02:00,2023-10-04 14:40:00,11.1,268,Completed,
T1644,D263,R3629,Delhi,Saket,Dwarka,2023-10-15 09:19:00,2023-10-15 09:23:00,2023-10-15 09:40:00,6.5,197,Completed,
T1645,D309,R3050,Mumbai,Juhu,Colaba,2023-10-06 08:52:00,2023-10-06 08:55:00,2023-10-06 09:14:00,6.1,167,Completed,
T1646,D119,R3488,Mumbai,Juhu,Bandra,2023-10-28 13:18:00,2023-10-28 13:28:00,2023-10-28 13:56:00,7.8,216,Completed,
T1647,D347,R2495,Bangalore,Indiranagar,Whitefield,2023-10-09 20:43:00,2023-10-09 20:53:00,2023-10-09 21:44:00,17.6,381,Completed,
T1648,D329,R4654,Delhi,Rohini,Connaught Place,2023-10-16 21:35:00,2023-10-16 21:44:00,2023-10-16 22:50:00,19.1,354,Completed,
T1649,D136,R2754,Mumbai,Colaba,Andheri,2023-10-16 01:54:00,2023-10-16 02:00:00,2023-10-16 02:20:00,5.8,154,Completed,
T1650,D180,R2346,Bangalore,Jayanagar,HSR Layout,2023-10-10 08:50:00,2023-10-10 09:01:00,2023-10-10 09:57:00,20.8,495,Completed,
T1651,D292,R2034,Bangalore,Jayanagar,Whitefield,2023-10-18 20:07:00,2023-10-18 20:20:00,2023-10-18 20:45:00,9.5,256,Completed,
T1652,D304,R4602,Mumbai,Andheri,Bandra,2023-10-11 10:12:00,2023-10-11 10:16:00,2023-10-11 10:23:00,2.1,101,Completed,
T1653,D151,R1000,Delhi,Rohini,Vasant Kunj,2023-10-24 00:40:00,2023-10-24 00:43:00,2023-10-24 01:02:00,5.5,152,Completed,
T1654,D308,R1041,Delhi,Vasant Kunj,Connaught Place,2023-10-06 15:54:00,,,0.0,0.0,Cancelled,Other
T1655,D152,R2154,Bangalore,Koramangala,Jayanagar,2023-10-03 23:51:00,2023-10-04 00:00:00,2023-10-04 00:33:00,9.3,214,Completed,
T1656,D310,R3352,Delhi,Rohini,Connaught Place,2023-10-11 13:11:00,,,0.0,0.0,Cancelled,Driver Not Found
T1657,D340,R4285,Mumbai,Colaba,Andheri,2023-10-18 15:45:00,2023-10-18 15:52:00,2023-10-18 17:08:00,22.3,543,Completed,
T1658,D127,R3610,Mumbai,Powai,Colaba,2023-10-15 04:53:00,,,0.0,0.0,Cancelled,Rider Cancelled
T1659,D338,R4179,Delhi,Rohini,Saket,2023-10-16 16:28:00,2023-10-16 16:32:00,2023-10-16 16:54:00,6.5,208,Completed,
T1660,D116,R1233,Bangalore,Koramangala,Indiranagar,2023-10-22 16:06:00,2023-10-22 16:21:00,2023-10-22 16:37:00,6.2,147,Completed,
T1661,D280,R4173,Mumbai,Bandra,Andheri,2023-10-02 02:16:00,2023-10-02 02:26:00,2023-10-02 02:51:00,9.9,229,Completed,
T1662,D132,R2927,Delhi,Rohini,Saket,2023-10-13 23:29:00,2023-10-13 23:37:00,2023-10-13 23:58:00,7.4,192,Completed,
T1663,D164,R1430,Mumbai,Bandra,Colaba,2023-10-26 02:58:00,2023-10-26 03:03:00,2023-10-26 03:35:00,10.2,252,Completed,
T1664,D152,R1212,Bangalore,Indiranagar,HSR Layout,2023-10-29 13:28:00,,,0.0,0.0,Cancelled,Driver Not Found
T1665,D103,R2042,Mumbai,Powai,Andheri,2023-10-21 10:23:00,2023-10-21 10:35:00,2023-10-21 10:56:00,5.5,160,Completed,
T1666,D159,R1028,Delhi,Rohini,Saket,2023-10-10 15:29:00,2023-10-10 15:42:00,2023-10-10 16:18:00,9.7,224,Completed,
T1667,D264,R2267,Mumbai,Powai,Andheri,2023-10-25 15:50:00,2023-10-25 15:52:00,2023-10-25 16:50:00,15.0,353,Completed,
T1668,D153,R3740,Mumbai,Bandra,Juhu,2023-10-04 05:04:00,2023-10-04 05:19:00,2023-10-04 05:56:00,10.5,288,Completed,
T1669,D181,R3966,Delhi,Rohini,Connaught Place,2023-10-23 20:44:00,2023-10-23 20:59:00,2023-10-23 22:05:00,21.3,405,Completed,
T1670,D187,R2288,Bangalore,Whitefield,Jayanagar,2023-10-26 15:23:00,2023-10-26 15:36:00,2023-10-26 16:16:00,12.4,250,Completed,
T1671,D249,R3658,Bangalore,Indiranagar,Jayanagar,2023-10-20 07:59:00,2023-10-20 08:11:00,2023-10-20 08:52:00,16.5,378,Completed,
T1672,D332,R1630,Mumbai,Colaba,Powai,2023-10-22 22:55:00,2023-10-22 23:10:00,2023-10-22 23:29:00,5.2,158,Completed,
T1673,D170,R2964,Delhi,Rohini,Vasant Kunj,2023-10-10 07:33:00,2023-10-10 07:47:00,2023-10-10 08:52:00,21.6,406,Completed,
T1674,D236,R1067,Mumbai,Juhu,Andheri,2023-10-29 19:00:00,2023-10-29 19:05:00,2023-10-29 20:15:00,18.6,333,Completed,
T1675,D299,R4207,Mumbai,Colaba,Andheri,2023-10-17 15:36:00,2023-10-17 15:38:00,2023-10-17 15:53:00,5.1,127,Completed,
T1676,D212,R2720,Bangalore,Koramangala,Jayanagar,2023-10-20 12:11:00,2023-10-20 12:22:00,2023-10-20 12:44:00,8.1,175,Completed,
T1677,D134,R1710,Mumbai,Andheri,Colaba,2023-10-03 11:22:00,2023-10-03 11:28:00,2023-10-03 12:30:00,21.6,462,Completed,
T1678,D179,R3199,Bangalore,HSR Layout,Whitefield,2023-10-21 14:22:00,2023-10-21 14:30:00,2023-10-21 15:03:00,12.7,268,Completed,
T1679,D112,R4995,Bangalore,HSR Layout,Indiranagar,2023-10-28 21:06:00,2023-10-28 21:17:00,2023-10-28 22:48:00,24.3,627,Completed,
T1680,D163,R3854,Mumbai,Bandra,Colaba,2023-10-14 17:18:00,,,0.0,0.0,Cancelled,Driver Cancelled
T1681,D226,R4990,Delhi,Rohini,Vasant Kunj,2023-10-11 07:00:00,2023-10-11 07:09:00,2023-10-11 07:21:00,3.6,119,Completed,
T1682,D109,R1846,Delhi,Saket,Connaught Place,2023-10-17 17:57:00,2023-10-17 18:02:00,2023-10-17 18:22:00,5.1,173,Completed,
T1683,D117,R3442,Delhi,Saket,Dwarka,2023-10-27 13:25:00,2023-10-27 13:39:00,2023-10-27 14:09:00,8.1,230,Completed,
T1684,D306,R3630,Delhi,Dwarka,Connaught Place,2023-10-15 08:34:00,2023-10-15 08:43:00,2023-10-15 09:28:00,14.1,312,Completed,
T1685,D267,R2254,Bangalore,Whitefield,Jayanagar,2023-10-05 09:39:00,2023-10-05 09:41:00,2023-10-05 10:05:00,8.1,206,Completed,
T1686,D343,R3230,Mumbai,Colaba,Bandra,2023-10-21 06:38:00,2023-10-21 06:42:00,2023-10-21 07:53:00,18.7,486,Completed,
T1687,D283,R2117,Bangalore,Koramangala,Whitefield,2023-10-06 22:16:00,2023-10-06 22:21:00,2023-10-06 22:31:00,3.9,131,Completed,
T1688,D318,R1963,Bangalore,Indiranagar,Jayanagar,2023-10-13 20:22:00,2023-10-13 20:28:00,2023-10-13 21:02:00,11.1,311,Completed,
T1689,D157,R1189,Bangalore,Koramangala,Indiranagar,2023-10-03 17:07:00,2023-10-03 17:18:00,2023-10-03 18:28:00,22.7,517,Completed,
T1690,D269,R1831,Mumbai,Colaba,Powai,2023-10-28 03:56:00,2023-10-28 04:06:00,2023-10-28 04:54:00,14.8,277,Completed,
T1691,D283,R2424,Bangalore,HSR Layout,Koramangala,2023-10-28 15:04:00,2023-10-28 15:17:00,2023-10-28 15:33:00,4.7,135,Completed,
T1692,D313,R3262,Delhi,Connaught Place,Dwarka,2023-10-29 20:58:00,2023-10-29 21:04:00,2023-10-29 21:24:00,5.6,158,Completed,
T1693,D200,R1370,Mumbai,Colaba,Bandra,2023-10-12 06:11:00,2023-10-12 06:20:00,2023-10-12 07:12:00,17.9,485,Completed,
T1694,D257,R4303,Delhi,Connaught Place,Saket,2023-10-15 06:18:00,2023-10-15 06:32:00,2023-10-15 07:25:00,18.9,408,Completed,
T1695,D319,R1107,Mumbai,Colaba,Andheri,2023-10-07 14:43:00,,,0.0,0.0,Cancelled,Driver Cancelled
T1696,D244,R3530,Mumbai,Andheri,Colaba,2023-10-07 18:27:00,2023-10-07 18:30:00,2023-10-07 18:52:00,5.6,144,Completed,
T1697,D139,R2502,Mumbai,Bandra,Colaba,2023-10-26 20:48:00,2023-10-26 20:51:00,2023-10-26 21:16:00,7.1,162,Completed,
T1698,D273,R2669,Delhi,Vasant Kunj,Saket,2023-10-14 01:27:00,,,0.0,0.0,Cancelled,Driver Not Found
T1699,D116,R4833,Bangalore,HSR Layout,Jayanagar,2023-10-07 11:38:00,2023-10-07 11:47:00,2023-10-07 12:05:00,5.9,145,Completed,
T1700,D322,R3251,Bangalore,Koramangala,HSR Layout,2023-10-14 08:55:00,2023-10-14 09:06:00,2023-10-14 10:11:00,17.6,376,Completed,
T1701,D275,R3620,Delhi,Rohini,Dwarka,2023-10-26 09:06:00,2023-10-26 09:21:00,2023-10-26 09:33:00,4.1,132,Completed,
T1702,D129,R4500,Delhi,Vasant Kunj,Saket,2023-10-23 12:59:00,2023-10-23 13:09:00,2023-10-23 14:26:00,24.5,483,Completed,
T1703,D102,R1069,Bangalore,Whitefield,Koramangala,2023-10-16 14:31:00,2023-10-16 14:38:00,2023-10-16 15:01:00,6.7,181,Completed,
T1704,D333,R2797,Delhi,Dwarka,Vasant Kunj,2023-10-24 22:49:00,2023-10-24 22:59:00,2023-10-24 23:29:00,7.9,193,Completed,
T1705,D220,R4484,Delhi,Connaught Place,Rohini,2023-10-03 00:12:00,2023-10-03 00:23:00,2023-10-03 00:56:00,9.9,245,Completed,
T1706,D246,R3511,Bangalore,Koramangala,Whitefield,2023-10-15 06:50:00,2023-10-15 06:58:00,2023-10-15 08:01:00,22.6,412,Completed,
T1707,D339,R4602,Bangalore,Koramangala,Indiranagar,2023-10-14 06:19:00,2023-10-14 06:34:00,2023-10-14 07:43:00,24.4,649,Completed,
T1708,D338,R4046,Delhi,Vasant Kunj,Dwarka,2023-10-10 03:01:00,2023-10-10 03:10:00,2023-10-10 04:21:00,18.2,333,Completed,
T1709,D184,R3077,Mumbai,Powai,Juhu,2023-10-12 01:14:00,2023-10-12 01:25:00,2023-10-12 02:06:00,12.6,281,Completed,
T1710,D246,R4754,Bangalore,HSR Layout,Indiranagar,2023-10-03 16:18:00,2023-10-03 16:31:00,2023-10-03 17:50:00,23.0,561,Completed,
T1711,D310,R1667,Delhi,Dwarka,Vasant Kunj,2023-10-17 22:31:00,2023-10-17 22:44:00,2023-10-18 00:18:00,24.6,559,Completed,
T1712,D234,R3341,Delhi,Connaught Place,Dwarka,2023-10-12 00:40:00,2023-10-12 00:55:00,2023-10-12 01:19:00,7.9,180,Completed,
T1713,D344,R4722,Mumbai,Colaba,Juhu,2023-10-02 14:48:00,2023-10-02 15:00:00,2023-10-02 15:22:00,6.9,201,Completed,
T1714,D186,R1607,Delhi,Connaught Place,Dwarka,2023-10-10 10:03:00,2023-10-10 10:18:00,2023-10-10 11:24:00,17.0,403,Completed,
T1715,D327,R3538,Bangalore,HSR Layout,Jayanagar,2023-10-19 11:19:00,2023-10-19 11:30:00,2023-10-19 12:20:00,18.4,505,Completed,
T1716,D303,R4916,Delhi,Connaught Place,Rohini,2023-10-19 01:25:00,2023-10-19 01:31:00,2023-10-19 01:59:00,8.7,187,Completed,
T1717,D233,R4085,Delhi,Connaught Place,Saket,2023-10-03 02:52:00,2023-10-03 03:05:00,2023-10-03 03:15:00,3.2,114,Completed,
T1718,D265,R4424,Mumbai,Bandra,Andheri,2023-10-09 22:41:00,,,0.0,0.0,Cancelled,Driver Cancelled
T1719,D274,R2279,Delhi,Vasant Kunj,Saket,2023-10-26 18:24:00,2023-10-26 18:36:00,2023-10-26 20:11:00,24.0,418,Completed,
T1720,D209,R2747,Bangalore,HSR Layout,Indiranagar,2023-10-03 01:20:00,2023-10-03 01:34:00,2023-10-03 02:04:00,9.0,267,Completed,
T1721,D208,R3077,Mumbai,Powai,Andheri,2023-10-04 15:52:00,2023-10-04 15:59:00,2023-10-04 17:00:00,17.4,365,Completed,
T1722,D127,R4410,Mumbai,Andheri,Juhu,2023-10-11 15:19:00,2023-10-11 15:21:00,2023-10-11 16:16:00,14.3,363,Completed,
T1723,D301,R1403,Delhi,Saket,Rohini,2023-10-09 10:40:00,2023-10-09 10:47:00,2023-10-09 11:49:00,17.5,401,Completed,
T1724,D350,R4005,Delhi,Saket,Rohini,2023-10-30 17:31:00,2023-10-30 17:37:00,2023-10-30 18:22:00,12.3,269,Completed,
T1725,D146,R2648,Delhi,Connaught Place,Vasant Kunj,2023-10-25 03:57:00,2023-10-25 03:59:00,2023-10-25 04:42:00,11.4,277,Completed,
T1726,D212,R1545,Bangalore,Indiranagar,Koramangala,2023-10-27 04:03:00,2023-10-27 04:10:00,2023-10-27 04:25:00,4.4,144,Completed,
T1727,D135,R1948,Mumbai,Colaba,Andheri,2023-10-14 22:34:00,2023-10-14 22:38:00,2023-10-14 23:32:00,19.6,459,Completed,
T1728,D118,R1351,Bangalore,Whitefield,Jayanagar,2023-10-12 08:59:00,,,0.0,0.0,Cancelled,Driver Cancelled
T1729,D257,R2456,Delhi,Dwarka,Connaught Place,2023-10-23 11:05:00,,,0.0,0.0,Cancelled,Rider Cancelled
T1730,D206,R1749,Bangalore,Whitefield,Koramangala,2023-10-01 15:57:00,2023-10-01 16:06:00,2023-10-01 17:29:00,22.9,519,Completed,
T1731,D303,R3608,Delhi,Dwarka,Connaught Place,2023-10-04 06:04:00,2023-10-04 06:10:00,2023-10-04 07:04:00,21.0,449,Completed,
T1732,D114,R3629,Bangalore,Indiranagar,Whitefield,2023-10-16 15:02:00,2023-10-16 15:11:00,2023-10-16 15:57:00,13.4,357,Completed,
T1733,D125,R3028,Delhi,Dwarka,Connaught Place,2023-10-16 07:17:00,2023-10-16 07:28:00,2023-10-16 07:47:00,6.6,201,Completed,
T1734,D177,R2274,Mumbai,Juhu,Colaba,2023-10-13 08:21:00,2023-10-13 08:32:00,2023-10-13 08:43:00,3.1,121,Completed,
T1735,D293,R4037,Bangalore,Indiranagar,Koramangala,2023-10-19 15:27:00,2023-10-19 15:39:00,2023-10-19 16:48:00,18.6,513,Completed,
T1736,D182,R1304,Bangalore,Indiranagar,HSR Layout,2023-10-10 20:48:00,2023-10-10 20:51:00,2023-10-10 21:04:00,3.5,132,Completed,
T1737,D205,R1623,Bangalore,Jayanagar,Whitefield,2023-10-24 18:46:00,,,0.0,0.0,Cancelled,Driver Cancelled
T1738,D323,R2840,Bangalore,HSR Layout,Whitefield,2023-10-11 20:11:00,2023-10-11 20:18:00,2023-10-11 20:46:00,9.2,201,Completed,
T1739,D337,R4421,Delhi,Saket,Dwarka,2023-10-05 20:13:00,2023-10-05 20:18:00,2023-10-05 21:23:00,24.9,562,Completed,
T1740,D247,R3622,Bangalore,Whitefield,Koramangala,2023-10-11 06:14:00,2023-10-11 06:17:00,2023-10-11 07:08:00,20.3,435,Completed,
T1741,D257,R2276,Delhi,Saket,Connaught Place,2023-10-11 04:57:00,2023-10-11 04:59:00,2023-10-11 05:07:00,2.3,90,Completed,
T1742,D236,R4199,Mumbai,Juhu,Colaba,2023-10-14 23:42:00,2023-10-14 23:49:00,2023-10-15 00:32:00,12.8,313,Completed,
T1743,D284,R1511,Bangalore,Whitefield,HSR Layout,2023-10-28 15:57:00,2023-10-28 16:09:00,2023-10-28 16:41:00,9.5,234,Completed,
T1744,D156,R1852,Delhi,Rohini,Vasant Kunj,2023-10-05 11:51:00,2023-10-05 12:03:00,2023-10-05 12:56:00,14.7,386,Completed,
T1745,D221,R3541,Bangalore,Indiranagar,Jayanagar,2023-10-08 17:03:00,2023-10-08 17:12:00,2023-10-08 17:52:00,14.3,376,Completed,
T1746,D339,R2490,Bangalore,Indiranagar,Koramangala,2023-10-13 01:00:00,2023-10-13 01:15:00,2023-10-13 02:17:00,20.2,461,Completed,
T1747,D247,R2095,Bangalore,Whitefield,Jayanagar,2023-10-26 09:41:00,2023-10-26 09:51:00,2023-10-26 10:45:00,14.1,315,Completed,
T1748,D241,R4636,Delhi,Connaught Place,Dwarka,2023-10-10 19:57:00,2023-10-10 20:08:00,2023-10-10 21:01:00,15.9,344,Completed,
T1749,D297,R3177,Delhi,Saket,Dwarka,2023-10-18 07:16:00,2023-10-18 07:22:00,2023-10-18 08:00:00,12.9,364,Completed,
T1750,D307,R1330,Mumbai,Bandra,Powai,2023-10-14 13:29:00,,2023-10-14 14:43:00,19.5,414,Completed,
T1751,D346,R1013,Bangalore,Whitefield,HSR Layout,2023-10-07 14:02:00,2023-10-07 14:15:00,2023-10-07 15:05:00,16.4,332,Completed,
T1752,D276,R4077,Mumbai,Bandra,Andheri,2023-10-22 17:32:00,2023-10-22 17:34:00,2023-10-22 18:52:00,20.3,500,Completed,
T1753,D152,R3386,Bangalore,Jayanagar,Indiranagar,2023-10-23 01:59:00,2023-10-23 02:11:00,2023-10-23 03:18:00,23.6,575,Completed,
T1754,D169,R4248,Delhi,Rohini,Saket,2023-10-27 01:19:00,,,0.0,0.0,Cancelled,Payment Issue
T1755,D166,R3388,Delhi,Connaught Place,Vasant Kunj,2023-10-12 02:44:00,2023-10-12 02:52:00,2023-10-12 03:06:00,5.2,153,Completed,
T1756,D349,R1678,Delhi,Dwarka,Saket,2023-10-05 07:35:00,2023-10-05 07:37:00,2023-10-05 08:24:00,17.3,450,Completed,
T1757,D260,R3926,Mumbai,Andheri,Bandra,2023-10-20 23:43:00,2023-10-20 23:58:00,2023-10-21 01:15:00,24.4,501,Completed,
T1758,D304,R2888,Mumbai,Colaba,Andheri,2023-10-29 01:36:00,2023-10-29 01:47:00,2023-10-29 02:08:00,6.8,201,Completed,
T1759,D165,R1444,Bangalore,Indiranagar,Koramangala,2023-10-10 20:51:00,2023-10-10 21:05:00,2023-10-10 21:19:00,5.7,173,Completed,
T1760,D106,R1908,Delhi,Vasant Kunj,Dwarka,2023-10-15 08:59:00,2023-10-15 09:05:00,2023-10-15 09:15:00,3.1,112,Completed,
T1761,D231,R4680,Mumbai,Bandra,Andheri,2023-10-12 07:07:00,2023-10-12 07:18:00,2023-10-12 08:51:00,24.8,565,Completed,
T1762,D348,R1474,Mumbai,Colaba,Bandra,2023-10-26 14:43:00,2023-10-26 14:50:00,2023-10-26 15:54:00,23.5,631,Completed,
T1763,D163,R2902,Mumbai,Andheri,Juhu,2023-10-15 15:34:00,2023-10-15 15:39:00,2023-10-15 16:46:00,21.6,413,Completed,
T1764,D299,R3800,Mumbai,Colaba,Juhu,2023-10-17 04:42:00,2023-10-17 04:52:00,2023-10-17 05:08:00,5.7,177,Completed,
T1765,D199,R1600,Bangalore,Indiranagar,Whitefield,2023-10-13 17:55:00,2023-10-13 17:59:00,2023-10-13 18:33:00,12.0,336,Completed,
T1766,D159,R1607,Delhi,Saket,Dwarka,2023-10-24 14:07:00,2023-10-24 14:20:00,2023-10-24 14:36:00,4.3,137,Completed,
T1767,D147,R1567,Bangalore,Indiranagar,HSR Layout,2023-10-30 08:26:00,2023-10-30 08:33:00,2023-10-30 09:19:00,17.9,488,Completed,
T1768,D350,R4663,Delhi,Saket,Connaught Place,2023-10-11 10:12:00,2023-10-11 10:25:00,2023-10-11 11:36:00,24.2,461,Completed,
T1769,D290,R2070,Bangalore,HSR Layout,Whitefield,2023-10-02 14:34:00,2023-10-02 14:43:00,2023-10-02 14:51:00,2.2,93,Completed,
T1770,D141,R4809,Mumbai,Andheri,Powai,2023-10-19 11:54:00,2023-10-19 12:02:00,2023-10-19 12:18:00,4.7,146,Completed,
T1771,D118,R4461,Bangalore,HSR Layout,Koramangala,2023-10-20 00:57:00,2023-10-20 01:04:00,2023-10-20 02:30:00,23.4,449,Completed,
T1772,D341,R2146,Delhi,Rohini,Connaught Place,2023-10-15 07:08:00,2023-10-15 07:13:00,2023-10-15 07:24:00,3.0,102,Completed,
T1773,D178,R1713,Mumbai,Juhu,Bandra,2023-10-27 19:25:00,2023-10-27 19:38:00,2023-10-27 20:17:00,10.1,258,Completed,
T1774,D269,R4911,Mumbai,Andheri,Powai,2023-10-17 15:52:00,2023-10-17 15:55:00,2023-10-17 16:44:00,15.6,420,Completed,
T1775,D308,R3394,Delhi,Vasant Kunj,Connaught Place,2023-10-05 13:02:00,2023-10-05 13:15:00,2023-10-05 14:06:00,13.3,337,Completed,
T1776,D107,R1389,Mumbai,Bandra,Andheri,2023-10-11 02:22:00,2023-10-11 02:25:00,2023-10-11 02:42:00,4.7,129,Completed,
T1777,D263,R3091,Delhi,Rohini,Vasant Kunj,2023-10-21 14:33:00,,,0.0,0.0,Cancelled,Payment Issue
T1778,D286,R1540,Delhi,Saket,Dwarka,2023-10-24 06:38:00,2023-10-24 06:46:00,2023-10-24 07:10:00,8.3,205,Completed,
T1779,D263,R2416,Delhi,Dwarka,Saket,2023-10-14 15:05:00,2023-10-14 15:17:00,2023-10-14 15:40:00,8.7,209,Completed,
T1780,D207,R4685,Delhi,Saket,Connaught Place,2023-10-14 01:08:00,2023-10-14 01:21:00,2023-10-14 01:56:00,13.7,313,Completed,
T1781,D311,R1985,Bangalore,HSR Layout,Jayanagar,2023-10-09 06:13:00,2023-10-09 06:26:00,2023-10-09 06:55:00,7.6,237,Completed,
T1782,D114,R3064,Bangalore,Whitefield,Koramangala,2023-10-08 12:14:00,2023-10-08 12:23:00,2023-10-08 13:11:00,18.3,461,Completed,
T1783,D289,R1591,Delhi,Rohini,Connaught Place,2023-10-19 07:08:00,,,0.0,0.0,Cancelled,Rider Cancelled
T1784,D207,R3640,Delhi,Vasant Kunj,Rohini,2023-10-02 17:44:00,2023-10-02 17:50:00,2023-10-02 19:21:00,24.9,535,Completed,
T1785,D310,R1803,Delhi,Vasant Kunj,Connaught Place,2023-10-30 12:22:00,,,0.0,0.0,Cancelled,Other
T1786,D258,R4994,Delhi,Dwarka,Rohini,2023-10-08 07:10:00,2023-10-08 07:18:00,2023-10-08 08:09:00,16.2,318,Completed,
T1787,D123,R2266,Bangalore,Jayanagar,Koramangala,2023-10-04 14:49:00,2023-10-04 14:54:00,2023-10-04 15:36:00,10.8,295,Completed,
T1788,D251,R4721,Bangalore,Whitefield,Koramangala,2023-10-12 21:15:00,2023-10-12 21:18:00,2023-10-12 22:37:00,22.0,488,Completed,
T1789,D251,R1878,Bangalore,HSR Layout,Koramangala,2023-10-14 01:00:00,2023-10-14 01:02:00,2023-10-14 01:45:00,11.8,296,Completed,
T1790,D315,R3621,Mumbai,Juhu,Colaba,2023-10-24 07:57:00,2023-10-24 08:12:00,2023-10-24 08:40:00,9.5,255,Completed,
T1791,D266,R3062,Mumbai,Andheri,Bandra,2023-10-06 05:16:00,2023-10-06 05:25:00,2023-10-06 05:48:00,7.0,195,Completed,
T1792,D177,R4205,Mumbai,Juhu,Bandra,2023-10-19 07:40:00,2023-10-19 07:49:00,2023-10-19 08:58:00,21.3,565,Completed,
T1793,D148,R2439,Bangalore,Whitefield,Indiranagar,2023-10-11 11:48:00,2023-10-11 12:01:00,2023-10-11 13:09:00,23.9,553,Completed,
T1794,D335,R4468,Delhi,Saket,Vasant Kunj,2023-10-27 22:49:00,2023-10-27 22:56:00,2023-10-28 00:15:00,22.0,556,Completed,
T1795,D225,R4179,Mumbai,Juhu,Colaba,2023-10-05 08:02:00,,,0.0,0.0,Cancelled,Driver Not Found
T1796,D209,R3663,Bangalore,HSR Layout,Indiranagar,2023-10-04 11:03:00,2023-10-04 11:05:00,2023-10-04 11:15:00,3.3,125,Completed,
T1797,D179,R1673,Bangalore,Jayanagar,Koramangala,2023-10-09 12:06:00,2023-10-09 12:19:00,2023-10-09 13:39:00,21.6,544,Completed,
T1798,D303,R3555,Delhi,Dwarka,Saket,2023-10-24 20:10:00,2023-10-24 20:22:00,2023-10-24 21:21:00,15.6,431,Completed,
T1799,D117,R2814,Delhi,Vasant Kunj,Connaught Place,2023-10-24 16:06:00,2023-10-24 16:11:00,2023-10-24 16:58:00,17.2,338,Completed,
T1800,D247,R4060,Bangalore,Jayanagar,HSR Layout,2023-10-21 10:59:00,2023-10-21 11:08:00,2023-10-21 10:58:00,2.3,85,Completed,
T1801,D127,R3153,Mumbai,Powai,Colaba,2023-10-13 11:20:00,2023-10-13 11:29:00,2023-10-13 12:15:00,15.3,379,Completed,
T1802,D216,R2841,Mumbai,Powai,Bandra,2023-10-20 16:28:00,2023-10-20 16:32:00,2023-10-20 17:02:00,7.8,245,Completed,
T1803,D280,R1176,Mumbai,Bandra,Powai,2023-10-26 14:06:00,2023-10-26 14:21:00,2023-10-26 15:00:00,10.8,299,Completed,
T1804,D149,R4313,Mumbai,Juhu,Powai,2023-10-01 02:03:00,2023-10-01 02:17:00,2023-10-01 03:06:00,14.5,370,Completed,
T1805,D200,R3483,Mumbai,Colaba,Powai,2023-10-14 18:26:00,2023-10-14 18:32:00,2023-10-14 19:39:00,17.9,486,Completed,
T1806,D336,R1520,Delhi,Dwarka,Vasant Kunj,2023-10-23 17:46:00,2023-10-23 17:53:00,2023-10-23 18:25:00,11.5,243,Completed,
T1807,D159,R2297,Delhi,Vasant Kunj,Rohini,2023-10-11 08:22:00,2023-10-11 08:37:00,2023-10-11 09:14:00,14.6,361,Completed,
T1808,D150,R4199,Mumbai,Colaba,Juhu,2023-10-19 20:09:00,,,0.0,0.0,Cancelled,Driver Not Found
T1809,D208,R1679,Mumbai,Colaba,Bandra,2023-10-15 23:43:00,,,0.0,0.0,Cancelled,Driver Cancelled
T1810,D187,R3090,Bangalore,Whitefield,Koramangala,2023-10-02 17:31:00,2023-10-02 17:44:00,2023-10-02 18:42:00,17.0,334,Completed,
T1811,D238,R2980,Delhi,Saket,Dwarka,2023-10-24 19:21:00,2023-10-24 19:34:00,2023-10-24 20:40:00,18.4,330,Completed,
T1812,D108,R2069,Delhi,Vasant Kunj,Connaught Place,2023-10-08 12:56:00,2023-10-08 13:06:00,2023-10-08 13:47:00,16.4,395,Completed,
T1813,D175,R3246,Mumbai,Andheri,Colaba,2023-10-03 08:35:00,2023-10-03 08:42:00,2023-10-03 09:01:00,5.2,136,Completed,
T1814,D225,R3632,Mumbai,Juhu,Bandra,2023-10-04 04:37:00,2023-10-04 04:46:00,2023-10-04 05:53:00,19.0,464,Completed,
T1815,D264,R1166,Mumbai,Juhu,Bandra,2023-10-19 18:14:00,2023-10-19 18:29:00,2023-10-19 19:14:00,18.0,338,Completed,
T1816,D321,R1937,Mumbai,Powai,Colaba,2023-10-20 19:42:00,2023-10-20 19:53:00,2023-10-20 20:29:00,13.3,349,Completed,
T1817,D337,R2216,Delhi,Vasant Kunj,Saket,2023-10-09 13:43:00,,,0.0,0.0,Cancelled,Payment Issue
T1818,D169,R4337,Delhi,Vasant Kunj,Dwarka,2023-10-02 10:47:00,,,0.0,0.0,Cancelled,Rider Cancelled
T1819,D109,R4692,Delhi,Rohini,Vasant Kunj,2023-10-12 17:07:00,2023-10-12 17:18:00,2023-10-12 17:59:00,11.1,228,Completed,
T1820,D207,R2401,Delhi,Connaught Place,Rohini,2023-10-03 08:38:00,2023-10-03 08:42:00,2023-10-03 09:02:00,8.3,242,Completed,
T1821,D139,R1012,Mumbai,Andheri,Colaba,2023-10-12 01:14:00,2023-10-12 01:29:00,2023-10-12 01:50:00,6.6,185,Completed,
T1822,D114,R2956,Bangalore,Indiranagar,Jayanagar,2023-10-20 22:40:00,2023-10-20 22:54:00,2023-10-20 23:34:00,10.4,248,Completed,
T1823,D158,R3444,Bangalore,Indiranagar,Whitefield,2023-10-05 03:41:00,2023-10-05 03:49:00,2023-10-05 04:25:00,12.4,358,Completed,
T1824,D197,R1359,Delhi,Dwarka,Rohini,2023-10-12 05:04:00,2023-10-12 05:06:00,2023-10-12 05:38:00,10.2,281,Completed,
T1825,D185,R4320,Bangalore,HSR Layout,Koramangala,2023-10-15 05:02:00,2023-10-15 05:13:00,2023-10-15 05:27:00,4.5,151,Completed,
T1826,D119,R1618,Mumbai,Andheri,Powai,2023-10-12 12:10:00,2023-10-12 12:17:00,2023-10-12 12:46:00,10.2,269,Completed,
T1827,D119,R4650,Mumbai,Andheri,Bandra,2023-10-12 17:57:00,2023-10-12 18:06:00,2023-10-12 19:27:00,24.2,429,Completed,
T1828,D113,R1772,Delhi,Rohini,Connaught Place,2023-10-01 13:25:00,2023-10-01 13:29:00,2023-10-01 13:47:00,4.8,148,Completed,
T1829,D189,R2716,Delhi,Dwarka,Saket,2023-10-28 21:50:00,2023-10-28 22:03:00,2023-10-28 23:11:00,20.2,430,Completed,
T1830,D173,R4298,Mumbai,Colaba,Powai,2023-10-07 20:06:00,2023-10-07 20:12:00,2023-10-07 21:18:00,23.6,446,Completed,
T1831,D335,R2929,Delhi,Dwarka,Rohini,2023-10-19 14:06:00,,,0.0,0.0,Cancelled,Payment Issue
T1832,D192,R1228,Delhi,Vasant Kunj,Dwarka,2023-10-13 12:47:00,,,0.0,0.0,Cancelled,Rider Cancelled
T1833,D332,R2695,Mumbai,Colaba,Andheri,2023-10-06 02:06:00,2023-10-06 02:18:00,2023-10-06 03:04:00,13.7,300,Completed,
T1834,D107,R1052,Mumbai,Bandra,Powai,2023-10-29 03:09:00,2023-10-29 03:24:00,2023-10-29 03:55:00,9.8,210,Completed,
T1835,D163,R2559,Mumbai,Juhu,Colaba,2023-10-18 19:01:00,,,0.0,0.0,Cancelled,Other
T1836,D132,R3271,Delhi,Dwarka,Saket,2023-10-06 06:13:00,2023-10-06 06:20:00,2023-10-06 07:20:00,16.6,424,Completed,
T1837,D150,R3219,Mumbai,Juhu,Colaba,2023-10-26 21:28:00,2023-10-26 21:40:00,2023-10-26 22:23:00,10.9,310,Completed,
T1838,D215,R4233,Delhi,Vasant Kunj,Rohini,2023-10-10 19:15:00,2023-10-10 19:30:00,2023-10-10 20:02:00,9.9,214,Completed,
T1839,D331,R1721,Bangalore,Whitefield,Jayanagar,2023-10-18 06:15:00,2023-10-18 06:22:00,2023-10-18 07:00:00,12.0,270,Completed,
T1840,D319,R4995,Mumbai,Powai,Colaba,2023-10-15 17:19:00,2023-10-15 17:27:00,2023-10-15 17:55:00,10.6,226,Completed,
T1841,D246,R2728,Bangalore,Indiranagar,Jayanagar,2023-10-27 23:56:00,2023-10-27 23:59:00,2023-10-28 00:58:00,18.2,341,Completed,
T1842,D132,R4639,Delhi,Rohini,Dwarka,2023-10-06 20:59:00,2023-10-06 21:03:00,2023-10-06 21:12:00,2.6,112,Completed,
T1843,D121,R1366,Bangalore,Koramangala,Indiranagar,2023-10-12 13:55:00,2023-10-12 13:58:00,2023-10-12 14:43:00,16.8,326,Completed,
T1844,D164,R1636,Mumbai,Juhu,Andheri,2023-10-14 10:45:00,2023-10-14 10:47:00,2023-10-14 10:57:00,3.2,120,Completed,
T1845,D164,R2499,Mumbai,Bandra,Colaba,2023-10-15 15:13:00,2023-10-15 15:18:00,2023-10-15 15:40:00,6.7,186,Completed,
T1846,D134,R1024,Mumbai,Powai,Colaba,2023-10-17 17:16:00,2023-10-17 17:24:00,2023-10-17 18:45:00,20.7,436,Completed,
T1847,D169,R1722,Delhi,Rohini,Vasant Kunj,2023-10-17 22:13:00,2023-10-17 22:19:00,2023-10-17 23:37:00,19.9,411,Completed,
T1848,D129,R4955,Delhi,Connaught Place,Dwarka,2023-10-29 21:12:00,2023-10-29 21:21:00,2023-10-29 21:50:00,10.6,220,Completed,
T1849,D298,R2233,Mumbai,Colaba,Powai,2023-10-03 09:50:00,,,0.0,0.0,Cancelled,Driver Cancelled
T1850,D184,R2098,Mumbai,Colaba,Juhu,2023-10-03 23:29:00,2023-10-03 23:35:00,2023-10-04 00:56:00,24.1,632,Completed,
T1851,D205,R2258,Bangalore,Whitefield,Jayanagar,2023-10-01 13:58:00,2023-10-01 14:10:00,2023-10-01 14:33:00,6.8,169,Completed,
T1852,D246,R4238,Bangalore,Indiranagar,Koramangala,2023-10-26 02:28:00,2023-10-26 02:36:00,2023-10-26 03:35:00,21.3,444,Completed,
T1853,D250,R1451,Mumbai,Powai,Bandra,2023-10-24 22:02:00,2023-10-24 22:13:00,2023-10-24 22:22:00,3.1,106,Completed,
T1854,D228,R2921,Mumbai,Andheri,Colaba,2023-10-07 03:36:00,2023-10-07 03:50:00,2023-10-07 04:42:00,18.3,462,Completed,
T1855,D251,R1410,Bangalore,Koramangala,HSR Layout,2023-10-14 00:38:00,2023-10-14 00:44:00,2023-10-14 01:02:00,4.7,144,Completed,
T1856,D244,R3420,Mumbai,Andheri,Juhu,2023-10-10 14:14:00,2023-10-10 14:21:00,2023-10-10 14:45:00,7.6,165,Completed,
T1857,D152,R4568,Bangalore,Whitefield,Koramangala,2023-10-01 01:45:00,2023-10-01 01:48:00,2023-10-01 01:55:00,2.8,101,Completed,
T1858,D283,R1176,Bangalore,HSR Layout,Jayanagar,2023-10-11 13:01:00,2023-10-11 13:07:00,2023-10-11 13:59:00,16.3,367,Completed,
T1859,D308,R4098,Delhi,Vasant Kunj,Saket,2023-10-06 05:14:00,2023-10-06 05:27:00,2023-10-06 06:25:00,19.4,381,Completed,
T1860,D337,R2896,Delhi,Connaught Place,Dwarka,2023-10-30 11:16:00,2023-10-30 11:28:00,2023-10-30 11:50:00,5.7,188,Completed,
T1861,D173,R1380,Mumbai,Bandra,Powai,2023-10-07 02:50:00,2023-10-07 03:04:00,2023-10-07 03:52:00,19.2,421,Completed,
T1862,D248,R4038,Bangalore,Whitefield,Koramangala,2023-10-07 17:59:00,2023-10-07 18:12:00,2023-10-07 18:37:00,8.6,221,Completed,
T1863,D195,R2883,Delhi,Dwarka,Vasant Kunj,2023-10-18 03:25:00,,,0.0,0.0,Cancelled,Driver Not Found
T1864,D216,R4805,Mumbai,Andheri,Colaba,2023-10-30 19:41:00,2023-10-30 19:44:00,2023-10-30 19:56:00,3.7,122,Completed,
T1865,D145,R3018,Delhi,Dwarka,Vasant Kunj,2023-10-10 23:03:00,2023-10-10 23:13:00,2023-10-11 00:07:00,15.7,419,Completed,
T1866,D243,R4316,Delhi,Saket,Vasant Kunj,2023-10-08 04:35:00,,,0.0,0.0,Cancelled,Rider Cancelled
T1867,D271,R2623,Delhi,Dwarka,Vasant Kunj,2023-10-01 16:43:00,2023-10-01 16:50:00,2023-10-01 17:03:00,4.0,150,Completed,
T1868,D128,R2354,Mumbai,Colaba,Powai,2023-10-01 13:31:00,2023-10-01 13:39:00,2023-10-01 14:26:00,13.1,253,Completed,
T1869,D310,R2556,Delhi,Vasant Kunj,Dwarka,2023-10-19 11:28:00,2023-10-19 11:30:00,2023-10-19 12:00:00,10.4,300,Completed,
T1870,D209,R3714,Bangalore,Indiranagar,Jayanagar,2023-10-06 18:49:00,2023-10-06 18:57:00,2023-10-06 19:09:00,3.6,117,Completed,
T1871,D178,R2219,Mumbai,Powai,Juhu,2023-10-13 22:31:00,2023-10-13 22:40:00,2023-10-13 22:53:00,3.6,121,Completed,
T1872,D222,R3687,Bangalore,Whitefield,HSR Layout,2023-10-09 05:50:00,2023-10-09 05:57:00,2023-10-09 06:36:00,13.5,284,Completed,
T1873,D220,R1686,Delhi,Saket,Vasant Kunj,2023-10-15 13:26:00,2023-10-15 13:40:00,2023-10-15 15:05:00,23.0,439,Completed,
T1874,D350,R1303,Delhi,Rohini,Vasant Kunj,2023-10-24 08:22:00,2023-10-24 08:29:00,2023-10-24 09:10:00,11.1,246,Completed,
T1875,D209,R4874,Bangalore,Jayanagar,HSR Layout,2023-10-15 20:20:00,2023-10-15 20:30:00,2023-10-15 21:58:00,24.8,479,Completed,
T1876,D234,R2709,Delhi,Rohini,Vasant Kunj,2023-10-15 17:02:00,2023-10-15 17:04:00,2023-10-15 17:32:00,11.5,293,Completed,
T1877,D225,R4352,Mumbai,Colaba,Juhu,2023-10-18 17:10:00,2023-10-18 17:23:00,2023-10-18 17:33:00,3.3,110,Completed,
T1878,D293,R3471,Bangalore,Jayanagar,Indiranagar,2023-10-21 22:30:00,2023-10-21 22:42:00,2023-10-21 22:58:00,5.1,177,Completed,
T1879,D306,R3344,Delhi,Vasant Kunj,Connaught Place,2023-10-19 05:28:00,2023-10-19 05:31:00,2023-10-19 06:38:00,17.3,383,Completed,
T1880,D253,R2244,Bangalore,Jayanagar,Koramangala,2023-10-13 16:41:00,,,0.0,0.0,Cancelled,Driver Cancelled
T1881,D271,R1470,Delhi,Dwarka,Connaught Place,2023-10-27 02:25:00,2023-10-27 02:36:00,2023-10-27 04:01:00,24.4,633,Completed,
T1882,D113,R2047,Delhi,Dwarka,Connaught Place,2023-10-14 11:37:00,2023-10-14 11:42:00,2023-10-14 12:56:00,23.6,598,Completed,
T1883,D147,R1766,Bangalore,Indiranagar,Whitefield,2023-10-04 12:02:00,2023-10-04 12:15:00,2023-10-04 13:10:00,14.6,340,Completed,
T1884,D293,R1295,Bangalore,Koramangala,Whitefield,2023-10-10 02:10:00,2023-10-10 02:24:00,2023-10-10 03:29:00,16.5,360,Completed,
T1885,D165,R2440,Bangalore,Koramangala,Whitefield,2023-10-26 14:32:00,,,0.0,0.0,Cancelled,Rider Cancelled
T1886,D279,R1165,Bangalore,HSR Layout,Indiranagar,2023-10-23 20:15:00,2023-10-23 20:26:00,2023-10-23 21:25:00,17.4,332,Completed,
T1887,D243,R1846,Delhi,Connaught Place,Rohini,2023-10-02 11:20:00,2023-10-02 11:33:00,2023-10-02 11:42:00,2.5,99,Completed,
T1888,D227,R1923,Mumbai,Bandra,Powai,2023-10-15 09:00:00,2023-10-15 09:15:00,2023-10-15 10:08:00,15.8,388,Completed,
T1889,D189,R3087,Delhi,Saket,Rohini,2023-10-02 20:23:00,2023-10-02 20:25:00,2023-10-02 21:32:00,23.3,423,Completed,
T1890,D292,R1753,Bangalore,HSR Layout,Jayanagar,2023-10-21 01:58:00,,,0.0,0.0,Cancelled,Rider Cancelled
T1891,D299,R4806,Mumbai,Bandra,Colaba,2023-10-02 01:08:00,2023-10-02 01:19:00,2023-10-02 02:45:00,24.2,593,Completed,
T1892,D322,R2328,Bangalore,Whitefield,Indiranagar,2023-10-03 03:09:00,2023-10-03 03:13:00,2023-10-03 04:21:00,24.4,633,Completed,
T1893,D292,R1953,Bangalore,Indiranagar,Jayanagar,2023-10-13 06:02:00,2023-10-13 06:16:00,2023-10-13 07:04:00,15.7,441,Completed,
T1894,D288,R3529,Mumbai,Andheri,Juhu,2023-10-01 17:26:00,2023-10-01 17:38:00,2023-10-01 18:49:00,23.5,607,Completed,
T1895,D230,R1249,Bangalore,Jayanagar,HSR Layout,2023-10-06 23:23:00,,,0.0,0.0,Cancelled,Payment Issue
T1896,D170,R2412,Delhi,Connaught Place,Dwarka,2023-10-14 22:36:00,,,0.0,0.0,Cancelled,Rider Cancelled
T1897,D239,R4809,Delhi,Connaught Place,Rohini,2023-10-14 09:35:00,2023-10-14 09:47:00,2023-10-14 11:07:00,24.9,576,Completed,
T1898,D311,R1082,Bangalore,Jayanagar,Whitefield,2023-10-08 17:03:00,2023-10-08 17:10:00,2023-10-08 18:29:00,21.2,440,Completed,
T1899,D256,R4092,Mumbai,Juhu,Bandra,2023-10-30 22:34:00,2023-10-30 22:42:00,2023-10-30 22:52:00,3.1,125,Completed,
T1900,D9999,R3018,Bangalore,HSR Layout,Jayanagar,2023-10-22 06:27:00,2023-10-22 06:35:00,2023-10-22 07:09:00,12.0,350,Completed,
T1901,D120,R1806,Delhi,Rohini,Connaught Place,2023-10-25 21:02:00,2023-10-25 21:10:00,2023-10-25 21:24:00,4.9,126,Completed,
T1902,D177,R2235,Mumbai,Colaba,Juhu,2023-10-12 17:53:00,2023-10-12 17:56:00,2023-10-12 18:53:00,18.5,339,Completed,
T1903,D126,R4175,Mumbai,Colaba,Bandra,2023-10-17 00:32:00,2023-10-17 00:36:00,2023-10-17 01:34:00,19.5,348,Completed,
T1904,D225,R4837,Mumbai,Powai,Andheri,2023-10-27 07:35:00,2023-10-27 07:48:00,2023-10-27 08:45:00,17.1,340,Completed,
T1905,D190,R3507,Mumbai,Andheri,Juhu,2023-10-14 05:05:00,2023-10-14 05:07:00,2023-10-14 06:11:00,16.3,419,Completed,
T1906,D135,R4873,Mumbai,Colaba,Bandra,2023-10-29 06:34:00,2023-10-29 06:46:00,2023-10-29 07:00:00,4.4,151,Completed,
T1907,D288,R1465,Mumbai,Colaba,Juhu,2023-10-23 23:22:00,2023-10-23 23:24:00,2023-10-23 23:43:00,5.0,126,Completed,
T1908,D255,R4670,Mumbai,Juhu,Powai,2023-10-13 15:54:00,2023-10-13 16:07:00,2023-10-13 16:44:00,11.3,247,Completed,
T1909,D317,R1966,Delhi,Connaught Place,Saket,2023-10-11 11:42:00,2023-10-11 11:45:00,2023-10-11 11:58:00,5.3,152,Completed,
T1910,D210,R1290,Mumbai,Powai,Bandra,2023-10-25 02:10:00,2023-10-25 02:12:00,2023-10-25 02:47:00,11.5,263,Completed,
T1911,D312,R3642,Delhi,Saket,Vasant Kunj,2023-10-24 10:05:00,2023-10-24 10:16:00,2023-10-24 10:31:00,5.5,166,Completed,
T1912,D318,R4341,Bangalore,Koramangala,Jayanagar,2023-10-10 11:10:00,2023-10-10 11:23:00,2023-10-10 12:39:00,24.4,430,Completed,
T1913,D290,R1167,Bangalore,Koramangala,Jayanagar,2023-10-13 17:12:00,2023-10-13 17:25:00,2023-10-13 18:05:00,12.2,293,Completed,
T1914,D153,R1999,Mumbai,Colaba,Powai,2023-10-27 18:16:00,2023-10-27 18:22:00,2023-10-27 18:38:00,5.5,184,Completed,
T1915,D247,R2497,Bangalore,Jayanagar,Indiranagar,2023-10-22 02:01:00,2023-10-22 02:12:00,2023-10-22 02:20:00,2.5,99,Completed,
T1916,D192,R2125,Delhi,Connaught Place,Rohini,2023-10-10 11:41:00,,,0.0,0.0,Cancelled,Driver Cancelled
T1917,D333,R1087,Delhi,Connaught Place,Vasant Kunj,2023-10-04 18:00:00,2023-10-04 18:14:00,2023-10-04 18:24:00,3.4,131,Completed,
T1918,D173,R3127,Mumbai,Colaba,Juhu,2023-10-06 21:19:00,2023-10-06 21:30:00,2023-10-06 22:10:00,15.3,293,Completed,
T1919,D219,R4592,Bangalore,HSR Layout,Whitefield,2023-10-12 04:14:00,2023-10-12 04:21:00,2023-10-12 05:06:00,13.0,290,Completed,
T1920,D341,R3766,Delhi,Rohini,Vasant Kunj,2023-10-12 10:33:00,,,0.0,0.0,Cancelled,Rider Cancelled
T1921,D202,R1394,Bangalore,HSR Layout,Jayanagar,2023-10-08 01:21:00,2023-10-08 01:31:00,2023-10-08 02:51:00,24.3,649,Completed,
T1922,D259,R4259,Mumbai,Juhu,Powai,2023-10-03 08:25:00,,,0.0,0.0,Cancelled,Driver Cancelled
T1923,D294,R3940,Delhi,Dwarka,Saket,2023-10-18 13:52:00,2023-10-18 14:05:00,2023-10-18 15:15:00,21.0,545,Completed,
T1924,D318,R3743,Bangalore,Jayanagar,Whitefield,2023-10-20 23:24:00,,,0.0,0.0,Cancelled,Rider Cancelled
T1925,D286,R1128,Delhi,Saket,Rohini,2023-10-24 11:37:00,2023-10-24 11:44:00,2023-10-24 12:10:00,7.4,207,Completed,
T1926,D138,R3933,Bangalore,Whitefield,Indiranagar,2023-10-14 05:32:00,2023-10-14 05:37:00,2023-10-14 06:11:00,9.3,234,Completed,
T1927,D292,R1310,Bangalore,HSR Layout,Indiranagar,2023-10-16 11:59:00,2023-10-16 12:14:00,2023-10-16 12:24:00,2.9,101,Completed,
T1928,D197,R3037,Delhi,Vasant Kunj,Saket,2023-10-25 19:49:00,2023-10-25 19:58:00,2023-10-25 20:22:00,7.9,209,Completed,
T1929,D342,R2640,Delhi,Connaught Place,Rohini,2023-10-17 04:38:00,2023-10-17 04:42:00,2023-10-17 04:51:00,3.5,113,Completed,
T1930,D197,R1399,Delhi,Saket,Rohini,2023-10-14 04:57:00,2023-10-14 05:01:00,2023-10-14 05:11:00,3.1,125,Completed,
T1931,D318,R4804,Bangalore,Indiranagar,HSR Layout,2023-10-25 10:12:00,2023-10-25 10:17:00,2023-10-25 10:55:00,9.7,241,Completed,
T1932,D133,R1296,Bangalore,Koramangala,HSR Layout,2023-10-22 20:54:00,2023-10-22 21:07:00,2023-10-22 22:11:00,22.9,582,Completed,
T1933,D267,R3985,Bangalore,Koramangala,Whitefield,2023-10-07 04:12:00,,,0.0,0.0,Cancelled,Driver Not Found
T1934,D340,R2032,Mumbai,Juhu,Colaba,2023-10-13 08:55:00,2023-10-13 09:08:00,2023-10-13 09:46:00,9.6,239,Completed,
T1935,D165,R3353,Bangalore,Jayanagar,Whitefield,2023-10-17 15:36:00,2023-10-17 15:41:00,2023-10-17 16:48:00,21.0,521,Completed,
T1936,D311,R2773,Bangalore,HSR Layout,Indiranagar,2023-10-13 09:29:00,2023-10-13 09:36:00,2023-10-13 10:03:00,9.9,241,Completed,
T1937,D220,R2711,Delhi,Saket,Rohini,2023-10-27 07:24:00,2023-10-27 07:36:00,2023-10-27 08:00:00,7.0,221,Completed,
T1938,D211,R3096,Delhi,Connaught Place,Rohini,2023-10-30 15:39:00,2023-10-30 15:46:00,2023-10-30 16:18:00,8.6,246,Completed,
T1939,D194,R4026,Mumbai,Andheri,Powai,2023-10-22 17:40:00,2023-10-22 17:49:00,2023-10-22 18:39:00,16.9,360,Completed,
T1940,D252,R1642,Bangalore,Koramangala,HSR Layout,2023-10-25 21:59:00,2023-10-25 22:08:00,2023-10-25 22:41:00,9.2,241,Completed,
T1941,D279,R4963,Bangalore,HSR Layout,Jayanagar,2023-10-06 07:51:00,2023-10-06 07:57:00,2023-10-06 08:55:00,23.3,410,Completed,
T1942,D346,R2854,Bangalore,Whitefield,Jayanagar,2023-10-28 11:40:00,2023-10-28 11:42:00,2023-10-28 12:34:00,18.7,465,Completed,
T1943,D181,R1038,Delhi,Rohini,Vasant Kunj,2023-10-17 05:15:00,2023-10-17 05:17:00,2023-10-17 06:09:00,14.1,315,Completed,
T1944,D114,R2355,Bangalore,HSR Layout,Koramangala,2023-10-13 17:35:00,2023-10-13 17:42:00,2023-10-13 18:46:00,20.2,391,Completed,
T1945,D131,R1085,Delhi,Dwarka,Rohini,2023-10-10 05:00:00,2023-10-10 05:05:00,2023-10-10 05:44:00,14.9,408,Completed,
T1946,D254,R3865,Bangalore,Koramangala,Jayanagar,2023-10-14 14:51:00,2023-10-14 15:01:00,2023-10-14 16:19:00,20.3,435,Completed,
T1947,D313,R3482,Delhi,Dwarka,Connaught Place,2023-10-08 10:58:00,,,0.0,0.0,Cancelled,Driver Cancelled
T1948,D344,R1028,Mumbai,Colaba,Powai,2023-10-25 02:06:00,2023-10-25 02:09:00,2023-10-25 02:55:00,16.7,347,Completed,
T1949,D174,R2317,Mumbai,Bandra,Andheri,2023-10-11 04:06:00,2023-10-11 04:19:00,2023-10-11 05:12:00,17.2,356,Completed,
T1950,D180,R3672,Bangalore,Jayanagar,HSR Layout,2023-10-11 22:51:00,2023-10-11 22:53:00,2023-10-12 00:05:00,22.7,546,Completed,
T1951,D280,R1948,Mumbai,Powai,Juhu,2023-10-28 19:32:00,2023-10-28 19:38:00,2023-10-28 20:33:00,14.3,365,Completed,
T1952,D227,R1849,Mumbai,Colaba,Juhu,2023-10-07 03:22:00,2023-10-07 03:34:00,2023-10-07 04:56:00,24.9,615,Completed,
T1953,D108,R1424,Delhi,Dwarka,Saket,2023-10-29 03:00:00,2023-10-29 03:07:00,2023-10-29 03:47:00,10.7,214,Completed,
T1954,D240,R3601,Bangalore,Whitefield,HSR Layout,2023-10-29 20:12:00,2023-10-29 20:17:00,2023-10-29 20:40:00,5.9,142,Completed,
T1955,D329,R1104,Delhi,Dwarka,Connaught Place,2023-10-13 02:58:00,2023-10-13 03:09:00,2023-10-13 04:11:00,18.5,366,Completed,
T1956,D308,R2843,Delhi,Saket,Dwarka,2023-10-30 19:32:00,2023-10-30 19:42:00,2023-10-30 21:04:00,22.9,603,Completed,
T1957,D158,R4612,Bangalore,Koramangala,Indiranagar,2023-10-17 22:31:00,2023-10-17 22:40:00,2023-10-17 23:49:00,21.8,393,Completed,
T1958,D325,R4145,Bangalore,Jayanagar,Koramangala,2023-10-23 12:44:00,,,0.0,0.0,Cancelled,Driver Not Found
T1959,D248,R3511,Bangalore,Indiranagar,HSR Layout,2023-10-02 06:14:00,,,0.0,0.0,Cancelled,Rider Cancelled
T1960,D205,R4361,Bangalore,Koramangala,Indiranagar,2023-10-22 12:46:00,2023-10-22 12:59:00,2023-10-22 13:31:00,9.6,252,Completed,
T1961,D156,R4164,Delhi,Dwarka,Saket,2023-10-15 00:13:00,2023-10-15 00:16:00,2023-10-15 00:40:00,6.6,203,Completed,
T1962,D180,R1172,Bangalore,Jayanagar,Koramangala,2023-10-14 16:10:00,2023-10-14 16:22:00,2023-10-14 17:32:00,20.0,422,Completed,
T1963,D153,R2052,Mumbai,Colaba,Powai,2023-10-10 15:03:00,2023-10-10 15:11:00,2023-10-10 16:15:00,18.6,356,Completed,
T1964,D236,R2551,Mumbai,Bandra,Powai,2023-10-06 09:39:00,2023-10-06 09:46:00,2023-10-06 10:38:00,17.8,375,Completed,
T1965,D206,R2678,Bangalore,Whitefield,Jayanagar,2023-10-14 17:43:00,2023-10-14 17:58:00,2023-10-14 18:35:00,11.1,280,Completed,
T1966,D171,R1404,Delhi,Connaught Place,Saket,2023-10-26 07:48:00,2023-10-26 07:53:00,2023-10-26 09:22:00,23.4,571,Completed,
T1967,D334,R2048,Mumbai,Powai,Bandra,2023-10-30 02:49:00,2023-10-30 02:52:00,2023-10-30 03:47:00,15.5,329,Completed,
T1968,D165,R4071,Bangalore,Jayanagar,Koramangala,2023-10-07 04:37:00,2023-10-07 04:50:00,2023-10-07 05:35:00,17.0,432,Completed,
T1969,D218,R2136,Mumbai,Bandra,Colaba,2023-10-13 14:42:00,2023-10-13 14:46:00,2023-10-13 15:02:00,5.1,137,Completed,
T1970,D127,R2152,Mumbai,Colaba,Powai,2023-10-21 21:04:00,2023-10-21 21:10:00,2023-10-21 21:42:00,9.6,197,Completed,
T1971,D331,R2661,Bangalore,Koramangala,Jayanagar,2023-10-14 19:42:00,2023-10-14 19:55:00,2023-10-14 20:54:00,19.4,455,Completed,
T1972,D279,R4902,Bangalore,HSR Layout,Indiranagar,2023-10-20 15:21:00,2023-10-20 15:34:00,2023-10-20 16:56:00,21.3,554,Completed,
T1973,D285,R1763,Bangalore,Koramangala,Whitefield,2023-10-29 17:26:00,2023-10-29 17:35:00,2023-10-29 18:22:00,12.3,264,Completed,
T1974,D251,R3763,Bangalore,Indiranagar,Jayanagar,2023-10-29 04:28:00,,,0.0,0.0,Cancelled,Driver Cancelled
T1975,D173,R2705,Mumbai,Juhu,Powai,2023-10-28 20:50:00,,,0.0,0.0,Cancelled,Driver Cancelled
T1976,D251,R3937,Bangalore,Indiranagar,Jayanagar,2023-10-18 11:32:00,,,0.0,0.0,Cancelled,Driver Cancelled
T1977,D349,R1949,Delhi,Dwarka,Saket,2023-10-01 19:02:00,,,0.0,0.0,Cancelled,Other
T1978,D204,R3421,Bangalore,HSR Layout,Jayanagar,2023-10-16 04:33:00,2023-10-16 04:37:00,2023-10-16 05:35:00,23.3,605,Completed,
T1979,D312,R4110,Delhi,Rohini,Saket,2023-10-10 21:52:00,2023-10-10 22:02:00,2023-10-10 22:16:00,4.8,159,Completed,
T1980,D168,R3575,Delhi,Dwarka,Rohini,2023-10-30 20:35:00,2023-10-30 20:44:00,2023-10-30 22:02:00,20.1,476,Completed,
T1981,D284,R2017,Bangalore,Indiranagar,Whitefield,2023-10-08 14:20:00,2023-10-08 14:33:00,2023-10-08 14:50:00,5.0,146,Completed,
T1982,D200,R1990,Mumbai,Juhu,Bandra,2023-10-21 09:46:00,2023-10-21 09:57:00,2023-10-21 10:08:00,3.8,126,Completed,
T1983,D116,R2729,Bangalore,Whitefield,Koramangala,2023-10-15 02:54:00,2023-10-15 03:06:00,2023-10-15 03:21:00,5.3,174,Completed,
T1984,D151,R1440,Delhi,Saket,Dwarka,2023-10-05 08:11:00,2023-10-05 08:14:00,2023-10-05 09:14:00,17.7,324,Completed,
T1985,D182,R2379,Bangalore,Koramangala,Whitefield,2023-10-26 14:12:00,,,0.0,0.0,Cancelled,Rider Cancelled
T1986,D217,R3371,Delhi,Connaught Place,Vasant Kunj,2023-10-16 08:47:00,2023-10-16 08:57:00,2023-10-16 09:27:00,9.6,268,Completed,
T1987,D117,R2033,Delhi,Connaught Place,Rohini,2023-10-08 02:18:00,2023-10-08 02:22:00,2023-10-08 02:56:00,9.1,249,Completed,
T1988,D209,R2350,Bangalore,HSR Layout,Whitefield,2023-10-21 23:40:00,2023-10-21 23:55:00,2023-10-22 00:04:00,3.1,97,Completed,
T1989,D115,R4023,Bangalore,Indiranagar,Whitefield,2023-10-15 00:21:00,2023-10-15 00:24:00,2023-10-15 01:05:00,15.8,422,Completed,
T1990,D191,R2038,Bangalore,Koramangala,Jayanagar,2023-10-30 01:49:00,2023-10-30 02:04:00,2023-10-30 02:34:00,9.9,288,Completed,
T1991,D336,R1064,Delhi,Dwarka,Saket,2023-10-18 03:49:00,2023-10-18 04:01:00,2023-10-18 05:26:00,22.0,582,Completed,
T1992,D242,R1536,Bangalore,Jayanagar,Koramangala,2023-10-30 17:31:00,2023-10-30 17:36:00,2023-10-30 18:23:00,14.4,345,Completed,
T1993,D155,R1544,Mumbai,Bandra,Juhu,2023-10-25 08:27:00,2023-10-25 08:41:00,2023-10-25 09:43:00,21.6,536,Completed,
T1994,D297,R3178,Delhi,Vasant Kunj,Connaught Place,2023-10-17 03:30:00,2023-10-17 03:45:00,2023-10-17 04:52:00,17.1,388,Completed,
T1995,D145,R3248,Delhi,Rohini,Connaught Place,2023-10-25 20:05:00,2023-10-25 20:13:00,2023-10-25 21:22:00,19.4,428,Completed,
T1996,D244,R1162,Mumbai,Powai,Andheri,2023-10-28 14:56:00,2023-10-28 15:05:00,2023-10-28 16:01:00,17.0,353,Completed,
T1997,D242,R4420,Bangalore,HSR Layout,Koramangala,2023-10-28 11:32:00,2023-10-28 11:40:00,2023-10-28 13:11:00,23.6,619,Completed,
T1998,D310,R3045,Delhi,Saket,Rohini,2023-10-05 11:32:00,2023-10-05 11:44:00,2023-10-05 13:07:00,24.0,541,Completed,
T1999,D328,R3608,Delhi,Rohini,Dwarka,2023-10-08 10:57:00,2023-10-08 11:12:00,2023-10-08 11:50:00,15.2,370,Completed,
T2000,D300,R1320,Mumbai,Colaba,Powai,2023-10-23 05:21:00,,2023-10-23 05:39:00,5.3,5000.0,Completed,
T2001,D108,R1081,Delhi,Saket,Dwarka,2023-10-13 21:35:00,2023-10-13 21:45:00,2023-10-13 22:52:00,21.4,541,Completed,
T2002,D281,R3640,Mumbai,Bandra,Powai,2023-10-05 17:43:00,2023-10-05 17:56:00,2023-10-05 18:26:00,10.9,267,Completed,
T2003,D294,R1418,Delhi,Dwarka,Rohini,2023-10-05 10:07:00,2023-10-05 10:19:00,2023-10-05 10:28:00,3.2,116,Completed,
T2004,D184,R2813,Mumbai,Colaba,Andheri,2023-10-26 13:40:00,2023-10-26 13:52:00,2023-10-26 13:58:00,2.1,82,Completed,
T2005,D161,R3609,Bangalore,Indiranagar,Koramangala,2023-10-11 17:51:00,2023-10-11 18:01:00,2023-10-11 18:40:00,13.4,353,Completed,
T2006,D251,R4138,Bangalore,Indiranagar,Koramangala,2023-10-17 07:04:00,2023-10-17 07:15:00,2023-10-17 07:54:00,11.6,317,Completed,
T2007,D312,R2016,Delhi,Connaught Place,Dwarka,2023-10-24 14:57:00,2023-10-24 14:59:00,2023-10-24 15:40:00,12.1,248,Completed,
T2008,D220,R3192,Delhi,Dwarka,Connaught Place,2023-10-02 06:35:00,2023-10-02 06:44:00,2023-10-02 07:28:00,13.2,342,Completed,
T2009,D199,R4592,Bangalore,Koramangala,HSR Layout,2023-10-02 11:25:00,2023-10-02 11:35:00,2023-10-02 11:43:00,2.3,96,Completed,
T2010,D162,R4831,Delhi,Vasant Kunj,Dwarka,2023-10-17 02:46:00,2023-10-17 02:55:00,2023-10-17 03:34:00,12.0,328,Completed,
T2011,D167,R4364,Bangalore,Whitefield,Jayanagar,2023-10-18 22:01:00,2023-10-18 22:04:00,2023-10-18 22:23:00,5.1,157,Completed,
T2012,D346,R4706,Bangalore,Indiranagar,Whitefield,2023-10-06 17:31:00,2023-10-06 17:42:00,2023-10-06 18:00:00,6.9,179,Completed,
T2013,D286,R2989,Delhi,Connaught Place,Rohini,2023-10-06 06:08:00,2023-10-06 06:12:00,2023-10-06 07:32:00,20.2,457,Completed,
T2014,D139,R4016,Mumbai,Powai,Bandra,2023-10-26 21:42:00,2023-10-26 21:54:00,2023-10-26 22:55:00,19.0,473,Completed,
T2015,D291,R2623,Bangalore,Indiranagar,Koramangala,2023-10-10 04:06:00,2023-10-10 04:18:00,2023-10-10 04:27:00,3.4,102,Completed,
T2016,D271,R2495,Delhi,Saket,Dwarka,2023-10-29 04:58:00,2023-10-29 05:04:00,2023-10-29 05:42:00,11.5,327,Completed,
T2017,D262,R3590,Delhi,Rohini,Connaught Place,2023-10-22 12:48:00,,,0.0,0.0,Cancelled,Driver Cancelled
T2018,D165,R2214,Bangalore,Indiranagar,HSR Layout,2023-10-06 05:42:00,2023-10-06 05:51:00,2023-10-06 06:10:00,5.8,150,Completed,
T2019,D253,R2119,Bangalore,Whitefield,Jayanagar,2023-10-10 08:13:00,2023-10-10 08:20:00,2023-10-10 09:39:00,20.0,438,Completed,
T2020,D127,R2659,Mumbai,Andheri,Colaba,2023-10-24 01:45:00,2023-10-24 01:48:00,2023-10-24 02:23:00,10.5,252,Completed,
T2021,D187,R1779,Bangalore,HSR Layout,Indiranagar,2023-10-10 14:40:00,2023-10-10 14:53:00,2023-10-10 16:19:00,24.6,454,Completed,
T2022,D290,R1471,Bangalore,Indiranagar,Jayanagar,2023-10-03 07:28:00,2023-10-03 07:32:00,2023-10-03 08:11:00,15.8,297,Completed,
T2023,D303,R3107,Delhi,Rohini,Vasant Kunj,2023-10-21 09:31:00,2023-10-21 09:41:00,2023-10-21 10:17:00,14.2,305,Completed,
T2024,D308,R4823,Delhi,Rohini,Connaught Place,2023-10-02 15:04:00,2023-10-02 15:15:00,2023-10-02 15:51:00,9.1,240,Completed,
T2025,D331,R1909,Bangalore,Indiranagar,HSR Layout,2023-10-04 01:31:00,2023-10-04 01:44:00,2023-10-04 02:34:00,18.5,475,Completed,
T2026,D165,R3742,Bangalore,Jayanagar,Indiranagar,2023-10-19 12:43:00,2023-10-19 12:46:00,2023-10-19 12:55:00,2.9,103,Completed,
T2027,D194,R1858,Mumbai,Powai,Andheri,2023-10-24 11:33:00,2023-10-24 11:48:00,2023-10-24 12:15:00,7.9,191,Completed,
T2028,D326,R2252,Mumbai,Bandra,Colaba,2023-10-11 07:16:00,2023-10-11 07:19:00,2023-10-11 08:42:00,22.7,459,Completed,
T2029,D132,R4262,Delhi,Dwarka,Saket,2023-10-08 10:56:00,2023-10-08 11:08:00,2023-10-08 12:13:00,24.9,487,Completed,
T2030,D170,R2619,Delhi,Vasant Kunj,Connaught Place,2023-10-03 20:47:00,,,0.0,0.0,Cancelled,Driver Cancelled
T2031,D164,R4623,Mumbai,Andheri,Juhu,2023-10-12 11:27:00,2023-10-12 11:42:00,2023-10-12 12:23:00,11.9,239,Completed,
T2032,D215,R2194,Delhi,Vasant Kunj,Connaught Place,2023-10-09 01:57:00,2023-10-09 02:09:00,2023-10-09 03:04:00,16.3,347,Completed,
T2033,D122,R2269,Bangalore,Indiranagar,Koramangala,2023-10-11 01:41:00,2023-10-11 01:46:00,2023-10-11 01:58:00,3.9,109,Completed,
T2034,D223,R4831,Delhi,Rohini,Connaught Place,2023-10-08 10:04:00,2023-10-08 10:13:00,2023-10-08 11:11:00,15.0,345,Completed,
T2035,D149,R1077,Mumbai,Bandra,Colaba,2023-10-28 06:07:00,,,0.0,0.0,Cancelled,Driver Cancelled
T2036,D343,R3966,Mumbai,Andheri,Powai,2023-10-28 16:13:00,2023-10-28 16:27:00,2023-10-28 16:49:00,7.9,213,Completed,
T2037,D293,R2490,Bangalore,Koramangala,Jayanagar,2023-10-19 07:41:00,,,0.0,0.0,Cancelled,Driver Cancelled
T2038,D162,R3607,Delhi,Vasant Kunj,Connaught Place,2023-10-01 15:52:00,2023-10-01 15:58:00,2023-10-01 17:00:00,19.6,403,Completed,
T2039,D220,R4121,Delhi,Rohini,Connaught Place,2023-10-07 21:50:00,2023-10-07 21:52:00,2023-10-07 22:55:00,21.1,401,Completed,
T2040,D203,R3278,Mumbai,Juhu,Powai,2023-10-19 11:56:00,2023-10-19 12:09:00,2023-10-19 13:01:00,13.6,378,Completed,
T2041,D141,R4389,Mumbai,Colaba,Bandra,2023-10-20 17:06:00,,,0.0,0.0,Cancelled,Driver Not Found
T2042,D159,R3675,Delhi,Dwarka,Rohini,2023-10-06 04:40:00,2023-10-06 04:43:00,2023-10-06 05:25:00,13.7,374,Completed,
T2043,D251,R4002,Bangalore,Whitefield,Koramangala,2023-10-04 00:59:00,2023-10-04 01:03:00,2023-10-04 01:35:00,11.0,277,Completed,
T2044,D160,R4771,Delhi,Dwarka,Connaught Place,2023-10-12 12:35:00,2023-10-12 12:50:00,2023-10-12 13:40:00,15.4,301,Completed,
T2045,D295,R2556,Mumbai,Bandra,Juhu,2023-10-03 19:23:00,2023-10-03 19:28:00,2023-10-03 19:59:00,10.8,250,Completed,
T2046,D171,R3500,Delhi,Rohini,Saket,2023-10-26 16:09:00,2023-10-26 16:18:00,2023-10-26 17:33:00,24.6,595,Completed,
T2047,D143,R4555,Mumbai,Colaba,Powai,2023-10-10 21:20:00,2023-10-10 21:29:00,2023-10-10 22:30:00,21.3,524,Completed,
T2048,D159,R4873,Delhi,Connaught Place,Rohini,2023-10-15 02:05:00,2023-10-15 02:07:00,2023-10-15 03:06:00,18.8,426,Completed,
T2049,D227,R1621,Mumbai,Juhu,Bandra,2023-10-28 00:06:00,2023-10-28 00:19:00,2023-10-28 01:12:00,19.3,442,Completed,
T2050,D111,R3122,Delhi,Connaught Place,Dwarka,2023-10-05 20:55:00,2023-10-05 21:07:00,2023-10-05 22:18:00,21.1,543,Completed,
T2051,D107,R1598,Mumbai,Juhu,Andheri,2023-10-04 05:44:00,2023-10-04 05:46:00,2023-10-04 06:11:00,7.3,178,Completed,
T2052,D272,R1169,Bangalore,Indiranagar,Koramangala,2023-10-19 23:39:00,2023-10-19 23:51:00,2023-10-20 00:24:00,13.3,286,Completed,
T2053,D338,R2233,Delhi,Saket,Connaught Place,2023-10-26 13:59:00,2023-10-26 14:10:00,2023-10-26 14:30:00,6.5,162,Completed,
T2054,D226,R4654,Delhi,Connaught Place,Dwarka,2023-10-28 07:02:00,2023-10-28 07:10:00,2023-10-28 08:45:00,24.2,620,Completed,
T2055,D175,R4419,Mumbai,Colaba,Bandra,2023-10-13 04:50:00,2023-10-13 04:57:00,2023-10-13 05:39:00,16.7,346,Completed,
T2056,D176,R4846,Delhi,Dwarka,Rohini,2023-10-05 04:17:00,,,0.0,0.0,Cancelled,Driver Not Found
T2057,D349,R4209,Delhi,Vasant Kunj,Saket,2023-10-16 10:05:00,2023-10-16 10:16:00,2023-10-16 11:07:00,18.2,483,Completed,
T2058,D145,R3780,Delhi,Connaught Place,Dwarka,2023-10-27 13:22:00,2023-10-27 13:36:00,2023-10-27 14:05:00,10.8,222,Completed,
T2059,D306,R1947,Delhi,Dwarka,Rohini,2023-10-19 23:17:00,2023-10-19 23:30:00,2023-10-20 00:01:00,9.9,253,Completed,
T2060,D262,R2312,Delhi,Connaught Place,Dwarka,2023-10-07 08:40:00,2023-10-07 08:55:00,2023-10-07 09:48:00,15.8,337,Completed,
T2061,D177,R1974,Mumbai,Bandra,Juhu,2023-10-03 15:07:00,,,0.0,0.0,Cancelled,Driver Not Found
T2062,D292,R2989,Bangalore,Jayanagar,Koramangala,2023-10-28 04:02:00,2023-10-28 04:16:00,2023-10-28 04:32:00,5.9,183,Completed,
T2063,D284,R1897,Bangalore,Whitefield,HSR Layout,2023-10-13 02:06:00,2023-10-13 02:14:00,2023-10-13 03:07:00,17.6,343,Completed,
T2064,D154,R2508,Delhi,Saket,Dwarka,2023-10-10 02:28:00,2023-10-10 02:34:00,2023-10-10 02:44:00,3.0,95,Completed,
T2065,D340,R2384,Mumbai,Andheri,Juhu,2023-10-25 16:23:00,2023-10-25 16:37:00,2023-10-25 17:01:00,6.7,175,Completed,
T2066,D216,R1922,Mumbai,Powai,Bandra,2023-10-09 16:45:00,2023-10-09 16:52:00,2023-10-09 17:55:00,16.4,427,Completed,
T2067,D112,R1558,Bangalore,Koramangala,Jayanagar,2023-10-13 12:08:00,2023-10-13 12:10:00,2023-10-13 13:15:00,18.5,374,Completed,
T2068,D274,R2316,Delhi,Dwarka,Vasant Kunj,2023-10-04 11:42:00,2023-10-04 11:53:00,2023-10-04 12:10:00,4.4,150,Completed,
T2069,D274,R2653,Delhi,Saket,Rohini,2023-10-29 21:57:00,2023-10-29 22:01:00,2023-10-29 22:14:00,3.3,114,Completed,
T2070,D194,R1190,Mumbai,Bandra,Juhu,2023-10-06 20:31:00,2023-10-06 20:39:00,2023-10-06 21:02:00,7.5,215,Completed,
T2071,D337,R1476,Delhi,Rohini,Connaught Place,2023-10-16 03:09:00,2023-10-16 03:12:00,2023-10-16 04:26:00,24.0,478,Completed,
T2072,D209,R3265,Bangalore,Indiranagar,HSR Layout,2023-10-20 00:21:00,2023-10-20 00:32:00,2023-10-20 00:41:00,2.9,117,Completed,
T2073,D324,R4242,Mumbai,Colaba,Bandra,2023-10-18 01:44:00,,,0.0,0.0,Cancelled,Other
T2074,D183,R2445,Mumbai,Juhu,Andheri,2023-10-28 00:40:00,2023-10-28 00:44:00,2023-10-28 00:55:00,3.1,100,Completed,
T2075,D272,R1252,Bangalore,HSR Layout,Whitefield,2023-10-21 11:44:00,2023-10-21 11:56:00,2023-10-21 12:39:00,14.2,293,Completed,
T2076,D193,R2762,Mumbai,Juhu,Andheri,2023-10-29 05:20:00,2023-10-29 05:28:00,2023-10-29 06:59:00,24.4,435,Completed,
T2077,D348,R2191,Mumbai,Bandra,Andheri,2023-10-12 14:46:00,2023-10-12 14:58:00,2023-10-12 15:17:00,4.9,129,Completed,
T2078,D124,R2629,Delhi,Dwarka,Saket,2023-10-08 04:44:00,2023-10-08 04:48:00,2023-10-08 05:49:00,23.5,538,Completed,
T2079,D241,R1053,Delhi,Vasant Kunj,Dwarka,2023-10-14 07:26:00,2023-10-14 07:34:00,2023-10-14 08:39:00,22.9,615,Completed,
T2080,D147,R4865,Bangalore,Koramangala,Indiranagar,2023-10-22 10:52:00,2023-10-22 11:01:00,2023-10-22 12:11:00,18.8,439,Completed,
T2081,D111,R2514,Delhi,Dwarka,Connaught Place,2023-10-27 07:44:00,2023-10-27 07:51:00,2023-10-27 08:00:00,3.4,105,Completed,
T2082,D187,R2857,Bangalore,HSR Layout,Koramangala,2023-10-29 10:41:00,2023-10-29 10:47:00,2023-10-29 11:24:00,12.9,319,Completed,
T2083,D168,R4750,Delhi,Vasant Kunj,Connaught Place,2023-10-14 14:56:00,2023-10-14 15:06:00,2023-10-14 15:47:00,14.5,320,Completed,
T2084,D300,R3600,Mumbai,Bandra,Colaba,2023-10-21 20:04:00,2023-10-21 20:07:00,2023-10-21 20:59:00,13.7,390,Completed,
T2085,D243,R2653,Delhi,Dwarka,Rohini,2023-10-05 00:02:00,,,0.0,0.0,Cancelled,Driver Cancelled
T2086,D308,R2075,Delhi,Rohini,Vasant Kunj,2023-10-10 01:11:00,2023-10-10 01:13:00,2023-10-10 01:36:00,6.3,154,Completed,
T2087,D325,R4846,Bangalore,Koramangala,Whitefield,2023-10-29 17:46:00,2023-10-29 17:54:00,2023-10-29 18:54:00,23.4,517,Completed,
T2088,D315,R4616,Mumbai,Juhu,Bandra,2023-10-17 08:39:00,,,0.0,0.0,Cancelled,Rider Cancelled
T2089,D122,R3644,Bangalore,Jayanagar,Whitefield,2023-10-06 05:58:00,2023-10-06 06:01:00,2023-10-06 06:08:00,2.9,113,Completed,
T2090,D102,R2842,Bangalore,Whitefield,HSR Layout,2023-10-04 01:57:00,2023-10-04 02:00:00,2023-10-04 02:10:00,3.7,132,Completed,
T2091,D310,R4040,Delhi,Connaught Place,Dwarka,2023-10-10 20:42:00,2023-10-10 20:51:00,2023-10-10 21:58:00,17.0,359,Completed,
T2092,D326,R2984,Mumbai,Colaba,Bandra,2023-10-23 06:15:00,2023-10-23 06:18:00,2023-10-23 07:24:00,19.5,516,Completed,
T2093,D265,R3023,Mumbai,Andheri,Colaba,2023-10-05 05:29:00,2023-10-05 05:37:00,2023-10-05 06:38:00,15.5,427,Completed,
T2094,D127,R2381,Mumbai,Colaba,Juhu,2023-10-28 18:19:00,2023-10-28 18:27:00,2023-10-28 19:00:00,11.7,293,Completed,
T2095,D274,R2205,Delhi,Rohini,Saket,2023-10-11 02:24:00,2023-10-11 02:38:00,2023-10-11 03:26:00,13.1,249,Completed,
T2096,D264,R3549,Mumbai,Andheri,Colaba,2023-10-17 22:29:00,2023-10-17 22:44:00,2023-10-17 22:51:00,2.9,117,Completed,
T2097,D224,R2435,Mumbai,Colaba,Bandra,2023-10-22 19:25:00,2023-10-22 19:40:00,2023-10-22 19:49:00,3.3,128,Completed,
T2098,D144,R1333,Mumbai,Powai,Juhu,2023-10-20 21:35:00,2023-10-20 21:49:00,2023-10-20 22:14:00,9.7,266,Completed,
T2099,D266,R2094,Mumbai,Powai,Colaba,2023-10-24 16:43:00,2023-10-24 16:47:00,2023-10-24 18:00:00,22.0,512,Completed,
T2100,D235,R4000,Delhi,Dwarka,Saket,2023-10-06 07:02:00,2023-10-06 07:11:00,2023-10-06 07:49:00,10.2,235,Completed,
T2101,D190,R3583,Mumbai,Powai,Colaba,2023-10-17 10:13:00,2023-10-17 10:25:00,2023-10-17 10:37:00,4.5,152,Completed,
T2102,D134,R3278,Mumbai,Bandra,Juhu,2023-10-17 17:55:00,2023-10-17 18:07:00,2023-10-17 18:56:00,13.1,262,Completed,
T2103,D203,R4346,Mumbai,Colaba,Bandra,2023-10-21 06:15:00,2023-10-21 06:26:00,2023-10-21 06:39:00,4.7,127,Completed,
T2104,D260,R4039,Mumbai,Juhu,Bandra,2023-10-16 04:29:00,2023-10-16 04:44:00,2023-10-16 05:51:00,22.2,486,Completed,
T2105,D185,R4520,Bangalore,HSR Layout,Whitefield,2023-10-06 15:34:00,2023-10-06 15:38:00,2023-10-06 16:29:00,16.8,400,Completed,
T2106,D122,R4921,Bangalore,Whitefield,Indiranagar,2023-10-30 06:01:00,2023-10-30 06:16:00,2023-10-30 07:29:00,19.8,508,Completed,
T2107,D108,R4348,Delhi,Dwarka,Connaught Place,2023-10-12 21:50:00,2023-10-12 22:03:00,2023-10-12 22:42:00,12.2,260,Completed,
T2108,D213,R1888,Mumbai,Bandra,Colaba,2023-10-16 20:04:00,2023-10-16 20:12:00,2023-10-16 20:30:00,6.1,176,Completed,
T2109,D198,R3890,Delhi,Connaught Place,Dwarka,2023-10-03 23:40:00,2023-10-03 23:42:00,2023-10-04 00:44:00,23.1,508,Completed,
T2110,D283,R4948,Bangalore,HSR Layout,Indiranagar,2023-10-20 01:12:00,2023-10-20 01:15:00,2023-10-20 01:54:00,11.2,309,Completed,
T2111,D158,R1931,Bangalore,Jayanagar,Koramangala,2023-10-17 23:55:00,2023-10-18 00:09:00,2023-10-18 01:05:00,17.9,392,Completed,
T2112,D178,R1195,Mumbai,Andheri,Colaba,2023-10-11 21:30:00,2023-10-11 21:39:00,2023-10-11 22:19:00,13.0,266,Completed,
T2113,D130,R1119,Delhi,Saket,Dwarka,2023-10-29 08:02:00,2023-10-29 08:11:00,2023-10-29 08:23:00,3.3,107,Completed,
T2114,D275,R4897,Delhi,Dwarka,Saket,2023-10-30 22:28:00,2023-10-30 22:31:00,2023-10-30 22:55:00,6.5,154,Completed,
T2115,D146,R1105,Delhi,Dwarka,Vasant Kunj,2023-10-30 01:35:00,2023-10-30 01:44:00,2023-10-30 01:58:00,4.5,139,Completed,
T2116,D190,R2472,Mumbai,Powai,Bandra,2023-10-06 11:12:00,2023-10-06 11:19:00,2023-10-06 12:25:00,16.9,426,Completed,
T2117,D126,R4362,Mumbai,Bandra,Colaba,2023-10-05 23:45:00,2023-10-06 00:00:00,2023-10-06 00:48:00,14.7,320,Completed,
T2118,D106,R3044,Delhi,Saket,Rohini,2023-10-10 09:12:00,2023-10-10 09:25:00,2023-10-10 10:32:00,18.9,444,Completed,
T2119,D310,R2895,Delhi,Dwarka,Rohini,2023-10-23 10:13:00,2023-10-23 10:23:00,2023-10-23 11:55:00,24.4,431,Completed,
T2120,D130,R3116,Delhi,Rohini,Vasant Kunj,2023-10-02 10:01:00,2023-10-02 10:09:00,2023-10-02 11:10:00,22.4,593,Completed,
T2121,D309,R1444,Mumbai,Andheri,Bandra,2023-10-20 11:53:00,,,0.0,0.0,Cancelled,Rider Cancelled
T2122,D297,R2148,Delhi,Saket,Rohini,2023-10-15 08:48:00,2023-10-15 08:57:00,2023-10-15 10:09:00,24.5,598,Completed,
T2123,D211,R2078,Delhi,Vasant Kunj,Saket,2023-10-29 17:29:00,2023-10-29 17:43:00,2023-10-29 18:52:00,18.2,408,Completed,
T2124,D118,R2387,Bangalore,Indiranagar,Koramangala,2023-10-28 21:40:00,2023-10-28 21:43:00,2023-10-28 22:23:00,15.5,352,Completed,
T2125,D128,R1706,Mumbai,Bandra,Juhu,2023-10-16 19:21:00,2023-10-16 19:28:00,2023-10-16 20:01:00,10.6,252,Completed,
T2126,D290,R1677,Bangalore,HSR Layout,Jayanagar,2023-10-16 21:41:00,2023-10-16 21:44:00,2023-10-16 22:26:00,16.9,351,Completed,
T2127,D320,R3831,Mumbai,Juhu,Bandra,2023-10-25 05:11:00,2023-10-25 05:22:00,2023-10-25 05:43:00,8.2,229,Completed,
T2128,D211,R2011,Delhi,Connaught Place,Vasant Kunj,2023-10-02 21:43:00,2023-10-02 21:50:00,2023-10-02 21:58:00,3.0,113,Completed,
T2129,D128,R3107,Mumbai,Andheri,Powai,2023-10-15 04:43:00,2023-10-15 04:45:00,2023-10-15 05:06:00,7.0,181,Completed,
T2130,D143,R1334,Mumbai,Bandra,Powai,2023-10-10 07:22:00,2023-10-10 07:31:00,2023-10-10 07:44:00,3.9,137,Completed,
T2131,D248,R4829,Bangalore,Jayanagar,HSR Layout,2023-10-02 22:53:00,2023-10-02 22:56:00,2023-10-02 23:42:00,11.6,310,Completed,
T2132,D225,R4542,Mumbai,Bandra,Powai,2023-10-07 10:56:00,2023-10-07 11:04:00,2023-10-07 11:59:00,20.0,446,Completed,
T2133,D281,R3093,Mumbai,Colaba,Juhu,2023-10-26 04:33:00,2023-10-26 04:42:00,2023-10-26 05:04:00,8.8,188,Completed,
T2134,D116,R3635,Bangalore,Jayanagar,Koramangala,2023-10-17 10:10:00,2023-10-17 10:18:00,2023-10-17 11:11:00,15.1,310,Completed,
T2135,D130,R3802,Delhi,Rohini,Saket,2023-10-24 02:00:00,,,0.0,0.0,Cancelled,Driver Cancelled
T2136,D275,R4876,Delhi,Saket,Rohini,2023-10-10 13:22:00,2023-10-10 13:30:00,2023-10-10 13:56:00,8.3,200,Completed,
T2137,D226,R2326,Delhi,Connaught Place,Rohini,2023-10-04 13:09:00,,,0.0,0.0,Cancelled,Driver Not Found
T2138,D289,R1159,Delhi,Saket,Vasant Kunj,2023-10-24 01:48:00,,,0.0,0.0,Cancelled,Driver Cancelled
T2139,D323,R1620,Bangalore,Indiranagar,Whitefield,2023-10-27 15:19:00,2023-10-27 15:22:00,2023-10-27 15:41:00,6.6,159,Completed,
T2140,D234,R3491,Delhi,Dwarka,Saket,2023-10-07 13:48:00,2023-10-07 13:58:00,2023-10-07 14:38:00,14.6,290,Completed,
T2141,D246,R1047,Bangalore,Jayanagar,HSR Layout,2023-10-17 02:37:00,2023-10-17 02:41:00,2023-10-17 03:07:00,8.6,190,Completed,
T2142,D294,R4054,Delhi,Connaught Place,Saket,2023-10-13 21:03:00,2023-10-13 21:12:00,2023-10-13 22:20:00,18.6,345,Completed,
T2143,D258,R3637,Delhi,Dwarka,Vasant Kunj,2023-10-10 22:25:00,2023-10-10 22:34:00,2023-10-10 23:03:00,9.2,206,Completed,
T2144,D274,R4020,Delhi,Vasant Kunj,Rohini,2023-10-24 07:32:00,2023-10-24 07:36:00,2023-10-24 08:37:00,17.3,428,Completed,
T2145,D209,R1125,Bangalore,Jayanagar,Koramangala,2023-10-05 19:06:00,2023-10-05 19:18:00,2023-10-05 20:31:00,24.9,455,Completed,
T2146,D294,R4088,Delhi,Saket,Dwarka,2023-10-06 06:58:00,2023-10-06 07:01:00,2023-10-06 07:27:00,6.9,155,Completed,
T2147,D314,R4722,Mumbai,Powai,Bandra,2023-10-27 23:37:00,2023-10-27 23:49:00,2023-10-28 01:16:00,24.6,612,Completed,
T2148,D157,R2683,Bangalore,Whitefield,Koramangala,2023-10-28 21:25:00,2023-10-28 21:30:00,2023-10-28 21:47:00,6.1,153,Completed,
T2149,D331,R2461,Bangalore,Jayanagar,Indiranagar,2023-10-17 11:43:00,2023-10-17 11:55:00,2023-10-17 12:06:00,3.5,103,Completed,
T2150,D346,R4222,Bangalore,Indiranagar,HSR Layout,2023-10-05 02:44:00,2023-10-05 02:50:00,2023-10-05 03:35:00,17.6,325,Completed,
T2151,D159,R4513,Delhi,Vasant Kunj,Rohini,2023-10-27 13:43:00,2023-10-27 13:50:00,2023-10-27 14:25:00,11.2,249,Completed,
T2152,D175,R3757,Mumbai,Colaba,Andheri,2023-10-05 11:50:00,2023-10-05 12:02:00,2023-10-05 12:34:00,9.8,267,Completed,
T2153,D328,R4779,Delhi,Connaught Place,Rohini,2023-10-13 12:51:00,2023-10-13 12:53:00,2023-10-13 13:44:00,19.2,340,Completed,
T2154,D219,R2554,Bangalore,Jayanagar,Whitefield,2023-10-29 21:51:00,2023-10-29 22:06:00,2023-10-29 23:21:00,20.0,476,Completed,
T2155,D261,R3977,Delhi,Rohini,Dwarka,2023-10-05 15:35:00,2023-10-05 15:46:00,2023-10-05 17:08:00,23.5,510,Completed,
T2156,D154,R1209,Delhi,Dwarka,Rohini,2023-10-22 15:50:00,2023-10-22 15:58:00,2023-10-22 17:17:00,20.5,396,Completed,
T2157,D336,R3690,Delhi,Rohini,Saket,2023-10-06 01:00:00,2023-10-06 01:13:00,2023-10-06 02:09:00,20.1,487,Completed,
T2158,D177,R1710,Mumbai,Colaba,Bandra,2023-10-02 15:04:00,2023-10-02 15:16:00,2023-10-02 16:38:00,21.6,556,Completed,
T2159,D341,R2466,Delhi,Vasant Kunj,Connaught Place,2023-10-13 22:38:00,2023-10-13 22:51:00,2023-10-13 23:40:00,13.3,258,Completed,
T2160,D128,R3006,Mumbai,Colaba,Andheri,2023-10-24 22:22:00,2023-10-24 22:32:00,2023-10-24 23:05:00,10.0,287,Completed,
T2161,D225,R2012,Mumbai,Powai,Bandra,2023-10-05 07:40:00,2023-10-05 07:48:00,2023-10-05 08:30:00,12.3,241,Completed,
T2162,D199,R3011,Bangalore,Whitefield,HSR Layout,2023-10-01 02:08:00,2023-10-01 02:22:00,2023-10-01 02:27:00,2.0,97,Completed,
T2163,D270,R1432,Bangalore,HSR Layout,Indiranagar,2023-10-11 11:03:00,2023-10-11 11:08:00,2023-10-11 11:17:00,2.5,89,Completed,
T2164,D160,R1287,Delhi,Rohini,Dwarka,2023-10-27 13:55:00,2023-10-27 14:08:00,2023-10-27 15:02:00,14.9,385,Completed,
T2165,D119,R1811,Mumbai,Juhu,Bandra,2023-10-15 23:48:00,2023-10-16 00:01:00,2023-10-16 00:45:00,13.4,350,Completed,
T2166,D331,R3555,Bangalore,Jayanagar,Koramangala,2023-10-24 08:37:00,2023-10-24 08:41:00,2023-10-24 09:41:00,22.9,568,Completed,
T2167,D235,R1288,Delhi,Saket,Dwarka,2023-10-11 00:36:00,2023-10-11 00:41:00,2023-10-11 01:39:00,17.8,323,Completed,
T2168,D250,R3788,Mumbai,Andheri,Colaba,2023-10-21 13:23:00,,,0.0,0.0,Cancelled,Rider Cancelled
T2169,D305,R2052,Delhi,Dwarka,Saket,2023-10-15 22:19:00,,,0.0,0.0,Cancelled,Rider Cancelled
T2170,D246,R4739,Bangalore,Jayanagar,Indiranagar,2023-10-12 03:19:00,2023-10-12 03:28:00,2023-10-12 04:02:00,13.4,318,Completed,
T2171,D107,R2068,Mumbai,Juhu,Bandra,2023-10-08 23:38:00,2023-10-08 23:52:00,2023-10-09 00:44:00,15.1,339,Completed,
T2172,D206,R4956,Bangalore,Jayanagar,Whitefield,2023-10-27 22:28:00,2023-10-27 22:39:00,2023-10-27 22:51:00,3.2,120,Completed,
T2173,D218,R4385,Mumbai,Powai,Colaba,2023-10-14 14:22:00,,,0.0,0.0,Cancelled,Rider Cancelled
T2174,D322,R3807,Bangalore,Jayanagar,HSR Layout,2023-10-25 23:11:00,2023-10-25 23:13:00,2023-10-26 00:21:00,22.0,541,Completed,
T2175,D335,R2823,Delhi,Vasant Kunj,Dwarka,2023-10-15 07:44:00,2023-10-15 07:47:00,2023-10-15 08:37:00,14.1,375,Completed,
T2176,D175,R4035,Mumbai,Andheri,Juhu,2023-10-26 12:09:00,2023-10-26 12:18:00,2023-10-26 12:51:00,12.3,303,Completed,
T2177,D209,R3636,Bangalore,HSR Layout,Koramangala,2023-10-11 01:33:00,2023-10-11 01:47:00,2023-10-11 02:46:00,16.5,389,Completed,
T2178,D123,R4779,Bangalore,Jayanagar,Koramangala,2023-10-10 20:18:00,2023-10-10 20:29:00,2023-10-10 21:29:00,18.0,323,Completed,
T2179,D306,R1818,Delhi,Dwarka,Connaught Place,2023-10-28 10:01:00,2023-10-28 10:09:00,2023-10-28 11:01:00,14.0,361,Completed,
T2180,D220,R4042,Delhi,Vasant Kunj,Dwarka,2023-10-21 02:32:00,2023-10-21 02:44:00,2023-10-21 03:45:00,17.8,353,Completed,
T2181,D301,R2573,Delhi,Vasant Kunj,Dwarka,2023-10-23 22:29:00,,,0.0,0.0,Cancelled,Payment Issue
T2182,D324,R1334,Mumbai,Bandra,Andheri,2023-10-25 11:28:00,2023-10-25 11:38:00,2023-10-25 12:30:00,18.4,506,Completed,
T2183,D103,R1656,Mumbai,Bandra,Colaba,2023-10-24 05:57:00,2023-10-24 06:02:00,2023-10-24 07:25:00,21.7,437,Completed,
T2184,D178,R2733,Mumbai,Colaba,Powai,2023-10-07 14:25:00,2023-10-07 14:30:00,2023-10-07 15:18:00,13.3,356,Completed,
T2185,D275,R2515,Delhi,Vasant Kunj,Dwarka,2023-10-30 08:29:00,2023-10-30 08:33:00,2023-10-30 08:50:00,6.6,196,Completed,
T2186,D151,R4477,Delhi,Dwarka,Rohini,2023-10-24 21:02:00,2023-10-24 21:14:00,2023-10-24 22:23:00,24.3,585,Completed,
T2187,D222,R1019,Bangalore,Koramangala,HSR Layout,2023-10-14 16:13:00,2023-10-14 16:18:00,2023-10-14 17:12:00,15.0,311,Completed,
T2188,D118,R1177,Bangalore,HSR Layout,Koramangala,2023-10-22 17:17:00,2023-10-22 17:31:00,2023-10-22 17:45:00,5.1,173,Completed,
T2189,D144,R3654,Mumbai,Powai,Juhu,2023-10-18 22:28:00,2023-10-18 22:40:00,2023-10-18 23:48:00,19.4,378,Completed,
T2190,D181,R3441,Delhi,Connaught Place,Dwarka,2023-10-06 20:16:00,2023-10-06 20:25:00,2023-10-06 20:33:00,2.3,93,Completed,
T2191,D239,R1340,Delhi,Rohini,Vasant Kunj,2023-10-30 22:37:00,2023-10-30 22:47:00,2023-10-30 23:02:00,3.9,113,Completed,
T2192,D159,R3498,Delhi,Saket,Dwarka,2023-10-19 05:13:00,,,0.0,0.0,Cancelled,Driver Cancelled
T2193,D249,R4002,Bangalore,Jayanagar,Whitefield,2023-10-14 17:14:00,2023-10-14 17:24:00,2023-10-14 18:30:00,22.4,386,Completed,
T2194,D271,R1773,Delhi,Rohini,Vasant Kunj,2023-10-30 15:54:00,,,0.0,0.0,Cancelled,Driver Cancelled
T2195,D102,R4283,Bangalore,Indiranagar,HSR Layout,2023-10-19 18:30:00,2023-10-19 18:32:00,2023-10-19 19:35:00,17.0,462,Completed,
T2196,D333,R2970,Delhi,Rohini,Connaught Place,2023-10-14 18:13:00,2023-10-14 18:19:00,2023-10-14 19:24:00,16.4,337,Completed,
T2197,D228,R1161,Mumbai,Colaba,Andheri,2023-10-25 12:01:00,2023-10-25 12:06:00,2023-10-25 13:06:00,16.5,381,Completed,
T2198,D223,R2146,Delhi,Vasant Kunj,Saket,2023-10-23 06:35:00,2023-10-23 06:38:00,2023-10-23 07:37:00,20.8,455,Completed,
T2199,D238,R2840,Delhi,Saket,Connaught Place,2023-10-15 21:22:00,2023-10-15 21:25:00,2023-10-15 21:40:00,4.5,145,Completed,
T2200,D239,R3569,Delhi,Dwarka,Rohini,2023-10-23 14:40:00,2023-10-23 14:43:00,2023-10-23 14:56:00,4.3,151,Completed,
T2201,D164,R3230,Mumbai,Bandra,Colaba,2023-10-27 22:23:00,2023-10-27 22:38:00,2023-10-27 23:25:00,13.4,251,Completed,
T2202,D280,R2035,Mumbai,Juhu,Powai,2023-10-24 19:02:00,,,0.0,0.0,Cancelled,Payment Issue
T2203,D227,R2370,Mumbai,Bandra,Colaba,2023-10-07 22:56:00,2023-10-07 23:10:00,2023-10-07 23:43:00,9.7,204,Completed,
T2204,D181,R2516,Delhi,Vasant Kunj,Connaught Place,2023-10-12 04:49:00,2023-10-12 05:02:00,2023-10-12 05:58:00,17.1,375,Completed,
T2205,D320,R3020,Mumbai,Bandra,Powai,2023-10-28 01:14:00,2023-10-28 01:27:00,2023-10-28 02:06:00,10.1,240,Completed,
T2206,D325,R2595,Bangalore,Indiranagar,Whitefield,2023-10-23 23:25:00,2023-10-23 23:27:00,2023-10-23 23:38:00,4.2,124,Completed,
T2207,D167,R3133,Bangalore,Whitefield,HSR Layout,2023-10-13 04:32:00,2023-10-13 04:34:00,2023-10-13 05:45:00,19.1,485,Completed,
T2208,D309,R1083,Mumbai,Juhu,Powai,2023-10-01 05:41:00,2023-10-01 05:51:00,2023-10-01 06:47:00,15.0,383,Completed,
T2209,D272,R2342,Bangalore,Jayanagar,Koramangala,2023-10-26 21:27:00,2023-10-26 21:41:00,2023-10-26 22:42:00,17.5,455,Completed,
T2210,D278,R4895,Delhi,Vasant Kunj,Dwarka,2023-10-03 03:32:00,2023-10-03 03:41:00,2023-10-03 04:01:00,7.5,171,Completed,
T2211,D318,R1599,Bangalore,Whitefield,Koramangala,2023-10-15 16:06:00,,,0.0,0.0,Cancelled,Rider Cancelled
T2212,D246,R2638,Bangalore,Indiranagar,Koramangala,2023-10-19 11:04:00,2023-10-19 11:15:00,2023-10-19 12:07:00,17.4,382,Completed,
T2213,D331,R4063,Bangalore,Whitefield,HSR Layout,2023-10-08 15:20:00,2023-10-08 15:24:00,2023-10-08 16:01:00,13.3,343,Completed,
T2214,D139,R1884,Mumbai,Colaba,Bandra,2023-10-17 23:38:00,2023-10-17 23:45:00,2023-10-18 01:07:00,24.4,475,Completed,
T2215,D188,R1038,Delhi,Dwarka,Connaught Place,2023-10-05 03:25:00,2023-10-05 03:36:00,2023-10-05 04:04:00,9.8,204,Completed,
T2216,D242,R4935,Bangalore,HSR Layout,Whitefield,2023-10-08 10:08:00,2023-10-08 10:16:00,2023-10-08 10:23:00,2.5,99,Completed,
T2217,D210,R1704,Mumbai,Powai,Juhu,2023-10-28 23:50:00,2023-10-28 23:52:00,2023-10-29 01:00:00,18.3,442,Completed,
T2218,D316,R3015,Bangalore,Whitefield,Koramangala,2023-10-25 13:46:00,2023-10-25 13:50:00,2023-10-25 14:03:00,3.7,139,Completed,
T2219,D238,R4361,Delhi,Saket,Vasant Kunj,2023-10-28 13:39:00,2023-10-28 13:52:00,2023-10-28 15:12:00,22.9,395,Completed,
T2220,D157,R2708,Bangalore,HSR Layout,Koramangala,2023-10-15 01:08:00,2023-10-15 01:20:00,2023-10-15 02:15:00,15.7,343,Completed,
T2221,D311,R1033,Bangalore,Jayanagar,Whitefield,2023-10-19 11:13:00,2023-10-19 11:22:00,2023-10-19 12:15:00,17.3,332,Completed,
T2222,D179,R2629,Bangalore,Jayanagar,HSR Layout,2023-10-05 21:03:00,2023-10-05 21:06:00,2023-10-05 21:51:00,17.4,327,Completed,
T2223,D247,R3672,Bangalore,Koramangala,HSR Layout,2023-10-13 22:40:00,2023-10-13 22:42:00,2023-10-13 23:03:00,7.8,195,Completed,
T2224,D191,R3962,Bangalore,HSR Layout,Indiranagar,2023-10-19 17:14:00,2023-10-19 17:17:00,2023-10-19 17:49:00,11.1,320,Completed,
T2225,D316,R1597,Bangalore,HSR Layout,Jayanagar,2023-10-07 06:48:00,2023-10-07 06:50:00,2023-10-07 07:20:00,8.7,188,Completed,
T2226,D267,R1830,Bangalore,Whitefield,Jayanagar,2023-10-02 10:29:00,2023-10-02 10:32:00,2023-10-02 10:48:00,6.6,209,Completed,
T2227,D223,R1799,Delhi,Connaught Place,Saket,2023-10-06 14:35:00,,,0.0,0.0,Cancelled,Rider Cancelled
T2228,D102,R3907,Bangalore,Indiranagar,Koramangala,2023-10-08 16:22:00,2023-10-08 16:25:00,2023-10-08 17:28:00,18.2,446,Completed,
T2229,D102,R4837,Bangalore,Whitefield,Indiranagar,2023-10-26 10:26:00,2023-10-26 10:28:00,2023-10-26 10:51:00,9.1,208,Completed,
T2230,D269,R1597,Mumbai,Bandra,Colaba,2023-10-27 17:40:00,2023-10-27 17:51:00,2023-10-27 18:16:00,9.2,200,Completed,
T2231,D167,R2078,Bangalore,HSR Layout,Koramangala,2023-10-25 16:17:00,2023-10-25 16:30:00,2023-10-25 17:14:00,16.3,407,Completed,
T2232,D239,R4951,Delhi,Dwarka,Vasant Kunj,2023-10-15 05:40:00,2023-10-15 05:54:00,2023-10-15 06:52:00,20.0,397,Completed,
T2233,D246,R3041,Bangalore,Jayanagar,HSR Layout,2023-10-04 06:06:00,2023-10-04 06:21:00,2023-10-04 07:28:00,19.6,450,Completed,
T2234,D189,R3451,Delhi,Connaught Place,Dwarka,2023-10-20 00:25:00,2023-10-20 00:32:00,2023-10-20 01:48:00,24.8,439,Completed,
T2235,D180,R3828,Bangalore,Jayanagar,Koramangala,2023-10-05 03:15:00,,,0.0,0.0,Cancelled,Driver Not Found
T2236,D289,R4126,Delhi,Connaught Place,Rohini,2023-10-30 09:56:00,2023-10-30 10:00:00,2023-10-30 11:25:00,21.9,426,Completed,
T2237,D284,R1517,Bangalore,HSR Layout,Indiranagar,2023-10-03 02:16:00,2023-10-03 02:18:00,2023-10-03 02:55:00,11.9,307,Completed,
T2238,D279,R4802,Bangalore,Jayanagar,Indiranagar,2023-10-04 21:57:00,2023-10-04 22:05:00,2023-10-04 23:22:00,20.9,438,Completed,
T2239,D150,R3953,Mumbai,Powai,Colaba,2023-10-06 01:25:00,2023-10-06 01:33:00,2023-10-06 01:40:00,2.3,88,Completed,
T2240,D256,R1685,Mumbai,Powai,Andheri,2023-10-19 02:39:00,2023-10-19 02:46:00,2023-10-19 03:26:00,13.0,281,Completed,
T2241,D337,R4801,Delhi,Connaught Place,Dwarka,2023-10-11 19:07:00,2023-10-11 19:22:00,2023-10-11 19:46:00,8.1,202,Completed,
T2242,D132,R1426,Delhi,Connaught Place,Rohini,2023-10-28 09:08:00,2023-10-28 09:18:00,2023-10-28 09:31:00,3.7,140,Completed,
T2243,D346,R1056,Bangalore,HSR Layout,Indiranagar,2023-10-18 18:18:00,2023-10-18 18:30:00,2023-10-18 18:48:00,4.7,161,Completed,
T2244,D280,R1611,Mumbai,Bandra,Colaba,2023-10-08 00:40:00,2023-10-08 00:45:00,2023-10-08 01:19:00,10.9,280,Completed,
T2245,D126,R2704,Mumbai,Colaba,Powai,2023-10-29 02:36:00,2023-10-29 02:38:00,2023-10-29 03:43:00,19.6,362,Completed,
T2246,D246,R4400,Bangalore,Whitefield,Jayanagar,2023-10-25 03:32:00,2023-10-25 03:36:00,2023-10-25 04:47:00,19.6,375,Completed,
T2247,D183,R4716,Mumbai,Andheri,Colaba,2023-10-07 02:51:00,2023-10-07 02:58:00,2023-10-07 03:40:00,12.6,302,Completed,
T2248,D212,R1238,Bangalore,Indiranagar,HSR Layout,2023-10-02 09:39:00,,,0.0,0.0,Cancelled,Driver Cancelled
T2249,D294,R4468,Delhi,Vasant Kunj,Saket,2023-10-04 09:57:00,2023-10-04 10:08:00,2023-10-04 11:31:00,22.0,428,Completed,
T2250,D289,R1758,Delhi,Saket,Dwarka,2023-10-27 10:14:00,,2023-10-27 11:12:00,16.9,308,Completed,
T2251,D343,R3275,Mumbai,Bandra,Colaba,2023-10-22 06:38:00,2023-10-22 06:52:00,2023-10-22 07:10:00,6.8,169,Completed,
T2252,D339,R3945,Bangalore,HSR Layout,Indiranagar,2023-10-05 05:27:00,2023-10-05 05:29:00,2023-10-05 07:05:00,24.6,525,Completed,
T2253,D151,R2982,Delhi,Connaught Place,Rohini,2023-10-21 11:09:00,2023-10-21 11:16:00,2023-10-21 12:15:00,15.2,368,Completed,
T2254,D178,R3454,Mumbai,Andheri,Juhu,2023-10-13 14:21:00,2023-10-13 14:34:00,2023-10-13 15:54:00,22.4,423,Completed,
T2255,D123,R4744,Bangalore,HSR Layout,Jayanagar,2023-10-26 18:09:00,,,0.0,0.0,Cancelled,Rider Cancelled
T2256,D267,R2221,Bangalore,Koramangala,HSR Layout,2023-10-23 00:00:00,2023-10-23 00:14:00,2023-10-23 01:01:00,16.1,416,Completed,
T2257,D137,R2988,Delhi,Vasant Kunj,Rohini,2023-10-14 21:06:00,2023-10-14 21:08:00,2023-10-14 21:29:00,5.6,144,Completed,
T2258,D307,R3967,Mumbai,Juhu,Colaba,2023-10-15 17:38:00,2023-10-15 17:44:00,2023-10-15 18:46:00,19.7,429,Completed,
T2259,D157,R2208,Bangalore,Indiranagar,Jayanagar,2023-10-25 06:22:00,2023-10-25 06:26:00,2023-10-25 06:41:00,6.1,169,Completed,
T2260,D279,R1157,Bangalore,Indiranagar,Koramangala,2023-10-12 20:20:00,2023-10-12 20:24:00,2023-10-12 21:20:00,14.8,295,Completed,
T2261,D318,R2777,Bangalore,Whitefield,Indiranagar,2023-10-29 22:47:00,2023-10-29 22:54:00,2023-10-29 23:37:00,16.1,351,Completed,
T2262,D341,R4601,Delhi,Vasant Kunj,Saket,2023-10-20 16:03:00,2023-10-20 16:15:00,2023-10-20 17:11:00,21.4,524,Completed,
T2263,D243,R1452,Delhi,Dwarka,Connaught Place,2023-10-10 12:19:00,2023-10-10 12:30:00,2023-10-10 13:37:00,23.3,551,Completed,
T2264,D157,R2647,Bangalore,Jayanagar,Whitefield,2023-10-16 08:18:00,2023-10-16 08:31:00,2023-10-16 09:00:00,10.1,211,Completed,
T2265,D173,R2736,Mumbai,Juhu,Powai,2023-10-28 13:07:00,2023-10-28 13:09:00,2023-10-28 14:14:00,18.8,348,Completed,
T2266,D181,R3121,Delhi,Rohini,Vasant Kunj,2023-10-26 17:19:00,2023-10-26 17:28:00,2023-10-26 17:39:00,4.3,156,Completed,
T2267,D168,R2885,Delhi,Vasant Kunj,Dwarka,2023-10-11 22:54:00,2023-10-11 23:05:00,2023-10-12 00:25:00,22.7,489,Completed,
T2268,D168,R3584,Delhi,Rohini,Vasant Kunj,2023-10-22 19:47:00,2023-10-22 19:50:00,2023-10-22 20:31:00,13.0,298,Completed,
T2269,D181,R2178,Delhi,Vasant Kunj,Saket,2023-10-03 22:56:00,2023-10-03 23:10:00,2023-10-04 00:02:00,13.6,265,Completed,
T2270,D301,R1701,Delhi,Connaught Place,Rohini,2023-10-27 08:31:00,2023-10-27 08:42:00,2023-10-27 09:30:00,15.8,419,Completed,
T2271,D116,R4914,Bangalore,HSR Layout,Indiranagar,2023-10-06 23:45:00,2023-10-06 23:49:00,2023-10-07 00:34:00,14.4,352,Completed,
T2272,D184,R3693,Mumbai,Andheri,Bandra,2023-10-23 05:56:00,2023-10-23 06:01:00,2023-10-23 06:50:00,16.0,355,Completed,
T2273,D168,R3176,Delhi,Saket,Rohini,2023-10-28 19:02:00,2023-10-28 19:11:00,2023-10-28 20:15:00,20.4,482,Completed,
T2274,D346,R2357,Bangalore,HSR Layout,Jayanagar,2023-10-17 17:50:00,2023-10-17 17:52:00,2023-10-17 18:03:00,3.5,135,Completed,
T2275,D144,R4990,Mumbai,Colaba,Andheri,2023-10-14 02:13:00,2023-10-14 02:16:00,2023-10-14 03:06:00,13.7,377,Completed,
T2276,D132,R1321,Delhi,Connaught Place,Vasant Kunj,2023-10-01 05:38:00,2023-10-01 05:46:00,2023-10-01 06:37:00,18.9,336,Completed,
T2277,D122,R4271,Bangalore,Jayanagar,Koramangala,2023-10-28 00:02:00,,,0.0,0.0,Cancelled,Driver Cancelled
T2278,D229,R1615,Delhi,Dwarka,Rohini,2023-10-05 02:46:00,2023-10-05 02:57:00,2023-10-05 03:07:00,2.7,113,Completed,
T2279,D133,R4442,Bangalore,HSR Layout,Jayanagar,2023-10-10 19:18:00,2023-10-10 19:29:00,2023-10-10 20:50:00,22.2,391,Completed,
T2280,D267,R2811,Bangalore,Koramangala,HSR Layout,2023-10-08 17:00:00,2023-10-08 17:03:00,2023-10-08 18:17:00,20.1,396,Completed,
T2281,D299,R3897,Mumbai,Colaba,Juhu,2023-10-01 01:27:00,2023-10-01 01:35:00,2023-10-01 02:02:00,8.1,240,Completed,
T2282,D161,R4753,Bangalore,Jayanagar,HSR Layout,2023-10-10 05:09:00,2023-10-10 05:24:00,2023-10-10 06:34:00,22.0,501,Completed,
T2283,D146,R2254,Delhi,Rohini,Saket,2023-10-24 09:26:00,2023-10-24 09:30:00,2023-10-24 10:26:00,14.8,361,Completed,
T2284,D253,R4926,Bangalore,Whitefield,Indiranagar,2023-10-12 07:18:00,2023-10-12 07:23:00,2023-10-12 08:22:00,21.0,459,Completed,
T2285,D110,R2889,Bangalore,Koramangala,Indiranagar,2023-10-04 05:40:00,2023-10-04 05:45:00,2023-10-04 05:52:00,2.2,96,Completed,
T2286,D167,R4481,Bangalore,Indiranagar,Koramangala,2023-10-07 09:04:00,2023-10-07 09:15:00,2023-10-07 10:19:00,23.3,550,Completed,
T2287,D117,R2348,Delhi,Dwarka,Connaught Place,2023-10-01 00:27:00,2023-10-01 00:40:00,2023-10-01 01:31:00,16.1,426,Completed,
T2288,D207,R1880,Delhi,Saket,Rohini,2023-10-20 08:03:00,,,0.0,0.0,Cancelled,Driver Cancelled
T2289,D297,R1081,Delhi,Saket,Connaught Place,2023-10-20 11:37:00,2023-10-20 11:51:00,2023-10-20 13:06:00,22.3,572,Completed,
T2290,D345,R1311,Bangalore,HSR Layout,Jayanagar,2023-10-12 12:11:00,2023-10-12 12:18:00,2023-10-12 12:53:00,10.1,209,Completed,
T2291,D250,R2045,Mumbai,Andheri,Bandra,2023-10-04 16:23:00,2023-10-04 16:25:00,2023-10-04 16:48:00,6.0,175,Completed,
T2292,D139,R4951,Mumbai,Bandra,Andheri,2023-10-29 07:50:00,2023-10-29 07:54:00,2023-10-29 08:14:00,7.0,157,Completed,
T2293,D277,R4286,Mumbai,Juhu,Colaba,2023-10-16 23:11:00,,,0.0,0.0,Cancelled,Driver Cancelled
T2294,D302,R3159,Bangalore,HSR Layout,Jayanagar,2023-10-21 13:08:00,2023-10-21 13:20:00,2023-10-21 13:48:00,10.7,255,Completed,
T2295,D278,R1502,Delhi,Saket,Dwarka,2023-10-14 18:35:00,2023-10-14 18:41:00,2023-10-14 19:25:00,12.0,239,Completed,
T2296,D241,R3783,Delhi,Connaught Place,Dwarka,2023-10-23 01:50:00,2023-10-23 01:59:00,2023-10-23 02:10:00,3.3,111,Completed,
T2297,D255,R2017,Mumbai,Andheri,Powai,2023-10-20 04:22:00,2023-10-20 04:28:00,2023-10-20 04:46:00,5.6,143,Completed,
T2298,D264,R2724,Mumbai,Andheri,Bandra,2023-10-18 01:43:00,2023-10-18 01:46:00,2023-10-18 03:11:00,22.0,523,Completed,
T2299,D319,R2944,Mumbai,Andheri,Colaba,2023-10-15 13:20:00,2023-10-15 13:30:00,2023-10-15 14:01:00,8.1,197,Completed,
T2300,D178,R2929,Mumbai,Colaba,Juhu,2023-10-15 10:10:00,2023-10-15 10:19:00,2023-10-15 11:19:00,16.6,434,Completed,
T2301,D122,R1413,Bangalore,Jayanagar,Whitefield,2023-10-27 12:11:00,2023-10-27 12:24:00,2023-10-27 13:01:00,14.3,283,Completed,
T2302,D136,R4027,Mumbai,Bandra,Juhu,2023-10-16 23:18:00,2023-10-16 23:27:00,2023-10-17 00:28:00,19.6,402,Completed,
T2303,D243,R3917,Delhi,Saket,Vasant Kunj,2023-10-01 12:22:00,2023-10-01 12:29:00,2023-10-01 14:00:00,23.3,523,Completed,
T2304,D204,R2230,Bangalore,Whitefield,HSR Layout,2023-10-17 05:17:00,2023-10-17 05:23:00,2023-10-17 05:50:00,10.6,237,Completed,
T2305,D329,R2246,Delhi,Rohini,Vasant Kunj,2023-10-06 22:27:00,2023-10-06 22:38:00,2023-10-06 23:22:00,11.6,246,Completed,
T2306,D273,R2987,Delhi,Vasant Kunj,Saket,2023-10-27 03:45:00,2023-10-27 03:53:00,2023-10-27 05:12:00,21.4,502,Completed,
T2307,D208,R4680,Mumbai,Bandra,Andheri,2023-10-02 13:15:00,2023-10-02 13:25:00,2023-10-02 14:13:00,16.6,397,Completed,
T2308,D282,R3949,Mumbai,Colaba,Powai,2023-10-11 09:08:00,2023-10-11 09:22:00,2023-10-11 10:03:00,14.5,354,Completed,
T2309,D213,R4754,Mumbai,Juhu,Andheri,2023-10-08 19:38:00,2023-10-08 19:41:00,2023-10-08 19:51:00,2.7,106,Completed,
T2310,D117,R3839,Delhi,Dwarka,Saket,2023-10-02 08:29:00,2023-10-02 08:33:00,2023-10-02 08:59:00,10.2,229,Completed,
T2311,D105,R3997,Bangalore,Jayanagar,Indiranagar,2023-10-03 06:48:00,2023-10-03 06:55:00,2023-10-03 07:54:00,16.7,416,Completed,
T2312,D235,R3728,Delhi,Dwarka,Saket,2023-10-12 07:42:00,2023-10-12 07:55:00,2023-10-12 09:19:00,23.0,417,Completed,
T2313,D119,R1036,Mumbai,Bandra,Powai,2023-10-25 16:19:00,2023-10-25 16:23:00,2023-10-25 17:25:00,17.5,371,Completed,
T2314,D297,R4038,Delhi,Connaught Place,Rohini,2023-10-29 09:16:00,2023-10-29 09:24:00,2023-10-29 10:40:00,21.9,582,Completed,
T2315,D341,R1219,Delhi,Vasant Kunj,Dwarka,2023-10-05 09:16:00,2023-10-05 09:23:00,2023-10-05 09:59:00,10.9,279,Completed,
T2316,D281,R1934,Mumbai,Colaba,Powai,2023-10-02 04:59:00,2023-10-02 05:07:00,2023-10-02 05:23:00,6.1,167,Completed,
T2317,D338,R4379,Delhi,Dwarka,Vasant Kunj,2023-10-15 21:02:00,2023-10-15 21:13:00,2023-10-15 22:15:00,16.1,350,Completed,
T2318,D159,R1456,Delhi,Connaught Place,Dwarka,2023-10-19 19:14:00,2023-10-19 19:28:00,2023-10-19 19:38:00,3.2,98,Completed,
T2319,D109,R1765,Delhi,Saket,Vasant Kunj,2023-10-02 03:13:00,2023-10-02 03:23:00,2023-10-02 03:35:00,3.8,109,Completed,
T2320,D228,R1695,Mumbai,Bandra,Powai,2023-10-30 16:10:00,2023-10-30 16:18:00,2023-10-30 17:05:00,12.0,343,Completed,
T2321,D281,R2911,Mumbai,Powai,Colaba,2023-10-30 13:19:00,2023-10-30 13:22:00,2023-10-30 14:01:00,12.3,342,Completed,
T2322,D165,R1127,Bangalore,Whitefield,Jayanagar,2023-10-10 05:39:00,2023-10-10 05:54:00,2023-10-10 06:13:00,6.0,147,Completed,
T2323,D204,R2663,Bangalore,HSR Layout,Koramangala,2023-10-07 09:56:00,,,0.0,0.0,Cancelled,Driver Not Found
T2324,D316,R3018,Bangalore,Koramangala,Jayanagar,2023-10-17 20:27:00,2023-10-17 20:38:00,2023-10-17 21:17:00,10.9,216,Completed,
T2325,D267,R1165,Bangalore,Whitefield,Koramangala,2023-10-14 04:58:00,2023-10-14 05:03:00,2023-10-14 06:01:00,19.4,416,Completed,
T2326,D273,R3200,Delhi,Saket,Dwarka,2023-10-28 10:20:00,2023-10-28 10:34:00,2023-10-28 11:19:00,16.5,360,Completed,
T2327,D171,R1968,Delhi,Vasant Kunj,Saket,2023-10-11 09:35:00,2023-10-11 09:40:00,2023-10-11 10:29:00,13.7,264,Completed,
T2328,D190,R4934,Mumbai,Juhu,Andheri,2023-10-28 03:52:00,,,0.0,0.0,Cancelled,Driver Cancelled
T2329,D172,R3953,Bangalore,Jayanagar,Indiranagar,2023-10-20 12:47:00,2023-10-20 12:55:00,2023-10-20 14:12:00,23.7,562,Completed,
T2330,D101,R1490,Delhi,Vasant Kunj,Dwarka,2023-10-03 15:49:00,2023-10-03 16:03:00,2023-10-03 17:05:00,15.8,348,Completed,
T2331,D202,R1588,Bangalore,Indiranagar,Jayanagar,2023-10-08 20:25:00,2023-10-08 20:35:00,2023-10-08 21:20:00,16.9,389,Completed,
T2332,D317,R4777,Delhi,Dwarka,Connaught Place,2023-10-02 21:43:00,2023-10-02 21:53:00,2023-10-02 22:03:00,4.0,123,Completed,
T2333,D218,R2439,Mumbai,Colaba,Andheri,2023-10-24 03:50:00,2023-10-24 03:58:00,2023-10-24 04:49:00,14.0,355,Completed,
T2334,D110,R3216,Bangalore,Jayanagar,Koramangala,2023-10-12 03:39:00,,,0.0,0.0,Cancelled,Payment Issue
T2335,D216,R1721,Mumbai,Bandra,Powai,2023-10-25 07:29:00,2023-10-25 07:39:00,2023-10-25 08:20:00,14.2,405,Completed,
T2336,D111,R1671,Delhi,Connaught Place,Dwarka,2023-10-04 14:54:00,2023-10-04 14:59:00,2023-10-04 15:32:00,12.9,246,Completed,
T2337,D283,R3768,Bangalore,HSR Layout,Koramangala,2023-10-23 01:27:00,2023-10-23 01:37:00,2023-10-23 02:00:00,7.0,166,Completed,
T2338,D324,R3264,Mumbai,Colaba,Andheri,2023-10-13 13:07:00,2023-10-13 13:11:00,2023-10-13 14:32:00,22.8,518,Completed,
T2339,D117,R4192,Delhi,Rohini,Vasant Kunj,2023-10-24 23:53:00,2023-10-25 00:04:00,2023-10-25 01:05:00,17.3,333,Completed,
T2340,D264,R2262,Mumbai,Andheri,Bandra,2023-10-21 19:15:00,2023-10-21 19:29:00,2023-10-21 20:34:00,23.8,411,Completed,
T2341,D247,R3476,Bangalore,Whitefield,Koramangala,2023-10-14 11:00:00,2023-10-14 11:10:00,2023-10-14 11:35:00,7.6,218,Completed,
T2342,D150,R2361,Mumbai,Juhu,Andheri,2023-10-18 11:28:00,2023-10-18 11:30:00,2023-10-18 11:53:00,7.2,208,Completed,
T2343,D318,R2134,Bangalore,Jayanagar,Koramangala,2023-10-24 19:37:00,,,0.0,0.0,Cancelled,Rider Cancelled
T2344,D116,R4656,Bangalore,Jayanagar,Indiranagar,2023-10-07 07:55:00,2023-10-07 08:07:00,2023-10-07 08:16:00,3.0,125,Completed,
T2345,D245,R2883,Bangalore,Jayanagar,HSR Layout,2023-10-13 18:32:00,2023-10-13 18:44:00,2023-10-13 19:40:00,16.5,305,Completed,
T2346,D176,R1211,Delhi,Dwarka,Saket,2023-10-16 21:33:00,2023-10-16 21:38:00,2023-10-16 23:02:00,21.6,522,Completed,
T2347,D251,R2913,Bangalore,Jayanagar,Koramangala,2023-10-17 11:09:00,,,0.0,0.0,Cancelled,Other
T2348,D162,R1708,Delhi,Connaught Place,Dwarka,2023-10-09 22:48:00,,,0.0,0.0,Cancelled,Driver Cancelled
T2349,D105,R4790,Bangalore,Indiranagar,Whitefield,2023-10-05 23:43:00,2023-10-05 23:57:00,2023-10-06 01:33:00,24.4,604,Completed,
T2350,D340,R3017,Mumbai,Andheri,Powai,2023-10-18 13:21:00,2023-10-18 13:27:00,2023-10-18 14:22:00,16.4,396,Completed,
T2351,D336,R3652,Delhi,Dwarka,Rohini,2023-10-14 18:55:00,2023-10-14 19:06:00,2023-10-14 20:36:00,24.6,443,Completed,
T2352,D127,R1258,Mumbai,Juhu,Bandra,2023-10-01 17:34:00,2023-10-01 17:45:00,2023-10-01 18:30:00,16.4,433,Completed,
T2353,D257,R3982,Delhi,Connaught Place,Dwarka,2023-10-07 02:03:00,2023-10-07 02:18:00,2023-10-07 03:39:00,21.8,489,Completed,
T2354,D204,R1435,Bangalore,Indiranagar,Jayanagar,2023-10-09 20:05:00,2023-10-09 20:09:00,2023-10-09 21:02:00,18.3,382,Completed,
T2355,D159,R2615,Delhi,Connaught Place,Dwarka,2023-10-06 14:21:00,2023-10-06 14:35:00,2023-10-06 15:13:00,12.3,293,Completed,
T2356,D124,R3432,Delhi,Rohini,Vasant Kunj,2023-10-25 12:42:00,2023-10-25 12:56:00,2023-10-25 13:13:00,5.3,130,Completed,
T2357,D245,R2301,Bangalore,Koramangala,Jayanagar,2023-10-24 23:46:00,2023-10-24 23:48:00,2023-10-25 00:39:00,18.6,370,Completed,
T2358,D102,R2914,Bangalore,Whitefield,Koramangala,2023-10-29 22:09:00,,,0.0,0.0,Cancelled,Driver Not Found
T2359,D311,R4774,Bangalore,Indiranagar,HSR Layout,2023-10-05 09:10:00,2023-10-05 09:14:00,2023-10-05 09:37:00,8.9,198,Completed,
T2360,D101,R2596,Delhi,Rohini,Saket,2023-10-27 00:04:00,2023-10-27 00:10:00,2023-10-27 00:30:00,7.9,170,Completed,
T2361,D287,R2050,Bangalore,Whitefield,Koramangala,2023-10-01 21:34:00,2023-10-01 21:37:00,2023-10-01 22:50:00,21.9,439,Completed,
T2362,D225,R1246,Mumbai,Andheri,Juhu,2023-10-09 16:53:00,2023-10-09 16:59:00,2023-10-09 17:47:00,15.0,414,Completed,
T2363,D287,R3079,Bangalore,Whitefield,Indiranagar,2023-10-02 13:22:00,2023-10-02 13:32:00,2023-10-02 13:57:00,8.2,234,Completed,
T2364,D193,R4473,Mumbai,Andheri,Juhu,2023-10-10 20:20:00,,,0.0,0.0,Cancelled,Other
T2365,D137,R3876,Delhi,Dwarka,Vasant Kunj,2023-10-21 21:46:00,,,0.0,0.0,Cancelled,Driver Cancelled
T2366,D296,R3076,Bangalore,Indiranagar,Jayanagar,2023-10-23 14:47:00,2023-10-23 15:02:00,2023-10-23 16:10:00,18.9,505,Completed,
T2367,D176,R3377,Delhi,Saket,Dwarka,2023-10-30 14:19:00,2023-10-30 14:25:00,2023-10-30 15:31:00,19.5,460,Completed,
T2368,D328,R3956,Delhi,Dwarka,Rohini,2023-10-14 06:16:00,2023-10-14 06:31:00,2023-10-14 07:27:00,14.3,291,Completed,
T2369,D319,R2828,Mumbai,Juhu,Bandra,2023-10-27 07:34:00,2023-10-27 07:49:00,2023-10-27 09:05:00,24.9,665,Completed,
T2370,D223,R1074,Delhi,Saket,Dwarka,2023-10-13 21:31:00,2023-10-13 21:37:00,2023-10-13 22:07:00,10.3,215,Completed,
T2371,D224,R1284,Mumbai,Powai,Bandra,2023-10-26 05:37:00,2023-10-26 05:50:00,2023-10-26 05:59:00,2.7,116,Completed,
T2372,D256,R4549,Mumbai,Colaba,Powai,2023-10-25 18:30:00,2023-10-25 18:42:00,2023-10-25 19:16:00,11.4,243,Completed,
T2373,D331,R2525,Bangalore,Indiranagar,Whitefield,2023-10-27 20:59:00,2023-10-27 21:06:00,2023-10-27 22:02:00,21.0,545,Completed,
T2374,D143,R3969,Mumbai,Andheri,Bandra,2023-10-20 19:46:00,2023-10-20 20:00:00,2023-10-20 20:14:00,4.0,149,Completed,
T2375,D233,R2598,Delhi,Connaught Place,Rohini,2023-10-01 21:19:00,2023-10-01 21:30:00,2023-10-01 22:28:00,15.2,316,Completed,
T2376,D226,R1500,Delhi,Vasant Kunj,Rohini,2023-10-27 22:04:00,2023-10-27 22:10:00,2023-10-27 22:47:00,13.2,303,Completed,
T2377,D230,R2520,Bangalore,Koramangala,Jayanagar,2023-10-11 00:25:00,2023-10-11 00:31:00,2023-10-11 01:22:00,18.2,375,Completed,
T2378,D172,R4858,Bangalore,Jayanagar,Whitefield,2023-10-08 00:37:00,2023-10-08 00:43:00,2023-10-08 01:30:00,14.5,383,Completed,
T2379,D104,R2478,Delhi,Dwarka,Rohini,2023-10-18 05:14:00,2023-10-18 05:28:00,2023-10-18 06:33:00,20.3,391,Completed,
T2380,D299,R1114,Mumbai,Bandra,Andheri,2023-10-25 15:12:00,2023-10-25 15:20:00,2023-10-25 15:42:00,6.3,203,Completed,
T2381,D120,R4191,Delhi,Saket,Connaught Place,2023-10-26 00:20:00,2023-10-26 00:25:00,2023-10-26 00:34:00,2.6,98,Completed,
T2382,D230,R2867,Bangalore,Whitefield,Jayanagar,2023-10-19 14:37:00,2023-10-19 14:42:00,2023-10-19 14:50:00,3.2,105,Completed,
T2383,D337,R3916,Delhi,Dwarka,Vasant Kunj,2023-10-25 19:12:00,2023-10-25 19:27:00,2023-10-25 20:22:00,17.4,317,Completed,
T2384,D311,R2791,Bangalore,Indiranagar,Jayanagar,2023-10-15 02:39:00,,,0.0,0.0,Cancelled,Driver Cancelled
T2385,D235,R4413,Delhi,Vasant Kunj,Connaught Place,2023-10-28 07:56:00,2023-10-28 08:03:00,2023-10-28 08:21:00,4.8,140,Completed,
T2386,D167,R1714,Bangalore,Whitefield,Jayanagar,2023-10-20 06:07:00,2023-10-20 06:18:00,2023-10-20 07:29:00,19.8,458,Completed,
T2387,D168,R2381,Delhi,Connaught Place,Dwarka,2023-10-09 15:42:00,2023-10-09 15:56:00,2023-10-09 16:36:00,14.3,361,Completed,
T2388,D242,R1206,Bangalore,Koramangala,Indiranagar,2023-10-22 11:03:00,,,0.0,0.0,Cancelled,Driver Cancelled
T2389,D198,R4514,Delhi,Connaught Place,Saket,2023-10-22 22:19:00,2023-10-22 22:24:00,2023-10-22 23:01:00,14.2,385,Completed,
T2390,D141,R3591,Mumbai,Andheri,Powai,2023-10-18 17:05:00,,,0.0,0.0,Cancelled,Other
T2391,D221,R4782,Bangalore,HSR Layout,Indiranagar,2023-10-07 22:49:00,2023-10-07 22:55:00,2023-10-07 23:08:00,3.9,111,Completed,
T2392,D184,R1064,Mumbai,Bandra,Colaba,2023-10-27 18:51:00,2023-10-27 18:59:00,2023-10-27 19:41:00,16.1,362,Completed,
T2393,D101,R4050,Delhi,Saket,Vasant Kunj,2023-10-15 03:34:00,2023-10-15 03:49:00,2023-10-15 04:13:00,7.2,160,Completed,
T2394,D112,R1381,Bangalore,Whitefield,Jayanagar,2023-10-29 03:32:00,2023-10-29 03:37:00,2023-10-29 04:10:00,12.6,282,Completed,
T2395,D147,R4588,Bangalore,Jayanagar,Koramangala,2023-10-30 15:26:00,2023-10-30 15:37:00,2023-10-30 16:40:00,24.6,465,Completed,
T2396,D120,R2198,Delhi,Vasant Kunj,Connaught Place,2023-10-02 10:08:00,2023-10-02 10:17:00,2023-10-02 10:48:00,11.1,313,Completed,
T2397,D208,R4373,Mumbai,Juhu,Andheri,2023-10-07 15:34:00,2023-10-07 15:40:00,2023-10-07 16:21:00,15.7,412,Completed,
T2398,D310,R3973,Delhi,Saket,Connaught Place,2023-10-10 01:05:00,2023-10-10 01:11:00,2023-10-10 01:30:00,4.9,157,Completed,
T2399,D206,R4354,Bangalore,Indiranagar,Whitefield,2023-10-07 10:27:00,2023-10-07 10:37:00,2023-10-07 11:36:00,15.4,384,Completed,
T2400,D348,R3014,Mumbai,Powai,Colaba,2023-10-17 01:37:00,,,0.0,0.0,Cancelled,Driver Cancelled
T2401,D214,R1418,Mumbai,Andheri,Bandra,2023-10-18 08:06:00,2023-10-18 08:08:00,2023-10-18 08:35:00,6.9,181,Completed,
T2402,D345,R2250,Bangalore,HSR Layout,Indiranagar,2023-10-21 02:19:00,2023-10-21 02:30:00,2023-10-21 02:51:00,6.5,179,Completed,
T2403,D322,R1159,Bangalore,HSR Layout,Indiranagar,2023-10-28 15:11:00,2023-10-28 15:16:00,2023-10-28 16:00:00,15.1,349,Completed,
T2404,D125,R4841,Delhi,Connaught Place,Rohini,2023-10-15 08:55:00,2023-10-15 09:09:00,2023-10-15 10:21:00,23.1,546,Completed,
T2405,D296,R2066,Bangalore,Indiranagar,Koramangala,2023-10-09 13:47:00,2023-10-09 13:50:00,2023-10-09 15:23:00,24.9,545,Completed,
T2406,D344,R1569,Mumbai,Powai,Colaba,2023-10-11 17:20:00,2023-10-11 17:33:00,2023-10-11 18:17:00,16.3,344,Completed,
T2407,D228,R2657,Mumbai,Powai,Bandra,2023-10-18 18:55:00,2023-10-18 19:04:00,2023-10-18 19:25:00,8.1,247,Completed,
T2408,D276,R2033,Mumbai,Bandra,Juhu,2023-10-18 17:28:00,2023-10-18 17:38:00,2023-10-18 17:48:00,3.0,102,Completed,
T2409,D143,R4852,Mumbai,Andheri,Juhu,2023-10-17 22:48:00,2023-10-17 23:02:00,2023-10-17 23:12:00,3.6,136,Completed,
T2410,D115,R3305,Bangalore,Indiranagar,HSR Layout,2023-10-23 13:32:00,2023-10-23 13:39:00,2023-10-23 13:47:00,3.0,100,Completed,
T2411,D207,R1357,Delhi,Rohini,Connaught Place,2023-10-20 19:17:00,2023-10-20 19:20:00,2023-10-20 20:50:00,23.3,613,Completed,
T2412,D349,R4862,Delhi,Vasant Kunj,Rohini,2023-10-09 21:41:00,2023-10-09 21:45:00,2023-10-09 22:45:00,20.4,409,Completed,
T2413,D341,R2648,Delhi,Connaught Place,Saket,2023-10-09 23:46:00,2023-10-09 23:54:00,2023-10-10 00:35:00,12.4,245,Completed,
T2414,D144,R2563,Mumbai,Powai,Bandra,2023-10-04 09:25:00,,,0.0,0.0,Cancelled,Driver Cancelled
T2415,D212,R4355,Bangalore,Whitefield,Koramangala,2023-10-21 06:04:00,2023-10-21 06:14:00,2023-10-21 06:35:00,6.0,190,Completed,
T2416,D170,R2336,Delhi,Rohini,Saket,2023-10-17 16:01:00,2023-10-17 16:08:00,2023-10-17 16:54:00,12.1,244,Completed,
T2417,D298,R3019,Mumbai,Andheri,Juhu,2023-10-17 19:04:00,2023-10-17 19:15:00,2023-10-17 19:48:00,8.7,213,Completed,
T2418,D142,R1375,Mumbai,Bandra,Colaba,2023-10-13 02:00:00,2023-10-13 02:12:00,2023-10-13 02:34:00,6.3,195,Completed,
T2419,D273,R3782,Delhi,Rohini,Dwarka,2023-10-09 22:17:00,2023-10-09 22:28:00,2023-10-09 22:53:00,8.2,186,Completed,
T2420,D350,R4154,Delhi,Connaught Place,Rohini,2023-10-12 07:25:00,,,0.0,0.0,Cancelled,Driver Cancelled
T2421,D330,R4164,Delhi,Rohini,Vasant Kunj,2023-10-03 07:31:00,2023-10-03 07:39:00,2023-10-03 08:33:00,19.8,534,Completed,
T2422,D149,R4282,Mumbai,Bandra,Colaba,2023-10-07 07:43:00,2023-10-07 07:45:00,2023-10-07 08:17:00,11.4,222,Completed,
T2423,D146,R1282,Delhi,Connaught Place,Vasant Kunj,2023-10-15 12:38:00,2023-10-15 12:49:00,2023-10-15 13:17:00,7.8,202,Completed,
T2424,D152,R2836,Bangalore,Indiranagar,Koramangala,2023-10-18 17:57:00,,,0.0,0.0,Cancelled,Driver Cancelled
T2425,D182,R4439,Bangalore,Jayanagar,HSR Layout,2023-10-14 20:21:00,2023-10-14 20:35:00,2023-10-14 22:09:00,24.3,561,Completed,
T2426,D276,R1334,Mumbai,Andheri,Bandra,2023-10-28 12:59:00,2023-10-28 13:03:00,2023-10-28 14:12:00,17.5,377,Completed,
T2427,D187,R2256,Bangalore,Koramangala,Indiranagar,2023-10-26 04:15:00,2023-10-26 04:25:00,2023-10-26 04:53:00,10.7,283,Completed,
T2428,D300,R2436,Mumbai,Bandra,Juhu,2023-10-22 03:19:00,2023-10-22 03:34:00,2023-10-22 04:01:00,8.3,200,Completed,
T2429,D144,R2482,Mumbai,Colaba,Andheri,2023-10-26 01:27:00,2023-10-26 01:30:00,2023-10-26 01:54:00,8.0,181,Completed,
T2430,D318,R4692,Bangalore,Indiranagar,Jayanagar,2023-10-21 08:57:00,2023-10-21 09:11:00,2023-10-21 10:19:00,20.8,502,Completed,
T2431,D247,R1553,Bangalore,HSR Layout,Jayanagar,2023-10-22 06:48:00,2023-10-22 06:52:00,2023-10-22 07:41:00,13.7,265,Completed,
T2432,D160,R4112,Delhi,Saket,Dwarka,2023-10-08 23:13:00,2023-10-08 23:19:00,2023-10-09 00:44:00,24.5,582,Completed,
T2433,D234,R2647,Delhi,Connaught Place,Dwarka,2023-10-03 15:26:00,2023-10-03 15:37:00,2023-10-03 16:35:00,22.5,426,Completed,
T2434,D115,R2753,Bangalore,HSR Layout,Jayanagar,2023-10-06 22:27:00,2023-10-06 22:34:00,2023-10-06 23:29:00,15.4,325,Completed,
T2435,D131,R3894,Delhi,Dwarka,Connaught Place,2023-10-27 17:59:00,2023-10-27 18:03:00,2023-10-27 18:28:00,6.7,178,Completed,
T2436,D199,R2796,Bangalore,Whitefield,Indiranagar,2023-10-07 09:29:00,2023-10-07 09:43:00,2023-10-07 10:40:00,14.8,304,Completed,
T2437,D307,R1124,Mumbai,Bandra,Andheri,2023-10-12 01:48:00,2023-10-12 02:01:00,2023-10-12 02:30:00,10.7,282,Completed,
T2438,D274,R1909,Delhi,Saket,Vasant Kunj,2023-10-07 17:57:00,2023-10-07 18:12:00,2023-10-07 18:29:00,4.9,129,Completed,
T2439,D130,R2364,Delhi,Connaught Place,Rohini,2023-10-01 09:27:00,2023-10-01 09:38:00,2023-10-01 10:04:00,7.2,214,Completed,
T2440,D120,R3336,Delhi,Vasant Kunj,Saket,2023-10-01 23:21:00,,,0.0,0.0,Cancelled,Driver Not Found
T2441,D340,R3208,Mumbai,Juhu,Bandra,2023-10-07 20:59:00,2023-10-07 21:04:00,2023-10-07 21:59:00,14.4,282,Completed,
T2442,D270,R4576,Bangalore,Whitefield,HSR Layout,2023-10-03 03:17:00,2023-10-03 03:21:00,2023-10-03 03:39:00,7.4,177,Completed,
T2443,D162,R1952,Delhi,Dwarka,Vasant Kunj,2023-10-09 12:48:00,2023-10-09 12:53:00,2023-10-09 14:07:00,21.4,442,Completed,
T2444,D266,R3035,Mumbai,Powai,Juhu,2023-10-22 21:35:00,2023-10-22 21:47:00,2023-10-22 22:30:00,17.3,407,Completed,
T2445,D303,R4190,Delhi,Rohini,Saket,2023-10-26 18:13:00,2023-10-26 18:18:00,2023-10-26 19:45:00,22.6,549,Completed,
T2446,D221,R4114,Bangalore,Whitefield,Koramangala,2023-10-28 20:12:00,2023-10-28 20:21:00,2023-10-28 21:11:00,19.4,481,Completed,
T2447,D135,R1985,Mumbai,Bandra,Powai,2023-10-11 05:25:00,2023-10-11 05:33:00,2023-10-11 06:06:00,8.8,255,Completed,
T2448,D242,R1334,Bangalore,HSR Layout,Jayanagar,2023-10-27 12:53:00,2023-10-27 13:03:00,2023-10-27 13:39:00,12.5,255,Completed,
T2449,D188,R2920,Delhi,Connaught Place,Saket,2023-10-06 21:38:00,,,0.0,0.0,Cancelled,Driver Not Found
T2450,D341,R2947,Delhi,Vasant Kunj,Connaught Place,2023-10-18 10:02:00,2023-10-18 10:09:00,2023-10-18 10:39:00,12.1,272,Completed,
T2451,D264,R3788,Mumbai,Powai,Juhu,2023-10-12 22:55:00,2023-10-12 23:00:00,2023-10-12 23:24:00,6.5,148,Completed,
T2452,D253,R2973,Bangalore,HSR Layout,Jayanagar,2023-10-27 21:33:00,2023-10-27 21:38:00,2023-10-27 22:45:00,21.3,521,Completed,
T2453,D116,R1194,Bangalore,Koramangala,HSR Layout,2023-10-07 07:46:00,,,0.0,0.0,Cancelled,Driver Cancelled
T2454,D143,R4776,Mumbai,Juhu,Andheri,2023-10-23 11:12:00,2023-10-23 11:14:00,2023-10-23 12:13:00,21.6,535,Completed,
T2455,D281,R3588,Mumbai,Bandra,Colaba,2023-10-21 14:14:00,2023-10-21 14:20:00,2023-10-21 15:21:00,19.6,479,Completed,
T2456,D301,R3796,Delhi,Connaught Place,Rohini,2023-10-27 13:08:00,,,0.0,0.0,Cancelled,Payment Issue
T2457,D221,R1306,Bangalore,Koramangala,Indiranagar,2023-10-12 20:00:00,2023-10-12 20:07:00,2023-10-12 20:46:00,13.6,300,Completed,
T2458,D227,R3311,Mumbai,Andheri,Juhu,2023-10-29 08:59:00,,,0.0,0.0,Cancelled,Other
T2459,D155,R3454,Mumbai,Bandra,Colaba,2023-10-15 03:53:00,2023-10-15 03:59:00,2023-10-15 04:39:00,13.5,362,Completed,
T2460,D347,R2319,Bangalore,Koramangala,Jayanagar,2023-10-20 22:49:00,2023-10-20 22:54:00,2023-10-20 23:16:00,7.0,192,Completed,
T2461,D126,R2715,Mumbai,Juhu,Andheri,2023-10-17 08:45:00,2023-10-17 08:48:00,2023-10-17 09:37:00,13.0,275,Completed,
T2462,D160,R1813,Delhi,Vasant Kunj,Rohini,2023-10-22 10:54:00,2023-10-22 11:06:00,2023-10-22 12:29:00,23.2,432,Completed,
T2463,D270,R1353,Bangalore,Indiranagar,Jayanagar,2023-10-11 13:06:00,2023-10-11 13:16:00,2023-10-11 13:46:00,9.7,251,Completed,
T2464,D227,R3267,Mumbai,Andheri,Colaba,2023-10-16 02:57:00,2023-10-16 03:09:00,2023-10-16 03:18:00,3.2,113,Completed,
T2465,D213,R3526,Mumbai,Colaba,Andheri,2023-10-13 10:57:00,2023-10-13 11:11:00,2023-10-13 12:27:00,22.9,597,Completed,
T2466,D219,R2585,Bangalore,Indiranagar,Jayanagar,2023-10-11 08:38:00,2023-10-11 08:45:00,2023-10-11 09:48:00,16.5,426,Completed,
T2467,D122,R4726,Bangalore,Jayanagar,HSR Layout,2023-10-14 09:32:00,2023-10-14 09:46:00,2023-10-14 09:51:00,2.3,89,Completed,
T2468,D183,R4102,Mumbai,Bandra,Powai,2023-10-10 20:13:00,2023-10-10 20:28:00,2023-10-10 21:03:00,10.3,284,Completed,
T2469,D326,R1523,Mumbai,Andheri,Colaba,2023-10-11 05:55:00,,,0.0,0.0,Cancelled,Driver Cancelled
T2470,D241,R3697,Delhi,Vasant Kunj,Connaught Place,2023-10-23 20:49:00,2023-10-23 21:00:00,2023-10-23 21:55:00,19.1,389,Completed,
T2471,D150,R2077,Mumbai,Andheri,Bandra,2023-10-01 18:04:00,2023-10-01 18:13:00,2023-10-01 19:21:00,17.9,363,Completed,
T2472,D173,R3837,Mumbai,Powai,Andheri,2023-10-07 23:37:00,2023-10-07 23:48:00,2023-10-08 00:29:00,12.5,354,Completed,
T2473,D177,R3328,Mumbai,Powai,Colaba,2023-10-21 21:34:00,,,0.0,0.0,Cancelled,Other
T2474,D133,R2480,Bangalore,HSR Layout,Whitefield,2023-10-22 16:23:00,,,0.0,0.0,Cancelled,Driver Cancelled
T2475,D132,R3855,Delhi,Dwarka,Rohini,2023-10-26 12:58:00,2023-10-26 13:00:00,2023-10-26 13:22:00,9.1,276,Completed,
T2476,D178,R2083,Mumbai,Bandra,Colaba,2023-10-20 17:08:00,2023-10-20 17:23:00,2023-10-20 17:48:00,6.6,200,Completed,
T2477,D324,R2916,Mumbai,Bandra,Colaba,2023-10-15 02:29:00,,,0.0,0.0,Cancelled,Driver Cancelled
T2478,D213,R3129,Mumbai,Andheri,Powai,2023-10-07 13:32:00,2023-10-07 13:47:00,2023-10-07 14:32:00,13.5,383,Completed,
T2479,D233,R1953,Delhi,Rohini,Dwarka,2023-10-19 18:02:00,2023-10-19 18:17:00,2023-10-19 19:24:00,22.5,572,Completed,
T2480,D304,R4148,Mumbai,Powai,Andheri,2023-10-10 17:17:00,2023-10-10 17:23:00,2023-10-10 18:26:00,16.7,446,Completed,
T2481,D105,R3079,Bangalore,Indiranagar,HSR Layout,2023-10-06 17:41:00,,,0.0,0.0,Cancelled,Driver Not Found
T2482,D270,R4671,Bangalore,Koramangala,Jayanagar,2023-10-10 07:11:00,2023-10-10 07:22:00,2023-10-10 07:44:00,8.7,257,Completed,
T2483,D124,R2940,Delhi,Vasant Kunj,Dwarka,2023-10-18 01:22:00,,,0.0,0.0,Cancelled,Driver Cancelled
T2484,D110,R4922,Bangalore,Whitefield,Jayanagar,2023-10-26 20:03:00,2023-10-26 20:13:00,2023-10-26 21:21:00,21.6,401,Completed,
T2485,D320,R2185,Mumbai,Bandra,Juhu,2023-10-02 16:38:00,2023-10-02 16:50:00,2023-10-02 16:58:00,3.1,107,Completed,
T2486,D175,R2913,Mumbai,Colaba,Juhu,2023-10-13 16:06:00,2023-10-13 16:21:00,2023-10-13 17:18:00,19.3,366,Completed,
T2487,D243,R3798,Delhi,Dwarka,Saket,2023-10-15 03:12:00,2023-10-15 03:15:00,2023-10-15 03:24:00,3.3,102,Completed,
T2488,D197,R3720,Delhi,Saket,Connaught Place,2023-10-01 15:29:00,2023-10-01 15:40:00,2023-10-01 16:32:00,20.7,511,Completed,
T2489,D118,R2324,Bangalore,Indiranagar,Koramangala,2023-10-09 03:48:00,,,0.0,0.0,Cancelled,Other
T2490,D224,R1434,Mumbai,Juhu,Colaba,2023-10-11 20:46:00,2023-10-11 20:48:00,2023-10-11 21:19:00,8.2,188,Completed,
T2491,D263,R3417,Delhi,Connaught Place,Rohini,2023-10-15 20:50:00,2023-10-15 20:58:00,2023-10-15 21:41:00,14.0,378,Completed,
T2492,D321,R4459,Mumbai,Powai,Bandra,2023-10-27 22:02:00,2023-10-27 22:13:00,2023-10-27 23:18:00,18.4,497,Completed,
T2493,D105,R4588,Bangalore,Indiranagar,HSR Layout,2023-10-03 03:02:00,2023-10-03 03:12:00,2023-10-03 04:00:00,14.9,387,Completed,
T2494,D220,R3554,Delhi,Connaught Place,Dwarka,2023-10-30 21:07:00,2023-10-30 21:19:00,2023-10-30 21:25:00,2.3,105,Completed,
T2495,D193,R3343,Mumbai,Juhu,Andheri,2023-10-11 18:13:00,2023-10-11 18:18:00,2023-10-11 18:32:00,3.9,135,Completed,
T2496,D231,R4471,Mumbai,Andheri,Powai,2023-10-06 20:45:00,,,0.0,0.0,Cancelled,Driver Not Found
T2497,D179,R4473,Bangalore,Jayanagar,Koramangala,2023-10-16 13:08:00,,,0.0,0.0,Cancelled,Driver Not Found
T2498,D124,R3230,Delhi,Dwarka,Saket,2023-10-21 03:52:00,,,0.0,0.0,Cancelled,Driver Not Found
T2499,D140,R2576,Mumbai,Powai,Andheri,2023-10-21 11:15:00,2023-10-21 11:25:00,2023-10-21 12:15:00,17.4,409,Completed,
T2500,D146,R4631,Delhi,Vasant Kunj,Connaught Place,2023-10-01 17:45:00,,,0.0,0.0,Cancelled,Rider Cancelled
T2501,D151,R4720,Delhi,Rohini,Vasant Kunj,2023-10-03 01:34:00,2023-10-03 01:41:00,2023-10-03 02:14:00,12.8,324,Completed,
T2502,D339,R1928,Bangalore,Whitefield,Indiranagar,2023-10-16 11:27:00,2023-10-16 11:34:00,2023-10-16 12:18:00,14.3,371,Completed,
T2503,D123,R2786,Bangalore,Jayanagar,HSR Layout,2023-10-11 03:16:00,2023-10-11 03:20:00,2023-10-11 03:33:00,3.4,126,Completed,
T2504,D301,R4331,Delhi,Rohini,Connaught Place,2023-10-11 01:21:00,2023-10-11 01:30:00,2023-10-11 02:02:00,11.7,294,Completed,
T2505,D315,R1074,Mumbai,Colaba,Andheri,2023-10-27 01:29:00,2023-10-27 01:37:00,2023-10-27 02:56:00,22.1,539,Completed,
T2506,D113,R4418,Delhi,Vasant Kunj,Connaught Place,2023-10-26 06:17:00,2023-10-26 06:20:00,2023-10-26 07:06:00,17.7,390,Completed,
T2507,D327,R4190,Bangalore,Jayanagar,Indiranagar,2023-10-05 15:23:00,2023-10-05 15:37:00,2023-10-05 16:44:00,22.5,517,Completed,
T2508,D140,R4189,Mumbai,Andheri,Juhu,2023-10-10 23:45:00,2023-10-10 23:52:00,2023-10-11 00:38:00,17.2,376,Completed,
T2509,D146,R1456,Delhi,Rohini,Saket,2023-10-15 05:38:00,2023-10-15 05:43:00,2023-10-15 06:10:00,7.0,167,Completed,
T2510,D145,R2802,Delhi,Vasant Kunj,Dwarka,2023-10-01 22:38:00,2023-10-01 22:49:00,2023-10-01 23:10:00,6.3,192,Completed,
T2511,D164,R4852,Mumbai,Andheri,Juhu,2023-10-17 17:35:00,2023-10-17 17:50:00,2023-10-17 18:15:00,10.0,263,Completed,
T2512,D318,R3953,Bangalore,Koramangala,HSR Layout,2023-10-04 13:31:00,2023-10-04 13:37:00,2023-10-04 14:40:00,23.5,477,Completed,
T2513,D157,R3731,Bangalore,Jayanagar,Indiranagar,2023-10-07 09:46:00,2023-10-07 09:53:00,2023-10-07 11:07:00,19.1,344,Completed,
T2514,D219,R4590,Bangalore,Koramangala,Whitefield,2023-10-23 11:57:00,2023-10-23 12:11:00,2023-10-23 12:26:00,5.8,163,Completed,
T2515,D192,R3350,Delhi,Saket,Vasant Kunj,2023-10-14 10:02:00,2023-10-14 10:08:00,2023-10-14 11:16:00,18.0,331,Completed,
T2516,D318,R2366,Bangalore,Koramangala,Whitefield,2023-10-15 05:05:00,2023-10-15 05:13:00,2023-10-15 06:28:00,21.3,458,Completed,
T2517,D191,R1348,Bangalore,Jayanagar,HSR Layout,2023-10-07 02:33:00,2023-10-07 02:39:00,2023-10-07 02:55:00,6.1,146,Completed,
T2518,D191,R2190,Bangalore,Indiranagar,Koramangala,2023-10-26 16:19:00,2023-10-26 16:28:00,2023-10-26 17:27:00,21.5,442,Completed,
T2519,D347,R4676,Bangalore,Whitefield,Indiranagar,2023-10-11 14:20:00,2023-10-11 14:22:00,2023-10-11 14:52:00,9.4,235,Completed,
T2520,D103,R2997,Mumbai,Powai,Bandra,2023-10-12 16:51:00,2023-10-12 16:58:00,2023-10-12 17:59:00,16.1,297,Completed,
T2521,D212,R4735,Bangalore,Whitefield,HSR Layout,2023-10-12 01:01:00,2023-10-12 01:05:00,2023-10-12 02:29:00,22.7,468,Completed,
T2522,D215,R3555,Delhi,Connaught Place,Rohini,2023-10-10 17:32:00,2023-10-10 17:45:00,2023-10-10 18:22:00,11.3,242,Completed,
T2523,D328,R3324,Delhi,Saket,Connaught Place,2023-10-15 09:27:00,2023-10-15 09:34:00,2023-10-15 10:20:00,17.6,488,Completed,
T2524,D193,R3352,Mumbai,Bandra,Andheri,2023-10-21 15:15:00,2023-10-21 15:19:00,2023-10-21 16:12:00,17.9,374,Completed,
T2525,D318,R1045,Bangalore,Indiranagar,Jayanagar,2023-10-01 01:51:00,2023-10-01 01:56:00,2023-10-01 02:15:00,7.5,223,Completed,
T2526,D242,R4872,Bangalore,Indiranagar,Whitefield,2023-10-24 11:01:00,2023-10-24 11:10:00,2023-10-24 11:17:00,2.5,93,Completed,
T2527,D146,R1238,Delhi,Vasant Kunj,Rohini,2023-10-18 07:21:00,2023-10-18 07:35:00,2023-10-18 08:28:00,20.6,436,Completed,
T2528,D324,R2505,Mumbai,Bandra,Juhu,2023-10-12 19:13:00,2023-10-12 19:25:00,2023-10-12 20:01:00,13.2,345,Completed,
T2529,D236,R1606,Mumbai,Powai,Colaba,2023-10-13 01:02:00,2023-10-13 01:11:00,2023-10-13 01:35:00,7.6,181,Completed,
T2530,D269,R1811,Mumbai,Andheri,Bandra,2023-10-07 13:28:00,2023-10-07 13:42:00,2023-10-07 14:03:00,7.1,224,Completed,
T2531,D150,R3301,Mumbai,Colaba,Andheri,2023-10-24 14:20:00,2023-10-24 14:32:00,2023-10-24 15:47:00,18.8,346,Completed,
T2532,D212,R3222,Bangalore,Jayanagar,HSR Layout,2023-10-28 17:25:00,2023-10-28 17:38:00,2023-10-28 17:55:00,5.7,139,Completed,
T2533,D272,R4576,Bangalore,Whitefield,Jayanagar,2023-10-24 15:48:00,2023-10-24 15:50:00,2023-10-24 16:30:00,12.8,249,Completed,
T2534,D147,R2048,Bangalore,Whitefield,Koramangala,2023-10-27 10:11:00,,,0.0,0.0,Cancelled,Driver Cancelled
T2535,D298,R1338,Mumbai,Colaba,Juhu,2023-10-26 23:04:00,2023-10-26 23:11:00,2023-10-26 23:30:00,7.1,201,Completed,
T2536,D139,R1463,Mumbai,Bandra,Powai,2023-10-18 20:32:00,2023-10-18 20:46:00,2023-10-18 21:09:00,7.4,162,Completed,
T2537,D320,R2559,Mumbai,Bandra,Colaba,2023-10-03 03:49:00,2023-10-03 03:52:00,2023-10-03 04:27:00,11.8,237,Completed,
T2538,D321,R4804,Mumbai,Bandra,Colaba,2023-10-16 15:39:00,2023-10-16 15:54:00,2023-10-16 16:26:00,12.1,240,Completed,
T2539,D336,R1690,Delhi,Vasant Kunj,Saket,2023-10-10 09:15:00,2023-10-10 09:30:00,2023-10-10 10:36:00,21.1,413,Completed,
T2540,D256,R2304,Mumbai,Andheri,Powai,2023-10-09 08:09:00,,,0.0,0.0,Cancelled,Driver Cancelled
T2541,D236,R1542,Mumbai,Juhu,Colaba,2023-10-15 02:38:00,2023-10-15 02:40:00,2023-10-15 02:53:00,5.0,136,Completed,
T2542,D334,R3625,Mumbai,Powai,Andheri,2023-10-08 17:58:00,2023-10-08 18:05:00,2023-10-08 18:32:00,9.6,211,Completed,
T2543,D174,R1934,Mumbai,Andheri,Colaba,2023-10-28 14:14:00,2023-10-28 14:25:00,2023-10-28 14:44:00,5.6,149,Completed,
T2544,D208,R1875,Mumbai,Bandra,Juhu,2023-10-14 11:01:00,2023-10-14 11:07:00,2023-10-14 11:52:00,17.2,478,Completed,
T2545,D240,R3073,Bangalore,Jayanagar,HSR Layout,2023-10-13 14:41:00,2023-10-13 14:56:00,2023-10-13 15:39:00,11.7,341,Completed,
T2546,D219,R1823,Bangalore,Koramangala,HSR Layout,2023-10-11 00:05:00,2023-10-11 00:16:00,2023-10-11 00:30:00,5.5,151,Completed,
T2547,D207,R4654,Delhi,Dwarka,Connaught Place,2023-10-28 16:08:00,2023-10-28 16:17:00,2023-10-28 17:31:00,20.2,413,Completed,
T2548,D181,R1102,Delhi,Dwarka,Rohini,2023-10-22 10:33:00,2023-10-22 10:39:00,2023-10-22 11:17:00,11.5,258,Completed,
T2549,D289,R2165,Delhi,Saket,Dwarka,2023-10-29 00:47:00,2023-10-29 01:00:00,2023-10-29 02:14:00,23.3,570,Completed,
T2550,D337,R2758,Delhi,Rohini,Vasant Kunj,2023-10-09 10:58:00,2023-10-09 11:00:00,2023-10-09 11:34:00,10.9,226,Completed,
T2551,D241,R2202,Delhi,Rohini,Connaught Place,2023-10-07 15:07:00,2023-10-07 15:21:00,2023-10-07 15:30:00,2.3,86,Completed,
T2552,D335,R1148,Delhi,Saket,Vasant Kunj,2023-10-15 02:42:00,2023-10-15 02:57:00,2023-10-15 03:23:00,8.4,228,Completed,
T2553,D268,R2250,Delhi,Saket,Dwarka,2023-10-30 01:06:00,2023-10-30 01:21:00,2023-10-30 02:24:00,19.4,458,Completed,
T2554,D337,R1972,Delhi,Dwarka,Vasant Kunj,2023-10-20 09:31:00,2023-10-20 09:41:00,2023-10-20 10:43:00,22.9,409,Completed,
T2555,D266,R1047,Mumbai,Bandra,Juhu,2023-10-12 20:43:00,2023-10-12 20:54:00,2023-10-12 21:07:00,3.9,113,Completed,
T2556,D259,R2791,Mumbai,Andheri,Juhu,2023-10-21 06:04:00,2023-10-21 06:13:00,2023-10-21 06:46:00,9.3,237,Completed,
T2557,D275,R1941,Delhi,Saket,Rohini,2023-10-30 03:46:00,2023-10-30 03:56:00,2023-10-30 04:49:00,18.8,518,Completed,
T2558,D105,R2543,Bangalore,Jayanagar,Indiranagar,2023-10-24 13:40:00,2023-10-24 13:48:00,2023-10-24 14:16:00,8.2,228,Completed,
T2559,D279,R3882,Bangalore,Koramangala,HSR Layout,2023-10-09 01:55:00,2023-10-09 02:00:00,2023-10-09 02:55:00,16.6,397,Completed,
T2560,D213,R2257,Mumbai,Colaba,Powai,2023-10-28 00:15:00,2023-10-28 00:27:00,2023-10-28 01:46:00,24.5,541,Completed,
T2561,D197,R3349,Delhi,Connaught Place,Saket,2023-10-11 04:43:00,2023-10-11 04:47:00,2023-10-11 06:16:00,22.9,498,Completed,
T2562,D207,R1631,Delhi,Saket,Connaught Place,2023-10-21 14:00:00,2023-10-21 14:04:00,2023-10-21 14:15:00,4.5,148,Completed,
T2563,D190,R2961,Mumbai,Bandra,Colaba,2023-10-02 08:33:00,2023-10-02 08:37:00,2023-10-02 09:01:00,7.8,188,Completed,
T2564,D336,R3123,Delhi,Connaught Place,Saket,2023-10-22 23:12:00,2023-10-22 23:24:00,2023-10-23 00:04:00,11.0,268,Completed,
T2565,D171,R1587,Delhi,Dwarka,Rohini,2023-10-11 17:30:00,2023-10-11 17:32:00,2023-10-11 17:49:00,5.2,157,Completed,
T2566,D275,R4673,Delhi,Vasant Kunj,Rohini,2023-10-16 03:38:00,2023-10-16 03:45:00,2023-10-16 04:21:00,10.7,300,Completed,
T2567,D234,R1736,Delhi,Vasant Kunj,Dwarka,2023-10-18 16:32:00,2023-10-18 16:38:00,2023-10-18 17:21:00,11.3,226,Completed,
T2568,D238,R3190,Delhi,Vasant Kunj,Saket,2023-10-14 22:01:00,2023-10-14 22:08:00,2023-10-14 22:56:00,12.5,289,Completed,
T2569,D342,R1989,Delhi,Saket,Connaught Place,2023-10-10 22:22:00,2023-10-10 22:37:00,2023-10-10 22:59:00,5.9,143,Completed,
T2570,D147,R1720,Bangalore,Indiranagar,Jayanagar,2023-10-15 05:03:00,2023-10-15 05:16:00,2023-10-15 06:30:00,23.0,410,Completed,
T2571,D301,R2208,Delhi,Dwarka,Connaught Place,2023-10-11 02:19:00,2023-10-11 02:33:00,2023-10-11 03:31:00,15.6,419,Completed,
T2572,D179,R2018,Bangalore,Indiranagar,Jayanagar,2023-10-05 06:13:00,2023-10-05 06:26:00,2023-10-05 06:42:00,5.3,135,Completed,
T2573,D224,R3445,Mumbai,Juhu,Powai,2023-10-14 18:04:00,2023-10-14 18:09:00,2023-10-14 19:24:00,21.5,456,Completed,
T2574,D261,R4007,Delhi,Saket,Dwarka,2023-10-27 12:38:00,2023-10-27 12:41:00,2023-10-27 14:01:00,22.9,493,Completed,
T2575,D341,R3023,Delhi,Dwarka,Saket,2023-10-23 19:50:00,2023-10-23 19:54:00,2023-10-23 20:56:00,18.6,428,Completed,
T2576,D167,R4822,Bangalore,HSR Layout,Jayanagar,2023-10-19 14:16:00,2023-10-19 14:31:00,2023-10-19 15:39:00,20.2,365,Completed,
T2577,D135,R2562,Mumbai,Bandra,Juhu,2023-10-04 06:06:00,2023-10-04 06:10:00,2023-10-04 07:27:00,25.0,589,Completed,
T2578,D272,R1708,Bangalore,HSR Layout,Indiranagar,2023-10-11 16:14:00,2023-10-11 16:26:00,2023-10-11 17:18:00,14.0,378,Completed,
T2579,D302,R3707,Bangalore,Koramangala,Jayanagar,2023-10-23 23:20:00,2023-10-23 23:23:00,2023-10-23 23:59:00,12.9,247,Completed,
T2580,D313,R3045,Delhi,Saket,Connaught Place,2023-10-08 06:07:00,2023-10-08 06:13:00,2023-10-08 06:39:00,6.7,180,Completed,
T2581,D333,R4960,Delhi,Dwarka,Vasant Kunj,2023-10-15 02:37:00,2023-10-15 02:45:00,2023-10-15 03:39:00,20.0,491,Completed,
T2582,D131,R1819,Delhi,Vasant Kunj,Connaught Place,2023-10-12 19:31:00,2023-10-12 19:34:00,2023-10-12 19:45:00,3.0,103,Completed,
T2583,D308,R4495,Delhi,Vasant Kunj,Saket,2023-10-02 21:57:00,2023-10-02 22:09:00,2023-10-02 22:19:00,3.7,121,Completed,
T2584,D267,R2832,Bangalore,Whitefield,Koramangala,2023-10-19 09:59:00,,,0.0,0.0,Cancelled,Driver Cancelled
T2585,D315,R2012,Mumbai,Juhu,Powai,2023-10-16 03:59:00,2023-10-16 04:09:00,2023-10-16 04:22:00,3.7,106,Completed,
T2586,D128,R2615,Mumbai,Powai,Bandra,2023-10-11 18:40:00,2023-10-11 18:55:00,2023-10-11 20:09:00,18.9,522,Completed,
T2587,D203,R3925,Mumbai,Powai,Bandra,2023-10-06 23:02:00,2023-10-06 23:16:00,2023-10-07 00:16:00,15.4,284,Completed,
T2588,D275,R2429,Delhi,Connaught Place,Vasant Kunj,2023-10-30 17:04:00,2023-10-30 17:10:00,2023-10-30 17:24:00,5.0,158,Completed,
T2589,D223,R3638,Delhi,Connaught Place,Dwarka,2023-10-02 16:02:00,2023-10-02 16:09:00,2023-10-02 17:05:00,21.8,442,Completed,
T2590,D248,R3943,Bangalore,Indiranagar,Whitefield,2023-10-14 14:26:00,2023-10-14 14:30:00,2023-10-14 14:58:00,10.2,276,Completed,
T2591,D258,R2678,Delhi,Connaught Place,Dwarka,2023-10-03 17:33:00,2023-10-03 17:39:00,2023-10-03 18:00:00,7.7,170,Completed,
T2592,D118,R1663,Bangalore,HSR Layout,Koramangala,2023-10-06 11:26:00,2023-10-06 11:38:00,2023-10-06 12:14:00,11.7,302,Completed,
T2593,D245,R4268,Bangalore,Whitefield,Indiranagar,2023-10-18 09:21:00,2023-10-18 09:32:00,2023-10-18 09:53:00,6.4,188,Completed,
T2594,D153,R3607,Mumbai,Andheri,Colaba,2023-10-16 04:45:00,,,0.0,0.0,Cancelled,Driver Not Found
T2595,D103,R4993,Mumbai,Colaba,Andheri,2023-10-22 19:18:00,,,0.0,0.0,Cancelled,Rider Cancelled
T2596,D151,R1506,Delhi,Rohini,Vasant Kunj,2023-10-09 23:19:00,2023-10-09 23:28:00,2023-10-10 00:34:00,22.4,526,Completed,
T2597,D250,R4947,Mumbai,Powai,Colaba,2023-10-26 20:11:00,2023-10-26 20:18:00,2023-10-26 20:36:00,5.7,179,Completed,
T2598,D132,R1196,Delhi,Dwarka,Rohini,2023-10-26 19:27:00,2023-10-26 19:33:00,2023-10-26 20:43:00,21.8,397,Completed,
T2599,D160,R4362,Delhi,Dwarka,Connaught Place,2023-10-28 18:12:00,2023-10-28 18:23:00,2023-10-28 19:30:00,18.5,395,Completed,
T2600,D183,R1120,Mumbai,Andheri,Bandra,2023-10-24 10:59:00,2023-10-24 11:02:00,2023-10-24 12:22:00,24.3,608,Completed,
T2601,D295,R2351,Mumbai,Powai,Juhu,2023-10-01 22:46:00,2023-10-01 22:59:00,2023-10-01 23:21:00,6.9,177,Completed,
T2602,D135,R1797,Mumbai,Bandra,Powai,2023-10-25 17:45:00,2023-10-25 17:51:00,2023-10-25 18:47:00,16.6,330,Completed,
T2603,D174,R3235,Mumbai,Andheri,Juhu,2023-10-27 06:59:00,,,0.0,0.0,Cancelled,Driver Cancelled
T2604,D108,R4627,Delhi,Rohini,Dwarka,2023-10-23 17:50:00,2023-10-23 17:56:00,2023-10-23 19:22:00,24.3,502,Completed,
T2605,D161,R3225,Bangalore,Koramangala,Whitefield,2023-10-25 13:51:00,2023-10-25 13:53:00,2023-10-25 14:00:00,3.0,104,Completed,
T2606,D214,R3239,Mumbai,Powai,Juhu,2023-10-17 20:38:00,2023-10-17 20:46:00,2023-10-17 21:35:00,13.7,265,Completed,
T2607,D171,R4837,Delhi,Dwarka,Saket,2023-10-12 23:42:00,2023-10-12 23:46:00,2023-10-13 00:08:00,6.7,174,Completed,
T2608,D195,R2951,Delhi,Vasant Kunj,Dwarka,2023-10-02 14:38:00,2023-10-02 14:46:00,2023-10-02 16:10:00,21.2,479,Completed,
T2609,D114,R1054,Bangalore,Whitefield,Indiranagar,2023-10-25 20:33:00,2023-10-25 20:45:00,2023-10-25 21:47:00,23.1,596,Completed,
T2610,D189,R1222,Delhi,Connaught Place,Dwarka,2023-10-02 04:50:00,2023-10-02 05:00:00,2023-10-02 05:08:00,2.3,85,Completed,
T2611,D180,R3439,Bangalore,HSR Layout,Jayanagar,2023-10-02 06:06:00,,,0.0,0.0,Cancelled,Driver Cancelled
T2612,D116,R1806,Bangalore,Koramangala,Jayanagar,2023-10-21 20:02:00,2023-10-21 20:12:00,2023-10-21 20:45:00,9.4,192,Completed,
T2613,D308,R4228,Delhi,Vasant Kunj,Rohini,2023-10-08 14:55:00,2023-10-08 15:06:00,2023-10-08 15:55:00,14.0,329,Completed,
T2614,D288,R3049,Mumbai,Andheri,Juhu,2023-10-01 07:06:00,2023-10-01 07:09:00,2023-10-01 07:43:00,11.9,287,Completed,
T2615,D219,R2829,Bangalore,HSR Layout,Indiranagar,2023-10-06 16:11:00,2023-10-06 16:20:00,2023-10-06 17:06:00,14.4,305,Completed,
T2616,D343,R1674,Mumbai,Colaba,Bandra,2023-10-29 08:56:00,2023-10-29 09:04:00,2023-10-29 09:30:00,8.7,197,Completed,
T2617,D274,R1715,Delhi,Rohini,Connaught Place,2023-10-03 17:51:00,2023-10-03 17:59:00,2023-10-03 18:11:00,3.6,108,Completed,
T2618,D276,R2979,Mumbai,Andheri,Bandra,2023-10-29 09:34:00,2023-10-29 09:40:00,2023-10-29 11:04:00,22.6,404,Completed,
T2619,D229,R3945,Delhi,Vasant Kunj,Saket,2023-10-25 11:09:00,2023-10-25 11:18:00,2023-10-25 12:17:00,16.2,300,Completed,
T2620,D237,R3306,Bangalore,Koramangala,HSR Layout,2023-10-01 19:21:00,2023-10-01 19:33:00,2023-10-01 20:35:00,24.1,467,Completed,
T2621,D332,R2219,Mumbai,Powai,Bandra,2023-10-06 06:02:00,2023-10-06 06:07:00,2023-10-06 07:07:00,17.0,457,Completed,
T2622,D232,R2697,Delhi,Connaught Place,Saket,2023-10-08 17:38:00,2023-10-08 17:49:00,2023-10-08 18:58:00,24.9,550,Completed,
T2623,D109,R2917,Delhi,Vasant Kunj,Rohini,2023-10-04 19:38:00,2023-10-04 19:46:00,2023-10-04 20:21:00,12.2,267,Completed,
T2624,D326,R3828,Mumbai,Powai,Juhu,2023-10-28 14:14:00,,,0.0,0.0,Cancelled,Rider Cancelled
T2625,D154,R4128,Delhi,Vasant Kunj,Connaught Place,2023-10-04 12:01:00,,,0.0,0.0,Cancelled,Driver Not Found
T2626,D156,R4177,Delhi,Rohini,Dwarka,2023-10-05 08:22:00,2023-10-05 08:30:00,2023-10-05 08:52:00,7.7,213,Completed,
T2627,D107,R2553,Mumbai,Powai,Juhu,2023-10-08 09:39:00,2023-10-08 09:45:00,2023-10-08 10:50:00,16.5,331,Completed,
T2628,D193,R4356,Mumbai,Juhu,Powai,2023-10-17 15:17:00,2023-10-17 15:28:00,2023-10-17 16:24:00,19.9,353,Completed,
T2629,D278,R3000,Delhi,Connaught Place,Saket,2023-10-14 19:48:00,2023-10-14 19:54:00,2023-10-14 20:38:00,15.3,285,Completed,
T2630,D217,R1297,Delhi,Rohini,Connaught Place,2023-10-28 23:37:00,2023-10-28 23:47:00,2023-10-29 00:35:00,16.8,394,Completed,
T2631,D119,R2476,Mumbai,Powai,Andheri,2023-10-19 13:32:00,2023-10-19 13:43:00,2023-10-19 13:55:00,3.8,122,Completed,
T2632,D261,R3484,Delhi,Connaught Place,Dwarka,2023-10-19 08:59:00,2023-10-19 09:10:00,2023-10-19 10:00:00,16.7,305,Completed,
T2633,D340,R5000,Mumbai,Bandra,Juhu,2023-10-10 00:20:00,,,0.0,0.0,Cancelled,Driver Not Found
T2634,D185,R1397,Bangalore,Indiranagar,HSR Layout,2023-10-06 17:03:00,2023-10-06 17:12:00,2023-10-06 18:00:00,14.9,405,Completed,
T2635,D111,R2219,Delhi,Saket,Dwarka,2023-10-11 12:18:00,,,0.0,0.0,Cancelled,Driver Cancelled
T2636,D119,R2298,Mumbai,Bandra,Powai,2023-10-21 23:16:00,2023-10-21 23:30:00,2023-10-22 00:17:00,12.8,323,Completed,
T2637,D250,R4283,Mumbai,Powai,Juhu,2023-10-13 16:21:00,,,0.0,0.0,Cancelled,Driver Cancelled
T2638,D263,R3186,Delhi,Connaught Place,Vasant Kunj,2023-10-05 20:28:00,2023-10-05 20:32:00,2023-10-05 20:53:00,8.0,225,Completed,
T2639,D178,R2202,Mumbai,Bandra,Powai,2023-10-09 20:09:00,2023-10-09 20:13:00,2023-10-09 20:25:00,3.7,129,Completed,
T2640,D306,R1870,Delhi,Saket,Dwarka,2023-10-08 09:11:00,2023-10-08 09:15:00,2023-10-08 10:29:00,24.9,571,Completed,
T2641,D269,R4115,Mumbai,Bandra,Juhu,2023-10-01 07:02:00,2023-10-01 07:10:00,2023-10-01 08:23:00,20.1,452,Completed,
T2642,D205,R3743,Bangalore,HSR Layout,Whitefield,2023-10-02 12:31:00,2023-10-02 12:41:00,2023-10-02 13:33:00,16.6,445,Completed,
T2643,D203,R2650,Mumbai,Juhu,Andheri,2023-10-12 08:58:00,2023-10-12 09:13:00,2023-10-12 09:38:00,8.2,197,Completed,
T2644,D292,R3056,Bangalore,Indiranagar,Jayanagar,2023-10-07 15:59:00,2023-10-07 16:11:00,2023-10-07 16:31:00,7.2,218,Completed,
T2645,D225,R3948,Mumbai,Andheri,Bandra,2023-10-01 15:35:00,2023-10-01 15:49:00,2023-10-01 17:08:00,24.1,420,Completed,
T2646,D319,R4786,Mumbai,Andheri,Juhu,2023-10-18 01:45:00,2023-10-18 01:51:00,2023-10-18 02:54:00,22.1,537,Completed,
T2647,D218,R2980,Mumbai,Bandra,Andheri,2023-10-16 08:12:00,2023-10-16 08:14:00,2023-10-16 09:15:00,18.4,369,Completed,
T2648,D159,R4959,Delhi,Dwarka,Vasant Kunj,2023-10-30 14:49:00,,,0.0,0.0,Cancelled,Payment Issue
T2649,D342,R4933,Delhi,Connaught Place,Saket,2023-10-14 13:20:00,2023-10-14 13:34:00,2023-10-14 14:08:00,10.4,229,Completed,
T2650,D104,R2043,Delhi,Dwarka,Vasant Kunj,2023-10-20 09:13:00,,,0.0,0.0,Cancelled,Driver Cancelled
T2651,D196,R3856,Delhi,Rohini,Saket,2023-10-21 22:35:00,2023-10-21 22:49:00,2023-10-21 23:25:00,13.3,319,Completed,
T2652,D153,R2024,Mumbai,Bandra,Powai,2023-10-26 02:57:00,2023-10-26 02:59:00,2023-10-26 03:37:00,10.5,282,Completed,
T2653,D296,R3431,Bangalore,Koramangala,Whitefield,2023-10-24 00:50:00,2023-10-24 00:58:00,2023-10-24 02:13:00,23.5,573,Completed,
T2654,D157,R4110,Bangalore,HSR Layout,Indiranagar,2023-10-02 20:16:00,2023-10-02 20:25:00,2023-10-02 21:32:00,21.7,433,Completed,
T2655,D172,R2654,Bangalore,Indiranagar,Whitefield,2023-10-30 11:09:00,2023-10-30 11:23:00,2023-10-30 12:10:00,14.3,341,Completed,
T2656,D350,R3561,Delhi,Vasant Kunj,Saket,2023-10-21 12:49:00,,,0.0,0.0,Cancelled,Driver Cancelled
T2657,D213,R4255,Mumbai,Bandra,Andheri,2023-10-09 21:05:00,2023-10-09 21:14:00,2023-10-09 21:33:00,5.5,169,Completed,
T2658,D284,R4185,Bangalore,Whitefield,HSR Layout,2023-10-02 03:48:00,2023-10-02 04:00:00,2023-10-02 04:08:00,2.7,97,Completed,
T2659,D168,R2340,Delhi,Vasant Kunj,Connaught Place,2023-10-25 17:56:00,2023-10-25 18:08:00,2023-10-25 18:42:00,11.2,295,Completed,
T2660,D285,R3753,Bangalore,Whitefield,HSR Layout,2023-10-21 07:09:00,2023-10-21 07:15:00,2023-10-21 08:19:00,18.4,407,Completed,
T2661,D247,R1888,Bangalore,Koramangala,Whitefield,2023-10-07 22:54:00,2023-10-07 22:56:00,2023-10-07 23:14:00,5.5,170,Completed,
T2662,D217,R3103,Delhi,Connaught Place,Saket,2023-10-04 03:19:00,2023-10-04 03:30:00,2023-10-04 03:43:00,3.4,116,Completed,
T2663,D231,R4721,Mumbai,Colaba,Juhu,2023-10-16 12:33:00,2023-10-16 12:44:00,2023-10-16 13:42:00,15.0,355,Completed,
T2664,D153,R2170,Mumbai,Colaba,Powai,2023-10-09 17:10:00,,,0.0,0.0,Cancelled,Driver Cancelled
T2665,D320,R3534,Mumbai,Powai,Andheri,2023-10-11 19:42:00,2023-10-11 19:44:00,2023-10-11 20:22:00,10.3,242,Completed,
T2666,D221,R4864,Bangalore,Whitefield,HSR Layout,2023-10-23 09:09:00,,,0.0,0.0,Cancelled,Driver Cancelled
T2667,D154,R4904,Delhi,Vasant Kunj,Rohini,2023-10-18 05:49:00,2023-10-18 05:57:00,2023-10-18 06:13:00,6.3,178,Completed,
T2668,D125,R3335,Delhi,Saket,Rohini,2023-10-10 20:09:00,2023-10-10 20:19:00,2023-10-10 21:21:00,19.5,461,Completed,
T2669,D332,R3702,Mumbai,Bandra,Juhu,2023-10-21 15:38:00,2023-10-21 15:47:00,2023-10-21 17:20:00,24.9,432,Completed,
T2670,D271,R2929,Delhi,Vasant Kunj,Dwarka,2023-10-23 20:58:00,2023-10-23 21:03:00,2023-10-23 21:52:00,19.6,521,Completed,
T2671,D319,R2591,Mumbai,Juhu,Andheri,2023-10-14 20:18:00,2023-10-14 20:29:00,2023-10-14 21:24:00,17.2,366,Completed,
T2672,D113,R3572,Delhi,Rohini,Connaught Place,2023-10-21 15:01:00,,,0.0,0.0,Cancelled,Payment Issue
T2673,D286,R3189,Delhi,Dwarka,Saket,2023-10-24 09:12:00,2023-10-24 09:24:00,2023-10-24 09:36:00,4.0,116,Completed,
T2674,D125,R2375,Delhi,Vasant Kunj,Connaught Place,2023-10-29 17:07:00,2023-10-29 17:10:00,2023-10-29 18:16:00,24.3,452,Completed,
T2675,D283,R1734,Bangalore,HSR Layout,Indiranagar,2023-10-25 16:03:00,2023-10-25 16:16:00,2023-10-25 17:08:00,19.2,466,Completed,
T2676,D196,R1327,Delhi,Connaught Place,Vasant Kunj,2023-10-27 06:04:00,2023-10-27 06:15:00,2023-10-27 06:53:00,11.0,287,Completed,
T2677,D122,R1322,Bangalore,Jayanagar,Indiranagar,2023-10-16 06:32:00,2023-10-16 06:45:00,2023-10-16 06:53:00,2.7,103,Completed,
T2678,D213,R1564,Mumbai,Andheri,Juhu,2023-10-27 19:12:00,2023-10-27 19:15:00,2023-10-27 19:46:00,10.9,297,Completed,
T2679,D348,R1590,Mumbai,Juhu,Colaba,2023-10-10 19:39:00,,,0.0,0.0,Cancelled,Driver Cancelled
T2680,D142,R4594,Mumbai,Colaba,Andheri,2023-10-21 11:38:00,2023-10-21 11:43:00,2023-10-21 12:15:00,13.0,366,Completed,
T2681,D198,R1919,Delhi,Dwarka,Saket,2023-10-24 18:30:00,2023-10-24 18:37:00,2023-10-24 19:07:00,9.0,256,Completed,
T2682,D108,R4653,Delhi,Connaught Place,Saket,2023-10-09 23:02:00,2023-10-09 23:10:00,2023-10-10 00:12:00,16.7,385,Completed,
T2683,D342,R2551,Delhi,Saket,Rohini,2023-10-25 05:47:00,2023-10-25 06:01:00,2023-10-25 06:14:00,4.6,159,Completed,
T2684,D265,R3120,Mumbai,Colaba,Powai,2023-10-10 14:38:00,2023-10-10 14:48:00,2023-10-10 15:55:00,22.7,593,Completed,
T2685,D229,R1908,Delhi,Saket,Connaught Place,2023-10-24 01:23:00,2023-10-24 01:31:00,2023-10-24 02:14:00,12.8,289,Completed,
T2686,D183,R3539,Mumbai,Colaba,Bandra,2023-10-18 08:35:00,2023-10-18 08:42:00,2023-10-18 10:13:00,23.8,425,Completed,
T2687,D180,R2440,Bangalore,Indiranagar,Koramangala,2023-10-25 01:36:00,,,0.0,0.0,Cancelled,Payment Issue
T2688,D241,R1641,Delhi,Dwarka,Rohini,2023-10-26 21:52:00,2023-10-26 21:56:00,2023-10-26 23:24:00,22.5,451,Completed,
T2689,D253,R2633,Bangalore,HSR Layout,Koramangala,2023-10-04 14:01:00,2023-10-04 14:04:00,2023-10-04 15:12:00,23.6,538,Completed,
T2690,D147,R1582,Bangalore,HSR Layout,Indiranagar,2023-10-07 16:54:00,2023-10-07 17:01:00,2023-10-07 18:17:00,24.4,466,Completed,
T2691,D242,R4524,Bangalore,Indiranagar,Jayanagar,2023-10-10 17:32:00,2023-10-10 17:35:00,2023-10-10 18:26:00,13.8,311,Completed,
T2692,D305,R3717,Delhi,Rohini,Dwarka,2023-10-18 13:30:00,,,0.0,0.0,Cancelled,Driver Cancelled
T2693,D182,R3386,Bangalore,Indiranagar,Whitefield,2023-10-01 01:09:00,2023-10-01 01:11:00,2023-10-01 01:59:00,17.4,324,Completed,
T2694,D122,R1237,Bangalore,HSR Layout,Jayanagar,2023-10-10 20:00:00,2023-10-10 20:08:00,2023-10-10 20:22:00,5.3,135,Completed,
T2695,D160,R2512,Delhi,Rohini,Dwarka,2023-10-07 00:41:00,2023-10-07 00:43:00,2023-10-07 01:21:00,13.5,351,Completed,
T2696,D129,R4496,Delhi,Rohini,Dwarka,2023-10-25 23:26:00,2023-10-25 23:34:00,2023-10-26 00:13:00,12.0,235,Completed,
T2697,D337,R2479,Delhi,Saket,Rohini,2023-10-05 18:10:00,,,0.0,0.0,Cancelled,Payment Issue
T2698,D345,R3171,Bangalore,Whitefield,Jayanagar,2023-10-23 19:52:00,2023-10-23 20:01:00,2023-10-23 20:43:00,16.3,399,Completed,
T2699,D168,R3607,Delhi,Rohini,Connaught Place,2023-10-07 20:23:00,2023-10-07 20:28:00,2023-10-07 20:45:00,5.4,137,Completed,
T2700,D249,R3245,Bangalore,HSR Layout,Whitefield,2023-10-07 12:51:00,2023-10-07 12:53:00,2023-10-07 14:24:00,23.6,499,Completed,
T2701,D189,R1759,Delhi,Vasant Kunj,Saket,2023-10-13 05:07:00,2023-10-13 05:19:00,2023-10-13 06:15:00,20.2,516,Completed,
T2702,D115,R3338,Bangalore,Whitefield,Koramangala,2023-10-01 06:17:00,2023-10-01 06:21:00,2023-10-01 06:56:00,10.7,212,Completed,
T2703,D176,R1096,Delhi,Rohini,Saket,2023-10-29 02:21:00,2023-10-29 02:36:00,2023-10-29 03:50:00,19.2,399,Completed,
T2704,D272,R4122,Bangalore,Jayanagar,Indiranagar,2023-10-14 00:52:00,,,0.0,0.0,Cancelled,Driver Cancelled
T2705,D248,R3494,Bangalore,Whitefield,Jayanagar,2023-10-06 11:18:00,2023-10-06 11:26:00,2023-10-06 11:50:00,7.5,177,Completed,
T2706,D213,R4375,Mumbai,Juhu,Andheri,2023-10-28 01:06:00,2023-10-28 01:11:00,2023-10-28 02:21:00,20.9,432,Completed,
T2707,D145,R4833,Delhi,Connaught Place,Dwarka,2023-10-12 09:35:00,,,0.0,0.0,Cancelled,Driver Not Found
T2708,D146,R4218,Delhi,Saket,Rohini,2023-10-02 01:36:00,2023-10-02 01:40:00,2023-10-02 02:44:00,21.5,534,Completed,
T2709,D336,R2423,Delhi,Dwarka,Connaught Place,2023-10-23 09:58:00,2023-10-23 10:11:00,2023-10-23 10:18:00,2.1,99,Completed,
T2710,D302,R3568,Bangalore,Indiranagar,HSR Layout,2023-10-30 10:10:00,2023-10-30 10:19:00,2023-10-30 10:58:00,10.5,287,Completed,
T2711,D342,R4313,Delhi,Vasant Kunj,Dwarka,2023-10-11 11:23:00,,,0.0,0.0,Cancelled,Driver Cancelled
T2712,D346,R2303,Bangalore,Indiranagar,Whitefield,2023-10-21 08:33:00,2023-10-21 08:43:00,2023-10-21 09:13:00,10.8,219,Completed,
T2713,D217,R4621,Delhi,Connaught Place,Rohini,2023-10-19 14:27:00,2023-10-19 14:29:00,2023-10-19 16:05:00,24.6,484,Completed,
T2714,D210,R4566,Mumbai,Powai,Bandra,2023-10-14 14:59:00,2023-10-14 15:08:00,2023-10-14 15:21:00,3.8,125,Completed,
T2715,D125,R4935,Delhi,Rohini,Saket,2023-10-19 03:56:00,2023-10-19 04:11:00,2023-10-19 05:27:00,24.1,515,Completed,
T2716,D177,R1190,Mumbai,Andheri,Juhu,2023-10-21 18:27:00,2023-10-21 18:36:00,2023-10-21 19:40:00,16.7,385,Completed,
T2717,D246,R4545,Bangalore,Indiranagar,Koramangala,2023-10-01 07:10:00,2023-10-01 07:24:00,2023-10-01 07:44:00,7.2,174,Completed,
T2718,D139,R1146,Mumbai,Bandra,Juhu,2023-10-06 09:51:00,2023-10-06 10:01:00,2023-10-06 10:29:00,9.5,213,Completed,
T2719,D347,R3708,Bangalore,Indiranagar,HSR Layout,2023-10-10 00:41:00,2023-10-10 00:53:00,2023-10-10 01:20:00,7.5,192,Completed,
T2720,D134,R2953,Mumbai,Powai,Colaba,2023-10-19 10:21:00,2023-10-19 10:25:00,2023-10-19 11:09:00,12.6,242,Completed,
T2721,D203,R2451,Mumbai,Juhu,Andheri,2023-10-08 15:11:00,,,0.0,0.0,Cancelled,Other
T2722,D190,R1926,Mumbai,Andheri,Bandra,2023-10-29 01:29:00,2023-10-29 01:34:00,2023-10-29 01:53:00,5.7,188,Completed,
T2723,D284,R4027,Bangalore,Jayanagar,Koramangala,2023-10-29 14:00:00,2023-10-29 14:08:00,2023-10-29 15:10:00,23.1,518,Completed,
T2724,D109,R4243,Delhi,Vasant Kunj,Dwarka,2023-10-08 14:45:00,2023-10-08 14:52:00,2023-10-08 15:30:00,10.4,285,Completed,
T2725,D166,R1263,Delhi,Saket,Connaught Place,2023-10-05 19:19:00,2023-10-05 19:30:00,2023-10-05 19:48:00,7.1,215,Completed,
T2726,D307,R4217,Mumbai,Bandra,Juhu,2023-10-24 19:12:00,2023-10-24 19:20:00,2023-10-24 19:57:00,9.3,262,Completed,
T2727,D187,R1292,Bangalore,Indiranagar,HSR Layout,2023-10-18 11:18:00,2023-10-18 11:20:00,2023-10-18 12:01:00,14.3,367,Completed,
T2728,D343,R4012,Mumbai,Colaba,Juhu,2023-10-17 07:26:00,,,0.0,0.0,Cancelled,Payment Issue
T2729,D203,R4195,Mumbai,Andheri,Juhu,2023-10-22 05:32:00,2023-10-22 05:34:00,2023-10-22 05:53:00,5.4,156,Completed,
T2730,D182,R2746,Bangalore,Koramangala,Jayanagar,2023-10-12 05:13:00,2023-10-12 05:27:00,2023-10-12 06:02:00,13.9,326,Completed,
T2731,D245,R1399,Bangalore,Jayanagar,HSR Layout,2023-10-15 00:59:00,2023-10-15 01:08:00,2023-10-15 02:13:00,17.6,315,Completed,
T2732,D171,R1465,Delhi,Dwarka,Connaught Place,2023-10-26 17:45:00,2023-10-26 17:50:00,2023-10-26 18:51:00,24.1,485,Completed,
T2733,D215,R3686,Delhi,Saket,Dwarka,2023-10-30 04:09:00,2023-10-30 04:22:00,2023-10-30 05:31:00,23.1,463,Completed,
T2734,D142,R1163,Mumbai,Powai,Bandra,2023-10-02 15:08:00,2023-10-02 15:23:00,2023-10-02 16:44:00,25.0,425,Completed,
T2735,D134,R3036,Mumbai,Juhu,Andheri,2023-10-14 05:42:00,2023-10-14 05:52:00,2023-10-14 05:58:00,2.4,96,Completed,
T2736,D139,R1548,Mumbai,Powai,Bandra,2023-10-06 03:45:00,2023-10-06 03:56:00,2023-10-06 04:54:00,19.2,463,Completed,
T2737,D314,R4233,Mumbai,Juhu,Powai,2023-10-26 02:27:00,2023-10-26 02:38:00,2023-10-26 03:20:00,14.7,377,Completed,
T2738,D203,R4132,Mumbai,Colaba,Powai,2023-10-29 22:11:00,2023-10-29 22:19:00,2023-10-29 22:38:00,5.7,168,Completed,
T2739,D232,R3189,Delhi,Saket,Dwarka,2023-10-07 22:06:00,2023-10-07 22:21:00,2023-10-07 22:52:00,12.3,258,Completed,
T2740,D164,R3335,Mumbai,Juhu,Andheri,2023-10-01 00:59:00,,,0.0,0.0,Cancelled,Driver Not Found
T2741,D109,R1028,Delhi,Dwarka,Saket,2023-10-02 07:30:00,2023-10-02 07:35:00,2023-10-02 08:04:00,10.9,288,Completed,
T2742,D161,R2245,Bangalore,HSR Layout,Whitefield,2023-10-26 14:43:00,2023-10-26 14:50:00,2023-10-26 15:48:00,17.4,348,Completed,
T2743,D139,R1850,Mumbai,Bandra,Powai,2023-10-07 20:00:00,2023-10-07 20:10:00,2023-10-07 21:04:00,20.8,528,Completed,
T2744,D297,R4875,Delhi,Vasant Kunj,Saket,2023-10-30 07:15:00,,,0.0,0.0,Cancelled,Other
T2745,D331,R2173,Bangalore,Koramangala,Jayanagar,2023-10-24 13:33:00,2023-10-24 13:36:00,2023-10-24 14:18:00,14.1,280,Completed,
T2746,D167,R1907,Bangalore,Whitefield,Jayanagar,2023-10-14 11:49:00,2023-10-14 12:00:00,2023-10-14 12:32:00,11.6,244,Completed,
T2747,D204,R3099,Bangalore,HSR Layout,Jayanagar,2023-10-14 21:16:00,2023-10-14 21:28:00,2023-10-14 21:45:00,6.7,210,Completed,
T2748,D110,R3264,Bangalore,HSR Layout,Koramangala,2023-10-14 20:57:00,2023-10-14 21:07:00,2023-10-14 22:44:00,24.9,481,Completed,
T2749,D329,R2482,Delhi,Dwarka,Vasant Kunj,2023-10-03 22:03:00,2023-10-03 22:16:00,2023-10-03 23:11:00,16.3,298,Completed,
T2750,D311,R1079,Bangalore,Whitefield,Jayanagar,2023-10-09 21:36:00,,2023-10-09 22:17:00,8.7,188,Completed,
T2751,D244,R2686,Mumbai,Colaba,Bandra,2023-10-11 13:33:00,2023-10-11 13:36:00,2023-10-11 13:44:00,3.1,118,Completed,
T2752,D103,R4979,Mumbai,Andheri,Powai,2023-10-06 18:40:00,,,0.0,0.0,Cancelled,Driver Cancelled
T2753,D293,R4794,Bangalore,HSR Layout,Koramangala,2023-10-22 13:55:00,2023-10-22 14:08:00,2023-10-22 14:37:00,8.5,220,Completed,
T2754,D326,R4307,Mumbai,Colaba,Bandra,2023-10-02 03:01:00,2023-10-02 03:09:00,2023-10-02 03:38:00,8.4,206,Completed,
T2755,D129,R1322,Delhi,Saket,Dwarka,2023-10-09 13:37:00,2023-10-09 13:42:00,2023-10-09 14:26:00,13.2,283,Completed,
T2756,D177,R4931,Mumbai,Juhu,Bandra,2023-10-07 00:48:00,2023-10-07 00:51:00,2023-10-07 02:26:00,24.7,524,Completed,
T2757,D287,R2871,Bangalore,Whitefield,Jayanagar,2023-10-02 19:33:00,2023-10-02 19:41:00,2023-10-02 20:31:00,18.8,339,Completed,
T2758,D253,R1290,Bangalore,Koramangala,Whitefield,2023-10-15 12:28:00,2023-10-15 12:42:00,2023-10-15 13:12:00,10.3,270,Completed,
T2759,D276,R1932,Mumbai,Bandra,Juhu,2023-10-30 05:27:00,2023-10-30 05:34:00,2023-10-30 06:04:00,11.2,221,Completed,
T2760,D141,R3792,Mumbai,Powai,Colaba,2023-10-14 14:24:00,,,0.0,0.0,Cancelled,Driver Cancelled
T2761,D137,R1761,Delhi,Saket,Connaught Place,2023-10-13 11:27:00,2023-10-13 11:36:00,2023-10-13 11:46:00,4.2,147,Completed,
T2762,D138,R2837,Bangalore,Whitefield,Indiranagar,2023-10-19 19:42:00,2023-10-19 19:57:00,2023-10-19 20:05:00,2.9,117,Completed,
T2763,D312,R3911,Delhi,Dwarka,Saket,2023-10-22 03:46:00,2023-10-22 04:00:00,2023-10-22 04:55:00,18.9,409,Completed,
T2764,D331,R1682,Bangalore,Koramangala,Jayanagar,2023-10-03 09:47:00,2023-10-03 09:50:00,2023-10-03 10:36:00,13.4,264,Completed,
T2765,D234,R4346,Delhi,Saket,Connaught Place,2023-10-28 14:51:00,2023-10-28 15:04:00,2023-10-28 15:42:00,12.6,320,Completed,
T2766,D259,R2215,Mumbai,Colaba,Juhu,2023-10-12 15:06:00,2023-10-12 15:16:00,2023-10-12 15:39:00,7.7,201,Completed,
T2767,D112,R1516,Bangalore,Whitefield,Indiranagar,2023-10-01 19:57:00,2023-10-01 20:11:00,2023-10-01 21:14:00,22.6,479,Completed,
T2768,D161,R3301,Bangalore,HSR Layout,Whitefield,2023-10-15 04:06:00,2023-10-15 04:13:00,2023-10-15 05:17:00,22.0,416,Completed,
T2769,D283,R1255,Bangalore,HSR Layout,Jayanagar,2023-10-18 15:29:00,2023-10-18 15:31:00,2023-10-18 16:32:00,23.4,487,Completed,
T2770,D265,R3253,Mumbai,Andheri,Colaba,2023-10-13 10:45:00,2023-10-13 10:58:00,2023-10-13 11:58:00,19.2,388,Completed,
T2771,D251,R1018,Bangalore,HSR Layout,Indiranagar,2023-10-01 11:29:00,2023-10-01 11:42:00,2023-10-01 11:59:00,5.2,178,Completed,
T2772,D318,R1600,Bangalore,Koramangala,HSR Layout,2023-10-11 23:17:00,2023-10-11 23:29:00,2023-10-12 00:43:00,20.4,423,Completed,
T2773,D334,R1356,Mumbai,Bandra,Powai,2023-10-21 11:15:00,2023-10-21 11:30:00,2023-10-21 12:01:00,11.5,329,Completed,
T2774,D115,R4423,Bangalore,Whitefield,Koramangala,2023-10-12 06:07:00,2023-10-12 06:22:00,2023-10-12 07:35:00,23.6,482,Completed,
T2775,D118,R1871,Bangalore,Whitefield,HSR Layout,2023-10-18 05:55:00,2023-10-18 05:59:00,2023-10-18 06:11:00,3.9,120,Completed,
T2776,D163,R4793,Mumbai,Colaba,Powai,2023-10-01 22:25:00,2023-10-01 22:35:00,2023-10-01 23:16:00,13.1,276,Completed,
T2777,D346,R2891,Bangalore,Jayanagar,Indiranagar,2023-10-19 19:01:00,2023-10-19 19:12:00,2023-10-19 19:37:00,7.4,178,Completed,
T2778,D119,R4437,Mumbai,Powai,Andheri,2023-10-16 04:34:00,2023-10-16 04:38:00,2023-10-16 05:56:00,20.3,557,Completed,
T2779,D295,R3093,Mumbai,Andheri,Colaba,2023-10-17 23:34:00,2023-10-17 23:36:00,2023-10-18 00:05:00,8.8,190,Completed,
T2780,D130,R2475,Delhi,Saket,Connaught Place,2023-10-02 08:02:00,2023-10-02 08:13:00,2023-10-02 08:45:00,8.7,257,Completed,
T2781,D280,R4917,Mumbai,Juhu,Powai,2023-10-09 20:56:00,2023-10-09 21:02:00,2023-10-09 22:00:00,20.7,388,Completed,
T2782,D283,R4704,Bangalore,Indiranagar,Whitefield,2023-10-13 06:12:00,2023-10-13 06:20:00,2023-10-13 07:15:00,17.0,458,Completed,
T2783,D207,R2323,Delhi,Dwarka,Vasant Kunj,2023-10-22 16:45:00,2023-10-22 16:59:00,2023-10-22 17:31:00,10.5,231,Completed,
T2784,D153,R1028,Mumbai,Juhu,Colaba,2023-10-02 02:24:00,2023-10-02 02:35:00,2023-10-02 03:58:00,24.3,462,Completed,
T2785,D288,R4125,Mumbai,Juhu,Andheri,2023-10-13 17:05:00,2023-10-13 17:11:00,2023-10-13 17:19:00,2.5,105,Completed,
T2786,D326,R3758,Mumbai,Colaba,Juhu,2023-10-04 21:33:00,2023-10-04 21:43:00,2023-10-04 22:09:00,9.7,201,Completed,
T2787,D341,R4627,Delhi,Connaught Place,Dwarka,2023-10-02 06:55:00,2023-10-02 07:08:00,2023-10-02 07:31:00,8.8,259,Completed,
T2788,D159,R3435,Delhi,Saket,Connaught Place,2023-10-30 01:17:00,2023-10-30 01:26:00,2023-10-30 02:14:00,12.5,246,Completed,
T2789,D257,R3931,Delhi,Connaught Place,Saket,2023-10-11 07:30:00,2023-10-11 07:39:00,2023-10-11 08:03:00,6.9,195,Completed,
T2790,D322,R4453,Bangalore,Indiranagar,HSR Layout,2023-10-24 04:16:00,2023-10-24 04:24:00,2023-10-24 05:02:00,12.0,273,Completed,
T2791,D170,R1958,Delhi,Connaught Place,Rohini,2023-10-28 20:54:00,2023-10-28 21:09:00,2023-10-28 22:34:00,22.9,422,Completed,
T2792,D134,R2058,Mumbai,Colaba,Andheri,2023-10-25 09:39:00,2023-10-25 09:41:00,2023-10-25 10:32:00,13.2,266,Completed,
T2793,D157,R4851,Bangalore,Koramangala,Indiranagar,2023-10-15 22:28:00,2023-10-15 22:37:00,2023-10-15 22:53:00,6.5,208,Completed,
T2794,D235,R1541,Delhi,Saket,Rohini,2023-10-14 23:48:00,2023-10-14 23:52:00,2023-10-15 00:05:00,5.1,171,Completed,
T2795,D270,R1721,Bangalore,Whitefield,Koramangala,2023-10-21 21:27:00,,,0.0,0.0,Cancelled,Driver Cancelled
T2796,D167,R3504,Bangalore,Jayanagar,Koramangala,2023-10-11 10:39:00,2023-10-11 10:50:00,2023-10-11 11:54:00,18.8,458,Completed,
T2797,D136,R3653,Mumbai,Juhu,Powai,2023-10-27 03:52:00,2023-10-27 04:07:00,2023-10-27 05:03:00,21.2,402,Completed,
T2798,D185,R4649,Bangalore,Indiranagar,Whitefield,2023-10-08 08:03:00,2023-10-08 08:18:00,2023-10-08 09:46:00,22.6,593,Completed,
T2799,D313,R4589,Delhi,Dwarka,Vasant Kunj,2023-10-05 07:28:00,2023-10-05 07:42:00,2023-10-05 08:55:00,22.6,395,Completed,
T2800,D291,R1780,Bangalore,Indiranagar,HSR Layout,2023-10-14 19:06:00,,,0.0,0.0,Cancelled,Rider Cancelled
T2801,D220,R4959,Delhi,Saket,Dwarka,2023-10-18 23:39:00,2023-10-18 23:44:00,2023-10-19 00:31:00,13.9,386,Completed,
T2802,D138,R4887,Bangalore,Whitefield,Indiranagar,2023-10-06 03:16:00,2023-10-06 03:20:00,2023-10-06 03:35:00,4.6,162,Completed,
T2803,D105,R1397,Bangalore,Indiranagar,Whitefield,2023-10-14 03:46:00,2023-10-14 03:56:00,2023-10-14 04:35:00,15.3,373,Completed,
T2804,D131,R2173,Delhi,Rohini,Vasant Kunj,2023-10-30 05:41:00,,,0.0,0.0,Cancelled,Driver Cancelled
T2805,D180,R1923,Bangalore,Indiranagar,Koramangala,2023-10-03 07:18:00,2023-10-03 07:27:00,2023-10-03 08:27:00,18.6,453,Completed,
T2806,D272,R3284,Bangalore,Indiranagar,Jayanagar,2023-10-05 03:22:00,2023-10-05 03:33:00,2023-10-05 04:12:00,13.4,355,Completed,
T2807,D336,R3210,Delhi,Vasant Kunj,Saket,2023-10-29 21:09:00,2023-10-29 21:22:00,2023-10-29 21:28:00,2.0,86,Completed,
T2808,D158,R4537,Bangalore,Jayanagar,Whitefield,2023-10-04 12:35:00,2023-10-04 12:40:00,2023-10-04 14:16:00,24.2,548,Completed,
T2809,D279,R1122,Bangalore,Indiranagar,HSR Layout,2023-10-26 01:06:00,2023-10-26 01:18:00,2023-10-26 02:27:00,21.9,393,Completed,
T2810,D106,R3820,Delhi,Saket,Dwarka,2023-10-03 04:04:00,,,0.0,0.0,Cancelled,Driver Cancelled
T2811,D192,R2589,Delhi,Rohini,Dwarka,2023-10-26 03:14:00,,,0.0,0.0,Cancelled,Rider Cancelled
T2812,D104,R2956,Delhi,Vasant Kunj,Connaught Place,2023-10-07 11:20:00,2023-10-07 11:24:00,2023-10-07 12:12:00,14.4,401,Completed,
T2813,D163,R2112,Mumbai,Colaba,Bandra,2023-10-13 02:45:00,,,0.0,0.0,Cancelled,Other
T2814,D200,R1283,Mumbai,Powai,Juhu,2023-10-08 22:06:00,2023-10-08 22:19:00,2023-10-08 22:35:00,4.3,118,Completed,
T2815,D269,R3748,Mumbai,Juhu,Andheri,2023-10-06 06:43:00,2023-10-06 06:52:00,2023-10-06 07:21:00,10.0,242,Completed,
T2816,D283,R1196,Bangalore,Jayanagar,Indiranagar,2023-10-05 08:47:00,2023-10-05 08:51:00,2023-10-05 08:57:00,2.7,115,Completed,
T2817,D126,R3393,Mumbai,Bandra,Juhu,2023-10-04 07:06:00,,,0.0,0.0,Cancelled,Driver Cancelled
T2818,D267,R4631,Bangalore,Indiranagar,HSR Layout,2023-10-17 07:43:00,2023-10-17 07:50:00,2023-10-17 08:25:00,9.6,200,Completed,
T2819,D110,R1677,Bangalore,HSR Layout,Jayanagar,2023-10-04 05:05:00,2023-10-04 05:09:00,2023-10-04 05:55:00,15.2,370,Completed,
T2820,D202,R2906,Bangalore,Jayanagar,Indiranagar,2023-10-19 10:02:00,2023-10-19 10:11:00,2023-10-19 10:54:00,16.2,439,Completed,
T2821,D289,R2703,Delhi,Rohini,Dwarka,2023-10-28 12:00:00,2023-10-28 12:04:00,2023-10-28 12:56:00,14.7,417,Completed,
T2822,D301,R4559,Delhi,Vasant Kunj,Connaught Place,2023-10-13 17:21:00,2023-10-13 17:35:00,2023-10-13 18:54:00,22.7,559,Completed,
T2823,D169,R4915,Delhi,Dwarka,Rohini,2023-10-09 21:58:00,2023-10-09 22:07:00,2023-10-09 22:14:00,2.3,102,Completed,
T2824,D130,R1570,Delhi,Connaught Place,Vasant Kunj,2023-10-18 18:59:00,2023-10-18 19:01:00,2023-10-18 20:02:00,16.2,337,Completed,
T2825,D158,R2557,Bangalore,HSR Layout,Whitefield,2023-10-23 04:36:00,2023-10-23 04:48:00,2023-10-23 05:13:00,8.8,208,Completed,
T2826,D232,R2877,Delhi,Connaught Place,Dwarka,2023-10-24 21:09:00,2023-10-24 21:19:00,2023-10-24 22:22:00,22.8,578,Completed,
T2827,D330,R3304,Delhi,Dwarka,Connaught Place,2023-10-14 13:22:00,2023-10-14 13:25:00,2023-10-14 14:23:00,19.0,422,Completed,
T2828,D294,R3544,Delhi,Connaught Place,Saket,2023-10-04 17:17:00,2023-10-04 17:24:00,2023-10-04 18:12:00,13.1,315,Completed,
T2829,D124,R2993,Delhi,Connaught Place,Saket,2023-10-09 17:39:00,2023-10-09 17:46:00,2023-10-09 19:00:00,22.7,590,Completed,
T2830,D203,R2077,Mumbai,Andheri,Bandra,2023-10-25 07:07:00,2023-10-25 07:22:00,2023-10-25 07:42:00,5.6,176,Completed,
T2831,D301,R4247,Delhi,Vasant Kunj,Rohini,2023-10-14 11:45:00,2023-10-14 11:50:00,2023-10-14 12:35:00,15.2,291,Completed,
T2832,D286,R4961,Delhi,Vasant Kunj,Saket,2023-10-15 20:36:00,2023-10-15 20:42:00,2023-10-15 21:34:00,14.3,338,Completed,
T2833,D125,R1861,Delhi,Rohini,Vasant Kunj,2023-10-04 04:05:00,2023-10-04 04:20:00,2023-10-04 04:59:00,10.1,284,Completed,
T2834,D241,R3388,Delhi,Rohini,Connaught Place,2023-10-23 21:55:00,2023-10-23 22:00:00,2023-10-23 22:15:00,6.2,183,Completed,
T2835,D107,R1657,Mumbai,Andheri,Juhu,2023-10-08 17:42:00,2023-10-08 17:44:00,2023-10-08 18:06:00,6.1,190,Completed,
T2836,D248,R1799,Bangalore,Jayanagar,Indiranagar,2023-10-18 08:03:00,2023-10-18 08:14:00,2023-10-18 09:12:00,19.8,491,Completed,
T2837,D221,R1783,Bangalore,HSR Layout,Whitefield,2023-10-21 11:36:00,2023-10-21 11:46:00,2023-10-21 13:19:00,24.8,572,Completed,
T2838,D275,R4783,Delhi,Rohini,Connaught Place,2023-10-21 07:35:00,2023-10-21 07:43:00,2023-10-21 08:23:00,10.9,214,Completed,
T2839,D242,R3290,Bangalore,Koramangala,Indiranagar,2023-10-13 19:24:00,2023-10-13 19:27:00,2023-10-13 19:34:00,2.2,92,Completed,
T2840,D343,R3720,Mumbai,Colaba,Bandra,2023-10-22 19:15:00,2023-10-22 19:18:00,2023-10-22 19:28:00,3.5,122,Completed,
T2841,D131,R1131,Delhi,Connaught Place,Rohini,2023-10-16 08:05:00,2023-10-16 08:15:00,2023-10-16 09:17:00,22.8,556,Completed,
T2842,D107,R3445,Mumbai,Colaba,Andheri,2023-10-13 04:10:00,2023-10-13 04:12:00,2023-10-13 05:35:00,24.4,540,Completed,
T2843,D249,R4832,Bangalore,Koramangala,HSR Layout,2023-10-26 01:40:00,2023-10-26 01:46:00,2023-10-26 02:46:00,19.1,479,Completed,
T2844,D269,R2160,Mumbai,Powai,Andheri,2023-10-20 09:12:00,,,0.0,0.0,Cancelled,Driver Cancelled
T2845,D112,R2090,Bangalore,Whitefield,Indiranagar,2023-10-10 09:36:00,2023-10-10 09:42:00,2023-10-10 10:26:00,16.8,399,Completed,
T2846,D161,R1484,Bangalore,Jayanagar,HSR Layout,2023-10-05 11:50:00,2023-10-05 11:57:00,2023-10-05 13:04:00,17.3,443,Completed,
T2847,D278,R3616,Delhi,Saket,Connaught Place,2023-10-10 14:32:00,2023-10-10 14:42:00,2023-10-10 15:04:00,7.7,171,Completed,
T2848,D253,R2434,Bangalore,HSR Layout,Koramangala,2023-10-13 20:38:00,2023-10-13 20:46:00,2023-10-13 21:01:00,4.0,129,Completed,
T2849,D184,R3906,Mumbai,Juhu,Powai,2023-10-11 23:31:00,2023-10-11 23:44:00,2023-10-12 00:58:00,24.6,599,Completed,
T2850,D309,R2747,Mumbai,Colaba,Andheri,2023-10-23 16:48:00,2023-10-23 17:02:00,2023-10-23 18:25:00,23.0,461,Completed,
T2851,D107,R1287,Mumbai,Juhu,Bandra,2023-10-22 06:16:00,2023-10-22 06:30:00,2023-10-22 07:49:00,22.9,533,Completed,
T2852,D255,R3138,Mumbai,Bandra,Colaba,2023-10-11 17:58:00,2023-10-11 18:02:00,2023-10-11 18:48:00,12.5,358,Completed,
T2853,D321,R4249,Mumbai,Juhu,Bandra,2023-10-30 21:56:00,2023-10-30 22:00:00,2023-10-30 22:10:00,4.1,134,Completed,
T2854,D205,R4690,Bangalore,Whitefield,Indiranagar,2023-10-29 06:39:00,,,0.0,0.0,Cancelled,Driver Cancelled
T2855,D294,R4478,Delhi,Rohini,Dwarka,2023-10-11 17:07:00,2023-10-11 17:17:00,2023-10-11 18:24:00,18.8,359,Completed,
T2856,D120,R3627,Delhi,Dwarka,Connaught Place,2023-10-12 15:33:00,,,0.0,0.0,Cancelled,Driver Cancelled
T2857,D122,R1724,Bangalore,Jayanagar,HSR Layout,2023-10-06 04:14:00,2023-10-06 04:18:00,2023-10-06 04:54:00,12.1,266,Completed,
T2858,D179,R2148,Bangalore,Jayanagar,Indiranagar,2023-10-02 18:59:00,2023-10-02 19:08:00,2023-10-02 19:38:00,9.3,208,Completed,
T2859,D152,R2521,Bangalore,Indiranagar,Koramangala,2023-10-15 11:48:00,,,0.0,0.0,Cancelled,Payment Issue
T2860,D157,R3687,Bangalore,Indiranagar,Whitefield,2023-10-04 12:14:00,2023-10-04 12:16:00,2023-10-04 13:51:00,24.4,445,Completed,
T2861,D308,R3060,Delhi,Saket,Vasant Kunj,2023-10-20 06:24:00,2023-10-20 06:32:00,2023-10-20 07:15:00,13.9,262,Completed,
T2862,D195,R4774,Delhi,Connaught Place,Dwarka,2023-10-08 00:56:00,2023-10-08 01:00:00,2023-10-08 02:09:00,22.7,493,Completed,
T2863,D127,R1267,Mumbai,Colaba,Bandra,2023-10-19 20:55:00,2023-10-19 21:02:00,2023-10-19 21:59:00,20.7,469,Completed,
T2864,D323,R1899,Bangalore,Koramangala,Indiranagar,2023-10-18 04:00:00,2023-10-18 04:09:00,2023-10-18 05:32:00,20.9,380,Completed,
T2865,D138,R4113,Bangalore,HSR Layout,Indiranagar,2023-10-10 21:18:00,2023-10-10 21:22:00,2023-10-10 22:03:00,16.4,451,Completed,
T2866,D295,R1950,Mumbai,Juhu,Powai,2023-10-27 13:37:00,2023-10-27 13:52:00,2023-10-27 14:28:00,9.7,260,Completed,
T2867,D126,R2149,Mumbai,Andheri,Powai,2023-10-04 14:13:00,2023-10-04 14:20:00,2023-10-04 15:39:00,20.5,544,Completed,
T2868,D285,R2395,Bangalore,Indiranagar,Koramangala,2023-10-25 11:06:00,2023-10-25 11:08:00,2023-10-25 11:40:00,9.8,285,Completed,
T2869,D139,R2466,Mumbai,Juhu,Colaba,2023-10-22 13:45:00,2023-10-22 13:52:00,2023-10-22 14:49:00,19.9,492,Completed,
T2870,D243,R1620,Delhi,Rohini,Dwarka,2023-10-19 10:14:00,2023-10-19 10:17:00,2023-10-19 10:58:00,15.9,335,Completed,
T2871,D201,R2491,Delhi,Connaught Place,Saket,2023-10-01 18:34:00,,,0.0,0.0,Cancelled,Driver Not Found
T2872,D183,R3902,Mumbai,Powai,Juhu,2023-10-08 20:46:00,2023-10-08 20:57:00,2023-10-08 21:26:00,8.2,174,Completed,
T2873,D307,R4745,Mumbai,Bandra,Andheri,2023-10-17 10:14:00,2023-10-17 10:21:00,2023-10-17 10:39:00,5.8,154,Completed,
T2874,D260,R4429,Mumbai,Juhu,Colaba,2023-10-20 15:54:00,2023-10-20 16:00:00,2023-10-20 17:34:00,24.0,436,Completed,
T2875,D243,R1978,Delhi,Connaught Place,Rohini,2023-10-20 04:35:00,2023-10-20 04:46:00,2023-10-20 05:37:00,18.7,476,Completed,
T2876,D149,R2684,Mumbai,Andheri,Juhu,2023-10-23 12:56:00,2023-10-23 13:03:00,2023-10-23 14:18:00,20.8,500,Completed,
T2877,D197,R4986,Delhi,Dwarka,Rohini,2023-10-21 22:43:00,,,0.0,0.0,Cancelled,Driver Cancelled
T2878,D286,R1671,Delhi,Rohini,Saket,2023-10-12 23:51:00,2023-10-12 23:57:00,2023-10-13 00:06:00,3.0,100,Completed,
T2879,D179,R1151,Bangalore,Jayanagar,HSR Layout,2023-10-21 23:12:00,2023-10-21 23:16:00,2023-10-22 00:09:00,17.1,418,Completed,
T2880,D240,R3058,Bangalore,Whitefield,Koramangala,2023-10-14 20:06:00,2023-10-14 20:15:00,2023-10-14 20:37:00,5.8,166,Completed,
T2881,D308,R3811,Delhi,Connaught Place,Rohini,2023-10-06 16:56:00,2023-10-06 17:10:00,2023-10-06 18:19:00,19.0,426,Completed,
T2882,D178,R3466,Mumbai,Colaba,Juhu,2023-10-11 20:26:00,2023-10-11 20:40:00,2023-10-11 21:48:00,23.3,457,Completed,
T2883,D146,R1265,Delhi,Connaught Place,Saket,2023-10-17 10:20:00,2023-10-17 10:23:00,2023-10-17 11:03:00,14.0,350,Completed,
T2884,D347,R4632,Bangalore,HSR Layout,Indiranagar,2023-10-02 17:03:00,2023-10-02 17:16:00,2023-10-02 17:59:00,16.2,307,Completed,
T2885,D206,R4234,Bangalore,HSR Layout,Jayanagar,2023-10-30 11:44:00,2023-10-30 11:49:00,2023-10-30 13:03:00,18.9,356,Completed,
T2886,D276,R3826,Mumbai,Andheri,Colaba,2023-10-03 15:24:00,2023-10-03 15:34:00,2023-10-03 15:55:00,6.1,143,Completed,
T2887,D162,R4945,Delhi,Saket,Rohini,2023-10-17 10:15:00,2023-10-17 10:24:00,2023-10-17 10:56:00,9.5,218,Completed,
T2888,D142,R1339,Mumbai,Bandra,Colaba,2023-10-25 03:50:00,,,0.0,0.0,Cancelled,Driver Cancelled
T2889,D188,R3243,Delhi,Rohini,Connaught Place,2023-10-22 21:13:00,2023-10-22 21:18:00,2023-10-22 21:30:00,3.8,119,Completed,
T2890,D268,R2208,Delhi,Rohini,Saket,2023-10-08 09:20:00,2023-10-08 09:32:00,2023-10-08 09:49:00,6.9,164,Completed,
T2891,D299,R2976,Mumbai,Bandra,Colaba,2023-10-02 08:12:00,2023-10-02 08:17:00,2023-10-02 09:12:00,18.7,334,Completed,
T2892,D350,R1119,Delhi,Connaught Place,Rohini,2023-10-20 22:43:00,2023-10-20 22:47:00,2023-10-20 22:57:00,3.7,125,Completed,
T2893,D268,R3050,Delhi,Vasant Kunj,Saket,2023-10-05 13:43:00,2023-10-05 13:46:00,2023-10-05 14:21:00,10.0,246,Completed,
T2894,D252,R3726,Bangalore,Koramangala,HSR Layout,2023-10-12 06:45:00,2023-10-12 06:53:00,2023-10-12 07:48:00,14.3,284,Completed,
T2895,D144,R3261,Mumbai,Bandra,Andheri,2023-10-24 20:22:00,,,0.0,0.0,Cancelled,Other
T2896,D305,R2845,Delhi,Saket,Rohini,2023-10-24 18:37:00,2023-10-24 18:43:00,2023-10-24 19:53:00,23.9,562,Completed,
T2897,D251,R1350,Bangalore,Koramangala,Indiranagar,2023-10-04 05:28:00,2023-10-04 05:33:00,2023-10-04 06:30:00,19.0,381,Completed,
T2898,D168,R4618,Delhi,Rohini,Saket,2023-10-03 18:10:00,2023-10-03 18:16:00,2023-10-03 19:31:00,24.6,552,Completed,
T2899,D218,R2032,Mumbai,Juhu,Powai,2023-10-11 11:43:00,2023-10-11 11:53:00,2023-10-11 12:31:00,14.9,351,Completed,
T2900,D206,R3930,Bangalore,Koramangala,HSR Layout,2023-10-21 21:43:00,,,0.0,0.0,Cancelled,Driver Cancelled
T2901,D294,R3061,Delhi,Dwarka,Vasant Kunj,2023-10-25 10:50:00,2023-10-25 11:01:00,2023-10-25 11:52:00,13.4,319,Completed,
T2902,D333,R3541,Delhi,Dwarka,Vasant Kunj,2023-10-03 20:38:00,2023-10-03 20:43:00,2023-10-03 21:27:00,14.9,328,Completed,
T2903,D324,R2379,Mumbai,Bandra,Juhu,2023-10-14 20:59:00,,,0.0,0.0,Cancelled,Driver Cancelled
T2904,D118,R4003,Bangalore,Jayanagar,Indiranagar,2023-10-10 17:43:00,2023-10-10 17:55:00,2023-10-10 18:01:00,2.4,106,Completed,
T2905,D191,R1849,Bangalore,Indiranagar,Jayanagar,2023-10-17 01:53:00,2023-10-17 01:55:00,2023-10-17 02:20:00,6.8,154,Completed,
T2906,D339,R1995,Bangalore,Whitefield,Koramangala,2023-10-11 03:54:00,2023-10-11 04:01:00,2023-10-11 04:11:00,3.3,125,Completed,
T2907,D321,R1891,Mumbai,Powai,Colaba,2023-10-02 02:52:00,2023-10-02 02:57:00,2023-10-02 03:29:00,8.2,247,Completed,
T2908,D140,R2397,Mumbai,Juhu,Powai,2023-10-20 01:44:00,2023-10-20 01:53:00,2023-10-20 02:27:00,10.3,209,Completed,
T2909,D232,R3882,Delhi,Vasant Kunj,Saket,2023-10-03 20:20:00,2023-10-03 20:27:00,2023-10-03 21:07:00,15.4,367,Completed,
T2910,D201,R3131,Delhi,Dwarka,Connaught Place,2023-10-01 12:58:00,2023-10-01 13:09:00,2023-10-01 13:34:00,8.1,251,Completed,
T2911,D191,R1747,Bangalore,Indiranagar,Whitefield,2023-10-04 20:45:00,,,0.0,0.0,Cancelled,Other
T2912,D225,R2770,Mumbai,Andheri,Colaba,2023-10-02 15:24:00,,,0.0,0.0,Cancelled,Driver Cancelled
T2913,D188,R2964,Delhi,Dwarka,Connaught Place,2023-10-14 18:00:00,2023-10-14 18:11:00,2023-10-14 18:23:00,4.4,136,Completed,
T2914,D269,R1935,Mumbai,Powai,Bandra,2023-10-19 07:48:00,2023-10-19 07:50:00,2023-10-19 08:20:00,8.0,171,Completed,
T2915,D311,R4157,Bangalore,HSR Layout,Koramangala,2023-10-27 09:41:00,,,0.0,0.0,Cancelled,Driver Not Found
T2916,D210,R3933,Mumbai,Andheri,Colaba,2023-10-06 18:46:00,,,0.0,0.0,Cancelled,Payment Issue
T2917,D128,R3184,Mumbai,Powai,Juhu,2023-10-14 17:40:00,,,0.0,0.0,Cancelled,Rider Cancelled
T2918,D202,R2671,Bangalore,Indiranagar,Koramangala,2023-10-22 03:03:00,,,0.0,0.0,Cancelled,Rider Cancelled
T2919,D322,R4734,Bangalore,HSR Layout,Indiranagar,2023-10-29 17:43:00,2023-10-29 17:51:00,2023-10-29 18:32:00,11.5,247,Completed,
T2920,D211,R2964,Delhi,Dwarka,Vasant Kunj,2023-10-24 21:31:00,2023-10-24 21:42:00,2023-10-24 22:28:00,15.5,321,Completed,
T2921,D127,R1419,Mumbai,Juhu,Andheri,2023-10-26 03:10:00,2023-10-26 03:14:00,2023-10-26 03:39:00,8.8,202,Completed,
T2922,D274,R3167,Delhi,Saket,Connaught Place,2023-10-09 23:05:00,2023-10-09 23:08:00,2023-10-10 00:14:00,18.5,429,Completed,
T2923,D245,R4542,Bangalore,HSR Layout,Indiranagar,2023-10-05 11:46:00,2023-10-05 11:52:00,2023-10-05 12:17:00,9.4,215,Completed,
T2924,D113,R1587,Delhi,Vasant Kunj,Rohini,2023-10-03 17:45:00,2023-10-03 17:59:00,2023-10-03 19:25:00,21.8,504,Completed,
T2925,D255,R1689,Mumbai,Colaba,Andheri,2023-10-26 20:29:00,,,0.0,0.0,Cancelled,Driver Cancelled
T2926,D255,R1966,Mumbai,Bandra,Powai,2023-10-03 01:39:00,,,0.0,0.0,Cancelled,Rider Cancelled
T2927,D328,R3744,Delhi,Dwarka,Saket,2023-10-25 07:48:00,2023-10-25 08:02:00,2023-10-25 08:51:00,12.8,320,Completed,
T2928,D284,R1326,Bangalore,Jayanagar,HSR Layout,2023-10-25 02:14:00,2023-10-25 02:23:00,2023-10-25 02:31:00,2.4,88,Completed,
T2929,D241,R2036,Delhi,Rohini,Dwarka,2023-10-04 14:12:00,,,0.0,0.0,Cancelled,Rider Cancelled
T2930,D110,R3885,Bangalore,Jayanagar,Indiranagar,2023-10-24 19:57:00,2023-10-24 19:59:00,2023-10-24 20:58:00,17.8,460,Completed,
T2931,D348,R2810,Mumbai,Bandra,Powai,2023-10-19 00:20:00,2023-10-19 00:33:00,2023-10-19 01:18:00,12.2,317,Completed,
T2932,D311,R3817,Bangalore,Koramangala,Indiranagar,2023-10-17 04:53:00,2023-10-17 04:55:00,2023-10-17 05:15:00,8.0,229,Completed,
T2933,D348,R3236,Mumbai,Powai,Bandra,2023-10-21 21:16:00,2023-10-21 21:24:00,2023-10-21 21:49:00,9.0,200,Completed,
T2934,D192,R2760,Delhi,Vasant Kunj,Connaught Place,2023-10-21 23:15:00,2023-10-21 23:20:00,2023-10-22 00:16:00,14.9,343,Completed,
T2935,D166,R1951,Delhi,Rohini,Dwarka,2023-10-14 05:45:00,2023-10-14 05:56:00,2023-10-14 06:05:00,3.6,117,Completed,
T2936,D256,R3053,Mumbai,Andheri,Powai,2023-10-14 11:09:00,2023-10-14 11:18:00,2023-10-14 11:56:00,10.9,266,Completed,
T2937,D233,R3464,Delhi,Saket,Dwarka,2023-10-27 05:48:00,2023-10-27 06:00:00,2023-10-27 06:42:00,13.1,370,Completed,
T2938,D235,R4717,Delhi,Dwarka,Connaught Place,2023-10-11 04:54:00,2023-10-11 05:07:00,2023-10-11 05:45:00,13.0,285,Completed,
T2939,D236,R3163,Mumbai,Powai,Bandra,2023-10-19 07:07:00,2023-10-19 07:17:00,2023-10-19 07:49:00,8.1,207,Completed,
T2940,D315,R4426,Mumbai,Colaba,Bandra,2023-10-30 19:43:00,2023-10-30 19:53:00,2023-10-30 21:02:00,22.0,548,Completed,
T2941,D173,R2386,Mumbai,Bandra,Andheri,2023-10-28 07:44:00,2023-10-28 07:47:00,2023-10-28 08:23:00,11.4,293,Completed,
T2942,D119,R4787,Mumbai,Powai,Colaba,2023-10-21 00:26:00,2023-10-21 00:31:00,2023-10-21 00:55:00,9.4,232,Completed,
T2943,D331,R3862,Bangalore,Whitefield,HSR Layout,2023-10-04 14:22:00,,,0.0,0.0,Cancelled,Driver Cancelled
T2944,D273,R2396,Delhi,Connaught Place,Vasant Kunj,2023-10-26 06:16:00,,,0.0,0.0,Cancelled,Other
T2945,D116,R2145,Bangalore,Jayanagar,HSR Layout,2023-10-03 02:02:00,2023-10-03 02:12:00,2023-10-03 02:48:00,12.3,334,Completed,
T2946,D111,R1257,Delhi,Vasant Kunj,Dwarka,2023-10-09 15:29:00,,,0.0,0.0,Cancelled,Other
T2947,D350,R2063,Delhi,Rohini,Connaught Place,2023-10-30 04:09:00,,,0.0,0.0,Cancelled,Driver Cancelled
T2948,D157,R4254,Bangalore,Indiranagar,Jayanagar,2023-10-25 18:33:00,2023-10-25 18:48:00,2023-10-25 19:42:00,16.0,394,Completed,
T2949,D226,R3234,Delhi,Saket,Vasant Kunj,2023-10-11 02:18:00,2023-10-11 02:32:00,2023-10-11 03:43:00,20.9,518,Completed,
T2950,D159,R1787,Delhi,Connaught Place,Saket,2023-10-22 13:04:00,2023-10-22 13:08:00,2023-10-22 14:37:00,23.5,584,Completed,
T2951,D347,R4488,Bangalore,HSR Layout,Koramangala,2023-10-09 18:10:00,2023-10-09 18:20:00,2023-10-09 19:07:00,16.9,437,Completed,
T2952,D171,R2284,Delhi,Connaught Place,Rohini,2023-10-20 04:17:00,2023-10-20 04:32:00,2023-10-20 04:54:00,8.4,248,Completed,
T2953,D246,R1047,Bangalore,HSR Layout,Indiranagar,2023-10-25 08:39:00,2023-10-25 08:51:00,2023-10-25 09:12:00,7.7,186,Completed,
T2954,D107,R4660,Mumbai,Bandra,Colaba,2023-10-08 08:37:00,2023-10-08 08:51:00,2023-10-08 10:06:00,22.3,504,Completed,
T2955,D296,R1267,Bangalore,Indiranagar,HSR Layout,2023-10-20 23:22:00,2023-10-20 23:34:00,2023-10-21 00:13:00,11.3,274,Completed,
T2956,D322,R4403,Bangalore,Jayanagar,Whitefield,2023-10-22 05:15:00,2023-10-22 05:20:00,2023-10-22 06:34:00,22.3,552,Completed,
T2957,D298,R1063,Mumbai,Andheri,Powai,2023-10-05 16:04:00,2023-10-05 16:07:00,2023-10-05 16:31:00,6.5,163,Completed,
T2958,D251,R3032,Bangalore,HSR Layout,Whitefield,2023-10-23 15:04:00,2023-10-23 15:06:00,2023-10-23 15:40:00,11.6,294,Completed,
T2959,D171,R1322,Delhi,Vasant Kunj,Connaught Place,2023-10-11 15:43:00,2023-10-11 15:56:00,2023-10-11 16:19:00,6.0,164,Completed,
T2960,D316,R2477,Bangalore,Jayanagar,HSR Layout,2023-10-03 16:58:00,2023-10-03 17:05:00,2023-10-03 18:43:00,24.9,502,Completed,
T2961,D206,R2226,Bangalore,Whitefield,Jayanagar,2023-10-19 04:56:00,2023-10-19 05:00:00,2023-10-19 05:27:00,9.8,248,Completed,
T2962,D260,R2883,Mumbai,Powai,Juhu,2023-10-26 07:15:00,2023-10-26 07:26:00,2023-10-26 07:50:00,7.5,221,Completed,
T2963,D122,R1314,Bangalore,Jayanagar,Koramangala,2023-10-30 04:00:00,2023-10-30 04:14:00,2023-10-30 04:41:00,6.8,203,Completed,
T2964,D298,R1837,Mumbai,Juhu,Colaba,2023-10-25 16:58:00,2023-10-25 17:06:00,2023-10-25 17:24:00,5.0,147,Completed,
T2965,D214,R2834,Mumbai,Juhu,Andheri,2023-10-02 21:49:00,2023-10-02 21:54:00,2023-10-02 22:01:00,2.5,92,Completed,
T2966,D230,R3257,Bangalore,HSR Layout,Koramangala,2023-10-15 03:55:00,2023-10-15 04:08:00,2023-10-15 05:25:00,22.1,596,Completed,
T2967,D259,R1046,Mumbai,Colaba,Juhu,2023-10-25 12:38:00,2023-10-25 12:52:00,2023-10-25 13:08:00,5.6,164,Completed,
T2968,D238,R3196,Delhi,Connaught Place,Saket,2023-10-06 10:08:00,2023-10-06 10:19:00,2023-10-06 10:42:00,6.0,150,Completed,
T2969,D259,R2827,Mumbai,Powai,Colaba,2023-10-30 10:41:00,2023-10-30 10:43:00,2023-10-30 11:34:00,17.0,395,Completed,
T2970,D270,R2729,Bangalore,Koramangala,Whitefield,2023-10-28 07:16:00,2023-10-28 07:25:00,2023-10-28 07:58:00,8.8,250,Completed,
T2971,D111,R3288,Delhi,Rohini,Connaught Place,2023-10-14 08:18:00,2023-10-14 08:25:00,2023-10-14 09:05:00,11.9,283,Completed,
T2972,D226,R4416,Delhi,Saket,Vasant Kunj,2023-10-12 13:41:00,2023-10-12 13:45:00,2023-10-12 14:49:00,17.1,416,Completed,
T2973,D229,R1520,Delhi,Rohini,Connaught Place,2023-10-10 05:42:00,2023-10-10 05:52:00,2023-10-10 06:26:00,10.0,249,Completed,
T2974,D177,R2895,Mumbai,Colaba,Powai,2023-10-18 13:36:00,2023-10-18 13:42:00,2023-10-18 14:44:00,21.0,501,Completed,
T2975,D198,R3964,Delhi,Vasant Kunj,Connaught Place,2023-10-25 16:47:00,2023-10-25 16:56:00,2023-10-25 17:13:00,5.0,155,Completed,
T2976,D199,R1513,Bangalore,Indiranagar,Jayanagar,2023-10-29 12:57:00,2023-10-29 13:00:00,2023-10-29 13:58:00,15.0,424,Completed,
T2977,D327,R1758,Bangalore,HSR Layout,Koramangala,2023-10-13 16:57:00,2023-10-13 17:04:00,2023-10-13 17:21:00,6.0,189,Completed,
T2978,D327,R4788,Bangalore,Jayanagar,HSR Layout,2023-10-04 10:32:00,,,0.0,0.0,Cancelled,Rider Cancelled
T2979,D274,R4022,Delhi,Saket,Connaught Place,2023-10-04 03:18:00,2023-10-04 03:31:00,2023-10-04 04:57:00,22.0,476,Completed,
T2980,D230,R2236,Bangalore,Jayanagar,Koramangala,2023-10-15 23:05:00,2023-10-15 23:13:00,2023-10-15 23:30:00,6.8,188,Completed,
T2981,D302,R3099,Bangalore,Indiranagar,Koramangala,2023-10-30 08:07:00,2023-10-30 08:10:00,2023-10-30 08:30:00,6.4,203,Completed,
T2982,D163,R4727,Mumbai,Bandra,Powai,2023-10-22 02:37:00,,,0.0,0.0,Cancelled,Rider Cancelled
T2983,D348,R2881,Mumbai,Bandra,Juhu,2023-10-11 03:52:00,2023-10-11 04:06:00,2023-10-11 04:58:00,19.1,430,Completed,
T2984,D265,R4938,Mumbai,Powai,Juhu,2023-10-09 04:35:00,2023-10-09 04:44:00,2023-10-09 05:36:00,16.3,457,Completed,
T2985,D250,R4379,Mumbai,Powai,Colaba,2023-10-12 13:16:00,2023-10-12 13:27:00,2023-10-12 14:29:00,20.6,418,Completed,
T2986,D224,R3892,Mumbai,Powai,Andheri,2023-10-22 06:41:00,2023-10-22 06:52:00,2023-10-22 07:52:00,22.0,461,Completed,
T2987,D191,R1368,Bangalore,Whitefield,Indiranagar,2023-10-14 02:34:00,2023-10-14 02:49:00,2023-10-14 03:34:00,16.2,331,Completed,
T2988,D102,R4319,Bangalore,Koramangala,HSR Layout,2023-10-11 18:16:00,2023-10-11 18:29:00,2023-10-11 18:35:00,2.6,92,Completed,
T2989,D182,R2771,Bangalore,HSR Layout,Indiranagar,2023-10-20 17:58:00,2023-10-20 18:01:00,2023-10-20 18:25:00,9.5,277,Completed,
T2990,D234,R4450,Delhi,Rohini,Dwarka,2023-10-14 11:09:00,2023-10-14 11:12:00,2023-10-14 12:01:00,15.8,406,Completed,
T2991,D108,R4975,Delhi,Rohini,Vasant Kunj,2023-10-15 16:15:00,2023-10-15 16:21:00,2023-10-15 16:51:00,10.4,281,Completed,
T2992,D317,R1732,Delhi,Saket,Vasant Kunj,2023-10-15 19:26:00,2023-10-15 19:35:00,2023-10-15 20:37:00,19.3,395,Completed,
T2993,D106,R2334,Delhi,Dwarka,Saket,2023-10-28 22:59:00,2023-10-28 23:12:00,2023-10-28 23:47:00,10.1,264,Completed,
T2994,D243,R2506,Delhi,Saket,Dwarka,2023-10-02 17:09:00,2023-10-02 17:16:00,2023-10-02 17:53:00,15.1,318,Completed,
T2995,D278,R2918,Delhi,Rohini,Vasant Kunj,2023-10-05 04:14:00,2023-10-05 04:19:00,2023-10-05 05:39:00,24.1,431,Completed,
T2996,D268,R1729,Delhi,Dwarka,Vasant Kunj,2023-10-28 18:27:00,2023-10-28 18:36:00,2023-10-28 19:46:00,20.7,542,Completed,
T2997,D336,R2376,Delhi,Vasant Kunj,Saket,2023-10-02 09:06:00,2023-10-02 09:10:00,2023-10-02 09:28:00,4.7,150,Completed,
T2998,D322,R1581,Bangalore,Jayanagar,HSR Layout,2023-10-23 03:20:00,2023-10-23 03:33:00,2023-10-23 04:32:00,19.4,374,Completed,
T2999,D316,R2528,Bangalore,Whitefield,Jayanagar,2023-10-16 00:13:00,2023-10-16 00:18:00,2023-10-16 01:46:00,23.1,541,Completed,
T3000,D283,R3380,Bangalore,Whitefield,Koramangala,2023-10-28 14:54:00,,2023-10-28 15:20:00,7.1,5000.0,Completed,
T3001,D126,R2064,Mumbai,Bandra,Colaba,2023-10-10 02:50:00,2023-10-10 02:52:00,2023-10-10 03:43:00,15.1,377,Completed,
T3002,D113,R4074,Delhi,Vasant Kunj,Dwarka,2023-10-08 03:02:00,,,0.0,0.0,Cancelled,Rider Cancelled
T3003,D234,R4439,Delhi,Saket,Connaught Place,2023-10-07 04:27:00,2023-10-07 04:30:00,2023-10-07 05:28:00,22.5,488,Completed,
T3004,D238,R2751,Delhi,Rohini,Saket,2023-10-29 13:12:00,2023-10-29 13:18:00,2023-10-29 13:49:00,8.0,240,Completed,
T3005,D199,R3479,Bangalore,HSR Layout,Whitefield,2023-10-07 12:57:00,,,0.0,0.0,Cancelled,Driver Not Found
T3006,D334,R1671,Mumbai,Bandra,Juhu,2023-10-02 07:36:00,2023-10-02 07:51:00,2023-10-02 08:25:00,10.1,296,Completed,
T3007,D209,R4715,Bangalore,Koramangala,HSR Layout,2023-10-12 00:06:00,2023-10-12 00:14:00,2023-10-12 00:49:00,14.0,284,Completed,
T3008,D313,R1555,Delhi,Connaught Place,Saket,2023-10-01 11:48:00,2023-10-01 11:54:00,2023-10-01 12:15:00,8.7,229,Completed,
T3009,D164,R4302,Mumbai,Colaba,Andheri,2023-10-25 21:16:00,2023-10-25 21:25:00,2023-10-25 22:15:00,19.9,415,Completed,
T3010,D207,R1510,Delhi,Connaught Place,Saket,2023-10-10 23:53:00,2023-10-10 23:58:00,2023-10-11 01:08:00,22.1,593,Completed,
T3011,D307,R1857,Mumbai,Colaba,Juhu,2023-10-01 00:29:00,2023-10-01 00:34:00,2023-10-01 00:58:00,6.7,182,Completed,
T3012,D310,R2563,Delhi,Dwarka,Saket,2023-10-01 05:30:00,2023-10-01 05:39:00,2023-10-01 05:56:00,5.4,142,Completed,
T3013,D179,R1394,Bangalore,Jayanagar,HSR Layout,2023-10-15 15:17:00,2023-10-15 15:26:00,2023-10-15 16:51:00,23.1,532,Completed,
T3014,D253,R4450,Bangalore,Koramangala,Jayanagar,2023-10-19 18:23:00,2023-10-19 18:29:00,2023-10-19 19:29:00,18.3,506,Completed,
T3015,D129,R4662,Delhi,Rohini,Saket,2023-10-22 15:30:00,2023-10-22 15:37:00,2023-10-22 15:59:00,7.3,212,Completed,
T3016,D280,R4808,Mumbai,Andheri,Powai,2023-10-16 21:00:00,2023-10-16 21:04:00,2023-10-16 21:18:00,4.4,148,Completed,
T3017,D255,R4381,Mumbai,Juhu,Colaba,2023-10-22 03:01:00,2023-10-22 03:13:00,2023-10-22 03:32:00,7.2,159,Completed,
T3018,D108,R2701,Delhi,Connaught Place,Saket,2023-10-11 11:26:00,2023-10-11 11:40:00,2023-10-11 12:06:00,7.5,203,Completed,
T3019,D272,R4941,Bangalore,HSR Layout,Indiranagar,2023-10-28 18:25:00,2023-10-28 18:40:00,2023-10-28 19:55:00,19.1,455,Completed,
T3020,D327,R4341,Bangalore,Jayanagar,Koramangala,2023-10-19 06:31:00,2023-10-19 06:38:00,2023-10-19 07:49:00,19.0,522,Completed,
T3021,D254,R1507,Bangalore,Whitefield,Koramangala,2023-10-30 09:56:00,2023-10-30 10:07:00,2023-10-30 10:21:00,5.7,141,Completed,
T3022,D224,R1329,Mumbai,Colaba,Bandra,2023-10-19 11:35:00,2023-10-19 11:37:00,2023-10-19 12:53:00,22.5,602,Completed,
T3023,D200,R4484,Mumbai,Juhu,Colaba,2023-10-21 10:04:00,2023-10-21 10:15:00,2023-10-21 11:11:00,16.8,302,Completed,
T3024,D182,R4072,Bangalore,Whitefield,HSR Layout,2023-10-07 11:06:00,2023-10-07 11:20:00,2023-10-07 11:52:00,11.1,283,Completed,
T3025,D278,R3971,Delhi,Saket,Rohini,2023-10-18 03:02:00,2023-10-18 03:04:00,2023-10-18 03:56:00,19.2,446,Completed,
T3026,D247,R3921,Bangalore,Whitefield,Koramangala,2023-10-05 02:37:00,2023-10-05 02:46:00,2023-10-05 03:33:00,13.9,322,Completed,
T3027,D327,R1935,Bangalore,Koramangala,Indiranagar,2023-10-06 17:49:00,2023-10-06 18:01:00,2023-10-06 18:59:00,14.7,411,Completed,
T3028,D150,R2808,Mumbai,Colaba,Andheri,2023-10-08 14:01:00,2023-10-08 14:03:00,2023-10-08 15:04:00,22.5,492,Completed,
T3029,D148,R3470,Bangalore,Jayanagar,Indiranagar,2023-10-06 08:41:00,2023-10-06 08:46:00,2023-10-06 09:20:00,12.0,294,Completed,
T3030,D231,R1741,Mumbai,Andheri,Colaba,2023-10-30 01:58:00,2023-10-30 02:08:00,2023-10-30 03:20:00,22.9,441,Completed,
T3031,D337,R3146,Delhi,Rohini,Vasant Kunj,2023-10-22 04:57:00,2023-10-22 05:03:00,2023-10-22 05:35:00,8.4,207,Completed,
T3032,D192,R4269,Delhi,Dwarka,Vasant Kunj,2023-10-06 10:51:00,,,0.0,0.0,Cancelled,Other
T3033,D197,R2040,Delhi,Dwarka,Vasant Kunj,2023-10-29 09:03:00,,,0.0,0.0,Cancelled,Payment Issue
T3034,D219,R2427,Bangalore,HSR Layout,Koramangala,2023-10-19 23:31:00,,,0.0,0.0,Cancelled,Driver Cancelled
T3035,D234,R1353,Delhi,Vasant Kunj,Dwarka,2023-10-01 11:26:00,2023-10-01 11:36:00,2023-10-01 11:46:00,3.8,141,Completed,
T3036,D213,R1681,Mumbai,Andheri,Powai,2023-10-01 21:45:00,,,0.0,0.0,Cancelled,Payment Issue
T3037,D101,R4817,Delhi,Rohini,Vasant Kunj,2023-10-22 11:13:00,2023-10-22 11:17:00,2023-10-22 12:26:00,22.7,435,Completed,
T3038,D248,R1427,Bangalore,Koramangala,Whitefield,2023-10-15 00:19:00,2023-10-15 00:23:00,2023-10-15 01:28:00,18.2,430,Completed,
T3039,D126,R4228,Mumbai,Andheri,Powai,2023-10-27 09:46:00,2023-10-27 09:54:00,2023-10-27 10:59:00,22.5,578,Completed,
T3040,D103,R4310,Mumbai,Juhu,Colaba,2023-10-19 21:26:00,2023-10-19 21:28:00,2023-10-19 22:46:00,24.5,552,Completed,
T3041,D219,R4271,Bangalore,Whitefield,Koramangala,2023-10-22 09:08:00,2023-10-22 09:10:00,2023-10-22 09:50:00,14.2,293,Completed,
T3042,D183,R4162,Mumbai,Juhu,Powai,2023-10-18 00:51:00,2023-10-18 01:04:00,2023-10-18 01:47:00,13.7,285,Completed,
T3043,D277,R2815,Mumbai,Andheri,Colaba,2023-10-12 06:20:00,2023-10-12 06:23:00,2023-10-12 07:36:00,19.7,502,Completed,
T3044,D105,R1911,Bangalore,HSR Layout,Whitefield,2023-10-21 22:38:00,,,0.0,0.0,Cancelled,Rider Cancelled
T3045,D161,R4937,Bangalore,Indiranagar,Whitefield,2023-10-29 09:30:00,2023-10-29 09:38:00,2023-10-29 10:15:00,13.2,280,Completed,
T3046,D256,R3266,Mumbai,Powai,Colaba,2023-10-01 23:38:00,2023-10-01 23:49:00,2023-10-02 00:09:00,5.7,166,Completed,
T3047,D324,R4664,Mumbai,Colaba,Bandra,2023-10-17 12:26:00,2023-10-17 12:38:00,2023-10-17 12:45:00,2.9,118,Completed,
T3048,D230,R2752,Bangalore,Jayanagar,Whitefield,2023-10-24 23:16:00,2023-10-24 23:29:00,2023-10-25 00:18:00,13.1,268,Completed,
T3049,D246,R4901,Bangalore,Whitefield,Jayanagar,2023-10-02 00:35:00,2023-10-02 00:41:00,2023-10-02 01:36:00,14.0,385,Completed,
T3050,D180,R3072,Bangalore,Jayanagar,Indiranagar,2023-10-18 04:30:00,2023-10-18 04:42:00,2023-10-18 05:11:00,10.1,216,Completed,
T3051,D157,R3459,Bangalore,Indiranagar,HSR Layout,2023-10-23 00:51:00,2023-10-23 00:54:00,2023-10-23 01:33:00,12.0,294,Completed,
T3052,D171,R4537,Delhi,Rohini,Dwarka,2023-10-17 16:38:00,2023-10-17 16:48:00,2023-10-17 18:08:00,20.7,508,Completed,
T3053,D225,R3868,Mumbai,Juhu,Powai,2023-10-06 20:35:00,2023-10-06 20:37:00,2023-10-06 21:05:00,7.9,184,Completed,
T3054,D109,R4775,Delhi,Rohini,Connaught Place,2023-10-23 08:05:00,2023-10-23 08:07:00,2023-10-23 08:47:00,15.2,338,Completed,
T3055,D271,R2133,Delhi,Vasant Kunj,Connaught Place,2023-10-03 19:49:00,,,0.0,0.0,Cancelled,Payment Issue
T3056,D263,R1079,Delhi,Saket,Connaught Place,2023-10-25 23:01:00,2023-10-25 23:13:00,2023-10-26 00:24:00,20.7,418,Completed,
T3057,D291,R1607,Bangalore,HSR Layout,Koramangala,2023-10-03 13:13:00,2023-10-03 13:18:00,2023-10-03 13:29:00,4.0,147,Completed,
T3058,D151,R1431,Delhi,Connaught Place,Saket,2023-10-04 18:05:00,2023-10-04 18:18:00,2023-10-04 19:12:00,16.9,305,Completed,
T3059,D191,R3614,Bangalore,Indiranagar,Koramangala,2023-10-18 20:16:00,2023-10-18 20:29:00,2023-10-18 20:43:00,5.3,156,Completed,
T3060,D177,R3482,Mumbai,Andheri,Bandra,2023-10-04 03:00:00,2023-10-04 03:07:00,2023-10-04 03:43:00,11.1,321,Completed,
T3061,D145,R1161,Delhi,Rohini,Saket,2023-10-16 05:51:00,2023-10-16 05:53:00,2023-10-16 06:49:00,18.9,372,Completed,
T3062,D131,R1590,Delhi,Connaught Place,Saket,2023-10-21 13:39:00,2023-10-21 13:54:00,2023-10-21 14:27:00,13.2,314,Completed,
T3063,D211,R1219,Delhi,Saket,Vasant Kunj,2023-10-30 12:46:00,2023-10-30 13:00:00,2023-10-30 14:17:00,24.2,607,Completed,
T3064,D233,R2360,Delhi,Connaught Place,Dwarka,2023-10-30 19:31:00,,,0.0,0.0,Cancelled,Driver Cancelled
T3065,D259,R3425,Mumbai,Bandra,Powai,2023-10-30 05:21:00,2023-10-30 05:32:00,2023-10-30 06:37:00,19.5,508,Completed,
T3066,D341,R3657,Delhi,Rohini,Saket,2023-10-06 20:27:00,2023-10-06 20:32:00,2023-10-06 21:02:00,8.6,228,Completed,
T3067,D173,R3060,Mumbai,Andheri,Bandra,2023-10-01 09:26:00,2023-10-01 09:32:00,2023-10-01 09:51:00,4.9,161,Completed,
T3068,D189,R3224,Delhi,Rohini,Dwarka,2023-10-08 08:53:00,2023-10-08 08:59:00,2023-10-08 09:37:00,10.9,215,Completed,
T3069,D299,R4728,Mumbai,Juhu,Bandra,2023-10-03 19:50:00,,,0.0,0.0,Cancelled,Other
T3070,D303,R2705,Delhi,Saket,Rohini,2023-10-26 09:31:00,2023-10-26 09:44:00,2023-10-26 10:04:00,6.5,175,Completed,
T3071,D244,R4559,Mumbai,Powai,Colaba,2023-10-09 21:19:00,2023-10-09 21:23:00,2023-10-09 22:33:00,21.8,507,Completed,
T3072,D286,R3067,Delhi,Dwarka,Vasant Kunj,2023-10-30 17:49:00,2023-10-30 18:00:00,2023-10-30 19:11:00,23.7,612,Completed,
T3073,D249,R3378,Bangalore,Indiranagar,Whitefield,2023-10-05 18:59:00,2023-10-05 19:06:00,2023-10-05 20:30:00,23.7,581,Completed,
T3074,D342,R3226,Delhi,Connaught Place,Saket,2023-10-23 13:18:00,2023-10-23 13:31:00,2023-10-23 14:00:00,11.2,300,Completed,
T3075,D173,R3009,Mumbai,Bandra,Colaba,2023-10-13 10:59:00,2023-10-13 11:08:00,2023-10-13 12:37:00,23.5,439,Completed,
T3076,D237,R3886,Bangalore,Whitefield,Koramangala,2023-10-01 03:21:00,2023-10-01 03:26:00,2023-10-01 03:52:00,9.8,198,Completed,
T3077,D216,R2749,Mumbai,Andheri,Bandra,2023-10-21 15:45:00,2023-10-21 15:59:00,2023-10-21 16:09:00,2.7,115,Completed,
T3078,D159,R1797,Delhi,Saket,Dwarka,2023-10-10 19:12:00,,,0.0,0.0,Cancelled,Payment Issue
T3079,D213,R1115,Mumbai,Colaba,Juhu,2023-10-25 23:20:00,2023-10-25 23:32:00,2023-10-26 00:26:00,17.1,419,Completed,
T3080,D235,R4425,Delhi,Dwarka,Saket,2023-10-14 18:07:00,2023-10-14 18:09:00,2023-10-14 18:39:00,8.7,223,Completed,
T3081,D317,R2536,Delhi,Connaught Place,Saket,2023-10-19 19:24:00,2023-10-19 19:27:00,2023-10-19 20:53:00,24.2,424,Completed,
T3082,D102,R3823,Bangalore,Jayanagar,HSR Layout,2023-10-19 07:08:00,2023-10-19 07:20:00,2023-10-19 08:17:00,16.6,429,Completed,
T3083,D114,R3837,Bangalore,Koramangala,Whitefield,2023-10-22 01:39:00,2023-10-22 01:47:00,2023-10-22 02:54:00,18.1,355,Completed,
T3084,D158,R4543,Bangalore,Indiranagar,Koramangala,2023-10-26 14:17:00,2023-10-26 14:29:00,2023-10-26 15:30:00,20.7,406,Completed,
T3085,D250,R1264,Mumbai,Colaba,Andheri,2023-10-16 19:54:00,2023-10-16 20:09:00,2023-10-16 21:10:00,18.2,383,Completed,
T3086,D272,R1547,Bangalore,Jayanagar,Koramangala,2023-10-15 16:04:00,2023-10-15 16:09:00,2023-10-15 16:19:00,2.9,94,Completed,
T3087,D178,R4813,Mumbai,Bandra,Andheri,2023-10-22 10:58:00,2023-10-22 11:12:00,2023-10-22 12:29:00,21.4,551,Completed,
T3088,D153,R4900,Mumbai,Juhu,Colaba,2023-10-26 18:18:00,2023-10-26 18:31:00,2023-10-26 19:53:00,21.6,585,Completed,
T3089,D210,R4966,Mumbai,Juhu,Bandra,2023-10-22 22:12:00,2023-10-22 22:25:00,2023-10-22 23:03:00,14.1,399,Completed,
T3090,D340,R2898,Mumbai,Bandra,Andheri,2023-10-23 20:44:00,2023-10-23 20:55:00,2023-10-23 21:13:00,5.3,134,Completed,
T3091,D218,R4943,Mumbai,Juhu,Colaba,2023-10-05 11:59:00,2023-10-05 12:01:00,2023-10-05 12:26:00,8.2,253,Completed,
T3092,D114,R1036,Bangalore,Indiranagar,Whitefield,2023-10-09 21:40:00,2023-10-09 21:55:00,2023-10-09 22:18:00,5.9,152,Completed,
T3093,D160,R3898,Delhi,Dwarka,Connaught Place,2023-10-16 01:36:00,2023-10-16 01:40:00,2023-10-16 02:43:00,21.9,392,Completed,
T3094,D263,R1866,Delhi,Connaught Place,Vasant Kunj,2023-10-20 02:58:00,2023-10-20 03:01:00,2023-10-20 04:05:00,20.3,547,Completed,
T3095,D114,R1756,Bangalore,Koramangala,Jayanagar,2023-10-13 10:28:00,2023-10-13 10:39:00,2023-10-13 11:23:00,13.6,356,Completed,
T3096,D338,R1923,Delhi,Connaught Place,Vasant Kunj,2023-10-02 13:53:00,2023-10-02 14:01:00,2023-10-02 14:27:00,7.8,167,Completed,
T3097,D243,R1811,Delhi,Connaught Place,Dwarka,2023-10-04 00:47:00,,,0.0,0.0,Cancelled,Driver Cancelled
T3098,D346,R1999,Bangalore,Jayanagar,HSR Layout,2023-10-07 16:38:00,2023-10-07 16:40:00,2023-10-07 17:46:00,17.2,420,Completed,
T3099,D264,R4073,Mumbai,Juhu,Andheri,2023-10-17 02:59:00,2023-10-17 03:07:00,2023-10-17 03:44:00,10.4,210,Completed,
T3100,D174,R1035,Mumbai,Andheri,Bandra,2023-10-27 23:59:00,,,0.0,0.0,Cancelled,Rider Cancelled
T3101,D178,R3201,Mumbai,Colaba,Juhu,2023-10-16 06:43:00,2023-10-16 06:47:00,2023-10-16 07:40:00,16.9,422,Completed,
T3102,D198,R2646,Delhi,Saket,Connaught Place,2023-10-01 11:41:00,2023-10-01 11:50:00,2023-10-01 12:15:00,8.0,206,Completed,
T3103,D292,R4658,Bangalore,Jayanagar,Koramangala,2023-10-05 06:32:00,2023-10-05 06:43:00,2023-10-05 07:32:00,17.3,372,Completed,
T3104,D111,R2195,Delhi,Connaught Place,Rohini,2023-10-02 11:14:00,2023-10-02 11:26:00,2023-10-02 12:12:00,14.2,333,Completed,
T3105,D257,R4073,Delhi,Rohini,Connaught Place,2023-10-18 01:03:00,2023-10-18 01:12:00,2023-10-18 01:40:00,8.1,191,Completed,
T3106,D241,R4457,Delhi,Dwarka,Connaught Place,2023-10-14 01:11:00,,,0.0,0.0,Cancelled,Rider Cancelled
T3107,D135,R2764,Mumbai,Bandra,Andheri,2023-10-26 01:01:00,2023-10-26 01:14:00,2023-10-26 01:23:00,2.8,116,Completed,
T3108,D239,R4962,Delhi,Vasant Kunj,Dwarka,2023-10-05 10:19:00,2023-10-05 10:28:00,2023-10-05 11:16:00,15.3,406,Completed,
T3109,D113,R1128,Delhi,Dwarka,Rohini,2023-10-03 11:26:00,,,0.0,0.0,Cancelled,Driver Cancelled
T3110,D244,R4297,Mumbai,Powai,Bandra,2023-10-03 13:37:00,,,0.0,0.0,Cancelled,Driver Not Found
T3111,D150,R1601,Mumbai,Powai,Andheri,2023-10-01 03:13:00,2023-10-01 03:23:00,2023-10-01 04:31:00,24.2,461,Completed,
T3112,D323,R4487,Bangalore,Jayanagar,Whitefield,2023-10-03 11:40:00,2023-10-03 11:48:00,2023-10-03 12:17:00,8.2,226,Completed,
T3113,D344,R1116,Mumbai,Andheri,Powai,2023-10-17 18:53:00,2023-10-17 19:05:00,2023-10-17 20:02:00,19.2,406,Completed,
T3114,D312,R4562,Delhi,Saket,Dwarka,2023-10-19 00:21:00,2023-10-19 00:30:00,2023-10-19 00:39:00,3.0,120,Completed,
T3115,D232,R1519,Delhi,Dwarka,Vasant Kunj,2023-10-14 21:09:00,2023-10-14 21:20:00,2023-10-14 22:22:00,15.6,422,Completed,
T3116,D133,R3739,Bangalore,HSR Layout,Indiranagar,2023-10-12 19:25:00,2023-10-12 19:37:00,2023-10-12 20:41:00,17.6,352,Completed,
T3117,D184,R4423,Mumbai,Powai,Colaba,2023-10-08 08:33:00,2023-10-08 08:37:00,2023-10-08 09:03:00,6.7,174,Completed,
T3118,D279,R2154,Bangalore,Indiranagar,Whitefield,2023-10-10 17:53:00,2023-10-10 18:07:00,2023-10-10 18:46:00,11.9,254,Completed,
T3119,D232,R1667,Delhi,Vasant Kunj,Rohini,2023-10-24 16:39:00,2023-10-24 16:52:00,2023-10-24 17:12:00,6.3,174,Completed,
T3120,D101,R2259,Delhi,Saket,Connaught Place,2023-10-15 05:09:00,2023-10-15 05:15:00,2023-10-15 05:39:00,9.4,217,Completed,
T3121,D139,R1574,Mumbai,Colaba,Juhu,2023-10-28 05:57:00,2023-10-28 06:09:00,2023-10-28 07:17:00,17.5,339,Completed,
T3122,D318,R3541,Bangalore,Koramangala,Jayanagar,2023-10-09 02:24:00,2023-10-09 02:39:00,2023-10-09 02:51:00,3.2,102,Completed,
T3123,D273,R1837,Delhi,Saket,Connaught Place,2023-10-23 04:08:00,2023-10-23 04:21:00,2023-10-23 05:03:00,13.0,245,Completed,
T3124,D255,R2424,Mumbai,Powai,Juhu,2023-10-16 02:44:00,2023-10-16 02:50:00,2023-10-16 03:15:00,8.8,248,Completed,
T3125,D346,R4741,Bangalore,HSR Layout,Jayanagar,2023-10-29 06:17:00,2023-10-29 06:27:00,2023-10-29 07:49:00,22.1,448,Completed,
T3126,D290,R4041,Bangalore,HSR Layout,Koramangala,2023-10-26 09:55:00,2023-10-26 09:59:00,2023-10-26 10:33:00,12.5,250,Completed,
T3127,D343,R3361,Mumbai,Andheri,Colaba,2023-10-11 03:08:00,2023-10-11 03:21:00,2023-10-11 04:49:00,24.6,467,Completed,
T3128,D319,R1997,Mumbai,Colaba,Bandra,2023-10-18 18:12:00,,,0.0,0.0,Cancelled,Driver Not Found
T3129,D254,R2569,Bangalore,Whitefield,Jayanagar,2023-10-17 09:08:00,2023-10-17 09:22:00,2023-10-17 10:18:00,19.2,361,Completed,
T3130,D299,R4777,Mumbai,Powai,Juhu,2023-10-30 07:02:00,2023-10-30 07:07:00,2023-10-30 07:22:00,6.1,165,Completed,
T3131,D114,R4093,Bangalore,HSR Layout,Jayanagar,2023-10-15 06:38:00,2023-10-15 06:50:00,2023-10-15 07:48:00,15.4,411,Completed,
T3132,D157,R3444,Bangalore,Jayanagar,Koramangala,2023-10-01 01:30:00,2023-10-01 01:43:00,2023-10-01 01:53:00,3.4,128,Completed,
T3133,D195,R2128,Delhi,Rohini,Dwarka,2023-10-05 02:53:00,2023-10-05 03:06:00,2023-10-05 04:15:00,18.1,479,Completed,
T3134,D245,R3993,Bangalore,Jayanagar,HSR Layout,2023-10-23 19:00:00,2023-10-23 19:05:00,2023-10-23 19:26:00,6.5,148,Completed,
T3135,D246,R1817,Bangalore,Whitefield,Jayanagar,2023-10-05 01:23:00,2023-10-05 01:33:00,2023-10-05 02:28:00,19.8,501,Completed,
T3136,D332,R2969,Mumbai,Andheri,Juhu,2023-10-24 13:00:00,2023-10-24 13:06:00,2023-10-24 13:31:00,8.7,237,Completed,
T3137,D125,R2481,Delhi,Vasant Kunj,Connaught Place,2023-10-25 19:58:00,,,0.0,0.0,Cancelled,Rider Cancelled
T3138,D330,R3812,Delhi,Vasant Kunj,Saket,2023-10-21 08:25:00,2023-10-21 08:37:00,2023-10-21 10:00:00,24.0,649,Completed,
T3139,D267,R4537,Bangalore,HSR Layout,Koramangala,2023-10-01 14:26:00,2023-10-01 14:29:00,2023-10-01 15:05:00,10.0,284,Completed,
T3140,D156,R1653,Delhi,Dwarka,Vasant Kunj,2023-10-06 23:31:00,2023-10-06 23:33:00,2023-10-06 23:46:00,4.0,138,Completed,
T3141,D232,R4694,Delhi,Connaught Place,Saket,2023-10-20 06:56:00,2023-10-20 07:09:00,2023-10-20 08:22:00,22.8,422,Completed,
T3142,D137,R1344,Delhi,Dwarka,Vasant Kunj,2023-10-04 05:42:00,2023-10-04 05:50:00,2023-10-04 06:06:00,5.8,184,Completed,
T3143,D340,R2863,Mumbai,Andheri,Powai,2023-10-30 23:15:00,2023-10-30 23:17:00,2023-10-30 23:29:00,4.1,117,Completed,
T3144,D156,R3232,Delhi,Dwarka,Vasant Kunj,2023-10-14 09:11:00,2023-10-14 09:13:00,2023-10-14 09:43:00,11.4,311,Completed,
T3145,D329,R3989,Delhi,Connaught Place,Dwarka,2023-10-14 02:11:00,2023-10-14 02:20:00,2023-10-14 03:14:00,21.5,458,Completed,
T3146,D278,R4836,Delhi,Vasant Kunj,Rohini,2023-10-16 14:27:00,2023-10-16 14:38:00,2023-10-16 15:20:00,13.5,351,Completed,
T3147,D139,R2320,Mumbai,Andheri,Juhu,2023-10-21 00:30:00,2023-10-21 00:40:00,2023-10-21 00:47:00,2.3,89,Completed,
T3148,D313,R3286,Delhi,Rohini,Connaught Place,2023-10-04 11:50:00,2023-10-04 11:54:00,2023-10-04 13:13:00,22.5,595,Completed,
T3149,D142,R1132,Mumbai,Colaba,Powai,2023-10-05 05:29:00,2023-10-05 05:40:00,2023-10-05 06:00:00,5.3,153,Completed,
T3150,D132,R4050,Delhi,Connaught Place,Saket,2023-10-07 17:10:00,2023-10-07 17:13:00,2023-10-07 17:26:00,4.5,136,Completed,
T3151,D229,R2264,Delhi,Rohini,Connaught Place,2023-10-07 07:46:00,2023-10-07 07:52:00,2023-10-07 08:22:00,10.3,296,Completed,
T3152,D123,R3562,Bangalore,HSR Layout,Whitefield,2023-10-05 11:00:00,2023-10-05 11:15:00,2023-10-05 12:17:00,24.2,532,Completed,
T3153,D103,R2869,Mumbai,Juhu,Andheri,2023-10-11 07:26:00,2023-10-11 07:28:00,2023-10-11 07:53:00,9.3,229,Completed,
T3154,D346,R4336,Bangalore,Indiranagar,Koramangala,2023-10-11 12:48:00,2023-10-11 12:50:00,2023-10-11 13:25:00,8.8,240,Completed,
T3155,D303,R1701,Delhi,Rohini,Dwarka,2023-10-17 03:36:00,2023-10-17 03:40:00,2023-10-17 04:01:00,6.5,198,Completed,
T3156,D284,R4186,Bangalore,Jayanagar,HSR Layout,2023-10-03 11:55:00,2023-10-03 12:01:00,2023-10-03 12:55:00,16.6,332,Completed,
T3157,D285,R2472,Bangalore,Jayanagar,HSR Layout,2023-10-28 05:54:00,2023-10-28 06:09:00,2023-10-28 07:20:00,24.8,522,Completed,
T3158,D112,R1311,Bangalore,Koramangala,HSR Layout,2023-10-14 02:42:00,2023-10-14 02:51:00,2023-10-14 03:36:00,17.2,354,Completed,
T3159,D161,R4536,Bangalore,HSR Layout,Whitefield,2023-10-21 12:26:00,2023-10-21 12:35:00,2023-10-21 12:43:00,2.9,120,Completed,
T3160,D343,R4619,Mumbai,Andheri,Powai,2023-10-22 04:12:00,2023-10-22 04:25:00,2023-10-22 04:31:00,2.1,97,Completed,
T3161,D315,R3821,Mumbai,Bandra,Powai,2023-10-06 06:08:00,2023-10-06 06:20:00,2023-10-06 07:21:00,16.6,391,Completed,
T3162,D170,R1249,Delhi,Dwarka,Saket,2023-10-16 03:20:00,,,0.0,0.0,Cancelled,Driver Not Found
T3163,D248,R4797,Bangalore,Jayanagar,Whitefield,2023-10-11 01:36:00,2023-10-11 01:39:00,2023-10-11 02:16:00,10.8,278,Completed,
T3164,D125,R3637,Delhi,Rohini,Connaught Place,2023-10-18 14:15:00,2023-10-18 14:27:00,2023-10-18 14:57:00,8.3,178,Completed,
T3165,D155,R4688,Mumbai,Andheri,Colaba,2023-10-24 06:43:00,2023-10-24 06:56:00,2023-10-24 07:24:00,9.7,209,Completed,
T3166,D304,R4645,Mumbai,Andheri,Powai,2023-10-18 06:05:00,2023-10-18 06:11:00,2023-10-18 07:06:00,18.6,459,Completed,
T3167,D153,R1459,Mumbai,Andheri,Colaba,2023-10-15 16:47:00,2023-10-15 16:57:00,2023-10-15 17:19:00,6.4,173,Completed,
T3168,D188,R2258,Delhi,Saket,Vasant Kunj,2023-10-04 14:00:00,2023-10-04 14:13:00,2023-10-04 15:23:00,19.7,354,Completed,
T3169,D263,R3850,Delhi,Saket,Connaught Place,2023-10-27 06:51:00,2023-10-27 06:57:00,2023-10-27 07:28:00,11.1,218,Completed,
T3170,D312,R4176,Delhi,Vasant Kunj,Dwarka,2023-10-26 06:15:00,2023-10-26 06:22:00,2023-10-26 07:12:00,14.3,404,Completed,
T3171,D311,R4507,Bangalore,Jayanagar,Whitefield,2023-10-01 23:06:00,2023-10-01 23:13:00,2023-10-01 23:20:00,2.2,95,Completed,
T3172,D160,R1080,Delhi,Connaught Place,Vasant Kunj,2023-10-14 20:42:00,2023-10-14 20:55:00,2023-10-14 21:08:00,4.9,150,Completed,
T3173,D169,R4688,Delhi,Saket,Dwarka,2023-10-28 12:37:00,2023-10-28 12:44:00,2023-10-28 13:38:00,15.1,401,Completed,
T3174,D262,R1947,Delhi,Rohini,Dwarka,2023-10-30 02:43:00,2023-10-30 02:51:00,2023-10-30 03:09:00,5.2,146,Completed,
T3175,D339,R2743,Bangalore,HSR Layout,Indiranagar,2023-10-19 10:03:00,2023-10-19 10:13:00,2023-10-19 10:52:00,15.4,347,Completed,
T3176,D152,R3937,Bangalore,Indiranagar,Koramangala,2023-10-30 06:58:00,2023-10-30 07:00:00,2023-10-30 08:27:00,22.7,426,Completed,
T3177,D205,R2693,Bangalore,Jayanagar,HSR Layout,2023-10-29 21:57:00,2023-10-29 22:05:00,2023-10-29 23:06:00,19.0,488,Completed,
T3178,D259,R2389,Mumbai,Colaba,Bandra,2023-10-11 08:30:00,2023-10-11 08:44:00,2023-10-11 09:04:00,7.4,206,Completed,
T3179,D339,R1906,Bangalore,Whitefield,Koramangala,2023-10-20 18:08:00,2023-10-20 18:17:00,2023-10-20 19:31:00,19.9,506,Completed,
T3180,D185,R4475,Bangalore,Koramangala,Whitefield,2023-10-30 04:27:00,2023-10-30 04:30:00,2023-10-30 05:11:00,12.5,282,Completed,
T3181,D279,R2226,Bangalore,Whitefield,HSR Layout,2023-10-02 17:20:00,2023-10-02 17:35:00,2023-10-02 18:48:00,21.7,525,Completed,
T3182,D338,R1647,Delhi,Saket,Dwarka,2023-10-19 11:57:00,2023-10-19 12:11:00,2023-10-19 13:12:00,17.2,315,Completed,
T3183,D242,R4144,Bangalore,HSR Layout,Whitefield,2023-10-29 18:07:00,2023-10-29 18:21:00,2023-10-29 19:20:00,21.5,424,Completed,
T3184,D200,R4976,Mumbai,Powai,Colaba,2023-10-23 04:16:00,2023-10-23 04:27:00,2023-10-23 05:24:00,20.6,462,Completed,
T3185,D253,R1749,Bangalore,Jayanagar,Whitefield,2023-10-02 22:58:00,2023-10-02 23:05:00,2023-10-02 23:30:00,6.5,183,Completed,
T3186,D260,R4152,Mumbai,Juhu,Andheri,2023-10-15 23:46:00,2023-10-15 23:57:00,2023-10-16 00:28:00,8.5,229,Completed,
T3187,D208,R2772,Mumbai,Andheri,Bandra,2023-10-01 23:17:00,2023-10-01 23:22:00,2023-10-02 00:00:00,10.1,209,Completed,
T3188,D324,R2162,Mumbai,Colaba,Powai,2023-10-10 07:37:00,2023-10-10 07:48:00,2023-10-10 08:40:00,13.1,366,Completed,
T3189,D320,R2239,Mumbai,Bandra,Powai,2023-10-17 18:37:00,2023-10-17 18:45:00,2023-10-17 19:58:00,18.9,385,Completed,
T3190,D252,R1184,Bangalore,HSR Layout,Koramangala,2023-10-05 03:14:00,2023-10-05 03:18:00,2023-10-05 04:02:00,12.4,262,Completed,
T3191,D121,R1111,Bangalore,Whitefield,HSR Layout,2023-10-11 17:08:00,2023-10-11 17:18:00,2023-10-11 18:08:00,15.0,296,Completed,
T3192,D294,R2992,Delhi,Dwarka,Saket,2023-10-18 11:27:00,2023-10-18 11:32:00,2023-10-18 12:12:00,16.0,306,Completed,
T3193,D207,R4311,Delhi,Rohini,Dwarka,2023-10-09 07:23:00,2023-10-09 07:31:00,2023-10-09 08:30:00,15.6,313,Completed,
T3194,D112,R2383,Bangalore,Koramangala,Whitefield,2023-10-03 04:54:00,2023-10-03 05:02:00,2023-10-03 06:19:00,23.8,417,Completed,
T3195,D134,R3926,Mumbai,Andheri,Powai,2023-10-27 00:48:00,2023-10-27 01:02:00,2023-10-27 01:31:00,8.0,210,Completed,
T3196,D324,R4778,Mumbai,Powai,Andheri,2023-10-26 14:26:00,2023-10-26 14:40:00,2023-10-26 15:53:00,20.4,449,Completed,
T3197,D110,R1457,Bangalore,Jayanagar,Whitefield,2023-10-01 03:48:00,2023-10-01 04:03:00,2023-10-01 04:35:00,10.4,236,Completed,
T3198,D321,R2453,Mumbai,Powai,Juhu,2023-10-04 08:07:00,2023-10-04 08:19:00,2023-10-04 09:23:00,16.8,419,Completed,
T3199,D191,R1693,Bangalore,Jayanagar,Whitefield,2023-10-24 04:46:00,2023-10-24 04:56:00,2023-10-24 05:26:00,8.0,213,Completed,
T3200,D181,R4609,Delhi,Connaught Place,Rohini,2023-10-05 12:12:00,,,0.0,0.0,Cancelled,Rider Cancelled
T3201,D174,R3778,Mumbai,Juhu,Colaba,2023-10-28 21:15:00,2023-10-28 21:26:00,2023-10-28 21:38:00,3.4,104,Completed,
T3202,D207,R4668,Delhi,Dwarka,Vasant Kunj,2023-10-20 14:53:00,2023-10-20 15:02:00,2023-10-20 15:29:00,9.6,209,Completed,
T3203,D134,R3303,Mumbai,Colaba,Juhu,2023-10-29 21:42:00,,,0.0,0.0,Cancelled,Driver Cancelled
T3204,D168,R4458,Delhi,Rohini,Saket,2023-10-17 16:32:00,2023-10-17 16:38:00,2023-10-17 16:48:00,3.2,99,Completed,
T3205,D166,R4904,Delhi,Rohini,Vasant Kunj,2023-10-29 09:36:00,2023-10-29 09:48:00,2023-10-29 10:36:00,14.7,320,Completed,
T3206,D259,R3569,Mumbai,Bandra,Powai,2023-10-13 23:58:00,,,0.0,0.0,Cancelled,Driver Cancelled
T3207,D101,R3169,Delhi,Rohini,Saket,2023-10-08 10:56:00,2023-10-08 10:59:00,2023-10-08 11:07:00,2.7,100,Completed,
T3208,D249,R3644,Bangalore,HSR Layout,Indiranagar,2023-10-01 08:28:00,2023-10-01 08:43:00,2023-10-01 09:25:00,12.3,301,Completed,
T3209,D264,R1364,Mumbai,Colaba,Bandra,2023-10-27 09:25:00,,,0.0,0.0,Cancelled,Driver Not Found
T3210,D274,R3574,Delhi,Dwarka,Saket,2023-10-06 03:48:00,2023-10-06 04:01:00,2023-10-06 05:03:00,20.2,531,Completed,
T3211,D257,R1757,Delhi,Saket,Rohini,2023-10-25 09:06:00,2023-10-25 09:16:00,2023-10-25 10:28:00,20.6,527,Completed,
T3212,D346,R2244,Bangalore,HSR Layout,Whitefield,2023-10-18 22:32:00,2023-10-18 22:36:00,2023-10-18 23:15:00,10.6,276,Completed,
T3213,D301,R3883,Delhi,Vasant Kunj,Rohini,2023-10-17 08:14:00,2023-10-17 08:21:00,2023-10-17 08:58:00,12.6,363,Completed,
T3214,D336,R3225,Delhi,Vasant Kunj,Connaught Place,2023-10-04 11:11:00,2023-10-04 11:21:00,2023-10-04 12:35:00,20.8,459,Completed,
T3215,D261,R3817,Delhi,Saket,Rohini,2023-10-28 02:44:00,2023-10-28 02:50:00,2023-10-28 03:26:00,14.3,306,Completed,
T3216,D241,R4896,Delhi,Saket,Connaught Place,2023-10-17 15:25:00,,,0.0,0.0,Cancelled,Driver Cancelled
T3217,D184,R4067,Mumbai,Andheri,Juhu,2023-10-23 02:57:00,2023-10-23 03:02:00,2023-10-23 03:55:00,19.2,376,Completed,
T3218,D302,R4620,Bangalore,Jayanagar,Indiranagar,2023-10-07 12:24:00,2023-10-07 12:32:00,2023-10-07 14:00:00,22.7,608,Completed,
T3219,D322,R4796,Bangalore,Jayanagar,HSR Layout,2023-10-04 13:52:00,2023-10-04 13:55:00,2023-10-04 14:26:00,12.5,259,Completed,
T3220,D285,R1112,Bangalore,Koramangala,Indiranagar,2023-10-17 15:59:00,2023-10-17 16:11:00,2023-10-17 17:19:00,24.9,534,Completed,
T3221,D182,R4759,Bangalore,Indiranagar,Whitefield,2023-10-08 06:25:00,,,0.0,0.0,Cancelled,Rider Cancelled
T3222,D328,R2163,Delhi,Rohini,Connaught Place,2023-10-02 23:49:00,,,0.0,0.0,Cancelled,Rider Cancelled
T3223,D154,R1876,Delhi,Saket,Vasant Kunj,2023-10-27 06:09:00,,,0.0,0.0,Cancelled,Payment Issue
T3224,D340,R3064,Mumbai,Powai,Andheri,2023-10-11 11:02:00,,,0.0,0.0,Cancelled,Rider Cancelled
T3225,D265,R1949,Mumbai,Juhu,Bandra,2023-10-26 21:27:00,2023-10-26 21:31:00,2023-10-26 22:03:00,8.5,257,Completed,
T3226,D123,R2022,Bangalore,Jayanagar,Indiranagar,2023-10-01 22:08:00,2023-10-01 22:13:00,2023-10-01 23:27:00,19.1,457,Completed,
T3227,D266,R2690,Mumbai,Bandra,Colaba,2023-10-12 03:56:00,2023-10-12 03:59:00,2023-10-12 05:26:00,23.3,539,Completed,
T3228,D240,R3348,Bangalore,Whitefield,Jayanagar,2023-10-09 04:48:00,2023-10-09 04:57:00,2023-10-09 05:55:00,16.2,397,Completed,
T3229,D129,R1364,Delhi,Connaught Place,Rohini,2023-10-14 11:47:00,2023-10-14 12:01:00,2023-10-14 12:58:00,16.8,448,Completed,
T3230,D242,R4109,Bangalore,Indiranagar,Whitefield,2023-10-28 12:20:00,2023-10-28 12:32:00,2023-10-28 12:41:00,3.8,139,Completed,
T3231,D349,R1198,Delhi,Vasant Kunj,Connaught Place,2023-10-19 13:17:00,2023-10-19 13:29:00,2023-10-19 13:45:00,5.0,143,Completed,
T3232,D167,R4087,Bangalore,Indiranagar,Koramangala,2023-10-24 03:39:00,2023-10-24 03:52:00,2023-10-24 04:24:00,12.8,331,Completed,
T3233,D190,R2765,Mumbai,Powai,Colaba,2023-10-12 10:04:00,2023-10-12 10:16:00,2023-10-12 11:17:00,24.5,466,Completed,
T3234,D170,R3026,Delhi,Connaught Place,Saket,2023-10-27 14:17:00,2023-10-27 14:30:00,2023-10-27 15:17:00,13.4,385,Completed,
T3235,D116,R2678,Bangalore,HSR Layout,Indiranagar,2023-10-16 09:06:00,2023-10-16 09:21:00,2023-10-16 09:45:00,6.8,158,Completed,
T3236,D231,R2590,Mumbai,Colaba,Bandra,2023-10-18 21:22:00,2023-10-18 21:25:00,2023-10-18 22:22:00,19.3,507,Completed,
T3237,D341,R4358,Delhi,Saket,Rohini,2023-10-17 03:41:00,2023-10-17 03:55:00,2023-10-17 04:39:00,12.6,312,Completed,
T3238,D201,R3108,Delhi,Saket,Dwarka,2023-10-11 10:27:00,,,0.0,0.0,Cancelled,Rider Cancelled
T3239,D281,R2964,Mumbai,Juhu,Andheri,2023-10-05 08:55:00,2023-10-05 09:09:00,2023-10-05 09:42:00,8.6,259,Completed,
T3240,D215,R2626,Delhi,Rohini,Vasant Kunj,2023-10-22 00:57:00,2023-10-22 01:09:00,2023-10-22 01:26:00,5.6,148,Completed,
T3241,D102,R1408,Bangalore,Whitefield,Koramangala,2023-10-04 03:15:00,,,0.0,0.0,Cancelled,Other
T3242,D249,R2905,Bangalore,Whitefield,Jayanagar,2023-10-08 11:47:00,2023-10-08 11:55:00,2023-10-08 12:21:00,8.4,224,Completed,
T3243,D155,R4220,Mumbai,Powai,Andheri,2023-10-28 02:29:00,2023-10-28 02:42:00,2023-10-28 03:32:00,13.4,311,Completed,
T3244,D274,R4215,Delhi,Connaught Place,Saket,2023-10-22 00:59:00,2023-10-22 01:06:00,2023-10-22 02:34:00,25.0,636,Completed,
T3245,D147,R4213,Bangalore,HSR Layout,Jayanagar,2023-10-13 07:55:00,2023-10-13 08:04:00,2023-10-13 08:22:00,5.9,188,Completed,
T3246,D262,R2288,Delhi,Vasant Kunj,Dwarka,2023-10-09 05:52:00,2023-10-09 06:03:00,2023-10-09 06:20:00,4.6,149,Completed,
T3247,D344,R2216,Mumbai,Bandra,Andheri,2023-10-24 04:21:00,2023-10-24 04:26:00,2023-10-24 04:57:00,9.1,248,Completed,
T3248,D175,R2793,Mumbai,Powai,Andheri,2023-10-25 00:20:00,2023-10-25 00:29:00,2023-10-25 01:10:00,14.3,384,Completed,
T3249,D194,R1066,Mumbai,Juhu,Bandra,2023-10-05 11:31:00,2023-10-05 11:41:00,2023-10-05 12:08:00,7.6,225,Completed,
T3250,D350,R2019,Delhi,Rohini,Dwarka,2023-10-23 04:30:00,,2023-10-23 06:21:00,25.0,449,Completed,
T3251,D298,R1949,Mumbai,Juhu,Colaba,2023-10-04 22:00:00,2023-10-04 22:02:00,2023-10-04 22:21:00,5.6,155,Completed,
T3252,D266,R4035,Mumbai,Colaba,Juhu,2023-10-15 08:40:00,2023-10-15 08:51:00,2023-10-15 10:06:00,20.2,426,Completed,
T3253,D190,R1407,Mumbai,Bandra,Powai,2023-10-09 14:30:00,2023-10-09 14:43:00,2023-10-09 15:02:00,6.3,207,Completed,
T3254,D200,R1781,Mumbai,Andheri,Colaba,2023-10-14 17:01:00,2023-10-14 17:05:00,2023-10-14 18:07:00,17.5,344,Completed,
T3255,D336,R4703,Delhi,Saket,Connaught Place,2023-10-21 08:14:00,,,0.0,0.0,Cancelled,Driver Cancelled
T3256,D259,R1859,Mumbai,Juhu,Colaba,2023-10-01 11:17:00,2023-10-01 11:29:00,2023-10-01 12:17:00,17.1,449,Completed,
T3257,D333,R3681,Delhi,Connaught Place,Vasant Kunj,2023-10-06 03:13:00,2023-10-06 03:19:00,2023-10-06 04:32:00,24.8,505,Completed,
T3258,D103,R1504,Mumbai,Andheri,Juhu,2023-10-25 22:22:00,2023-10-25 22:29:00,2023-10-25 23:24:00,15.1,309,Completed,
T3259,D350,R3456,Delhi,Rohini,Dwarka,2023-10-06 20:22:00,2023-10-06 20:31:00,2023-10-06 20:37:00,2.1,97,Completed,
T3260,D303,R2379,Delhi,Connaught Place,Dwarka,2023-10-27 00:18:00,2023-10-27 00:27:00,2023-10-27 00:46:00,5.7,173,Completed,
T3261,D194,R4658,Mumbai,Powai,Andheri,2023-10-21 21:07:00,2023-10-21 21:21:00,2023-10-21 21:39:00,6.9,221,Completed,
T3262,D283,R3478,Bangalore,Whitefield,Koramangala,2023-10-29 02:24:00,2023-10-29 02:29:00,2023-10-29 03:10:00,12.6,352,Completed,
T3263,D348,R3033,Mumbai,Juhu,Bandra,2023-10-26 16:55:00,2023-10-26 17:03:00,2023-10-26 17:31:00,8.1,229,Completed,
T3264,D345,R2937,Bangalore,HSR Layout,Whitefield,2023-10-02 21:20:00,2023-10-02 21:22:00,2023-10-02 21:43:00,7.2,200,Completed,
T3265,D159,R1435,Delhi,Rohini,Saket,2023-10-27 22:03:00,2023-10-27 22:11:00,2023-10-27 22:49:00,15.3,428,Completed,
T3266,D126,R3377,Mumbai,Bandra,Powai,2023-10-30 02:28:00,2023-10-30 02:35:00,2023-10-30 03:22:00,11.9,282,Completed,
T3267,D150,R3016,Mumbai,Bandra,Powai,2023-10-27 09:58:00,2023-10-27 10:04:00,2023-10-27 10:33:00,9.0,237,Completed,
T3268,D328,R1237,Delhi,Rohini,Dwarka,2023-10-04 11:51:00,2023-10-04 12:06:00,2023-10-04 12:46:00,15.9,410,Completed,
T3269,D282,R3422,Mumbai,Andheri,Bandra,2023-10-25 20:48:00,2023-10-25 20:56:00,2023-10-25 21:30:00,10.5,237,Completed,
T3270,D232,R4800,Delhi,Dwarka,Rohini,2023-10-01 23:22:00,2023-10-01 23:24:00,2023-10-01 23:49:00,9.5,262,Completed,
T3271,D258,R3592,Delhi,Rohini,Connaught Place,2023-10-10 08:44:00,2023-10-10 08:51:00,2023-10-10 09:16:00,10.0,238,Completed,
T3272,D319,R3796,Mumbai,Andheri,Colaba,2023-10-16 22:24:00,2023-10-16 22:37:00,2023-10-16 23:15:00,12.4,283,Completed,
T3273,D222,R2589,Bangalore,Indiranagar,Jayanagar,2023-10-29 05:40:00,2023-10-29 05:42:00,2023-10-29 05:51:00,3.5,131,Completed,
T3274,D132,R4594,Delhi,Dwarka,Rohini,2023-10-19 14:05:00,2023-10-19 14:08:00,2023-10-19 14:56:00,12.1,352,Completed,
T3275,D213,R3987,Mumbai,Colaba,Juhu,2023-10-26 08:34:00,2023-10-26 08:41:00,2023-10-26 09:00:00,5.9,175,Completed,
T3276,D247,R4288,Bangalore,Whitefield,HSR Layout,2023-10-13 23:50:00,2023-10-13 23:58:00,2023-10-14 00:54:00,18.2,340,Completed,
T3277,D330,R3194,Delhi,Vasant Kunj,Dwarka,2023-10-23 09:53:00,2023-10-23 10:03:00,2023-10-23 11:00:00,14.9,360,Completed,
T3278,D263,R2687,Delhi,Vasant Kunj,Connaught Place,2023-10-24 08:39:00,2023-10-24 08:44:00,2023-10-24 09:36:00,18.2,494,Completed,
T3279,D326,R2789,Mumbai,Bandra,Andheri,2023-10-14 06:59:00,2023-10-14 07:10:00,2023-10-14 08:13:00,16.0,342,Completed,
T3280,D128,R1084,Mumbai,Powai,Bandra,2023-10-08 01:09:00,2023-10-08 01:11:00,2023-10-08 01:35:00,9.8,206,Completed,
T3281,D120,R3444,Delhi,Dwarka,Connaught Place,2023-10-24 02:04:00,2023-10-24 02:16:00,2023-10-24 02:23:00,2.5,103,Completed,
T3282,D295,R4392,Mumbai,Juhu,Bandra,2023-10-20 02:57:00,,,0.0,0.0,Cancelled,Driver Cancelled
T3283,D210,R1096,Mumbai,Juhu,Colaba,2023-10-26 07:48:00,2023-10-26 08:02:00,2023-10-26 08:36:00,13.4,377,Completed,
T3284,D333,R3260,Delhi,Rohini,Connaught Place,2023-10-10 02:53:00,2023-10-10 03:05:00,2023-10-10 03:34:00,11.4,243,Completed,
T3285,D211,R1951,Delhi,Dwarka,Rohini,2023-10-29 08:02:00,2023-10-29 08:06:00,2023-10-29 08:45:00,10.2,240,Completed,
T3286,D213,R2623,Mumbai,Andheri,Colaba,2023-10-05 17:27:00,2023-10-05 17:42:00,2023-10-05 19:10:00,23.5,415,Completed,
T3287,D144,R1226,Mumbai,Powai,Andheri,2023-10-17 19:19:00,2023-10-17 19:34:00,2023-10-17 20:21:00,18.8,513,Completed,
T3288,D292,R4926,Bangalore,Koramangala,Jayanagar,2023-10-01 20:58:00,2023-10-01 21:08:00,2023-10-01 21:40:00,12.1,236,Completed,
T3289,D170,R4546,Delhi,Dwarka,Saket,2023-10-04 03:50:00,2023-10-04 03:55:00,2023-10-04 04:03:00,3.2,99,Completed,
T3290,D180,R4718,Bangalore,HSR Layout,Whitefield,2023-10-03 01:06:00,2023-10-03 01:20:00,2023-10-03 01:26:00,2.4,90,Completed,
T3291,D281,R2513,Mumbai,Andheri,Juhu,2023-10-03 13:41:00,2023-10-03 13:44:00,2023-10-03 14:41:00,21.8,433,Completed,
T3292,D243,R1406,Delhi,Vasant Kunj,Dwarka,2023-10-27 03:04:00,2023-10-27 03:17:00,2023-10-27 04:21:00,24.3,493,Completed,
T3293,D349,R2829,Delhi,Rohini,Dwarka,2023-10-16 19:09:00,2023-10-16 19:16:00,2023-10-16 20:19:00,22.9,601,Completed,
T3294,D282,R2060,Mumbai,Bandra,Juhu,2023-10-10 01:24:00,2023-10-10 01:38:00,2023-10-10 02:34:00,14.9,297,Completed,
T3295,D219,R3501,Bangalore,Indiranagar,Koramangala,2023-10-18 11:33:00,2023-10-18 11:48:00,2023-10-18 13:05:00,19.6,429,Completed,
T3296,D204,R1745,Bangalore,Jayanagar,Whitefield,2023-10-15 22:53:00,2023-10-15 23:03:00,2023-10-15 23:08:00,2.0,87,Completed,
T3297,D138,R3749,Bangalore,Koramangala,Whitefield,2023-10-10 17:39:00,2023-10-10 17:46:00,2023-10-10 18:45:00,22.7,446,Completed,
T3298,D173,R3785,Mumbai,Colaba,Bandra,2023-10-09 03:21:00,2023-10-09 03:23:00,2023-10-09 04:17:00,21.4,380,Completed,
T3299,D334,R1959,Mumbai,Powai,Colaba,2023-10-02 13:12:00,2023-10-02 13:23:00,2023-10-02 13:34:00,3.5,125,Completed,
T3300,D306,R4349,Delhi,Vasant Kunj,Connaught Place,2023-10-04 23:08:00,2023-10-04 23:20:00,2023-10-04 23:39:00,5.8,151,Completed,
T3301,D313,R2818,Delhi,Vasant Kunj,Dwarka,2023-10-06 07:15:00,2023-10-06 07:24:00,2023-10-06 07:32:00,2.4,107,Completed,
T3302,D324,R1136,Mumbai,Colaba,Powai,2023-10-05 18:19:00,,,0.0,0.0,Cancelled,Other
T3303,D222,R2819,Bangalore,Whitefield,Koramangala,2023-10-06 09:59:00,,,0.0,0.0,Cancelled,Driver Cancelled
T3304,D114,R3923,Bangalore,HSR Layout,Whitefield,2023-10-21 09:53:00,2023-10-21 10:01:00,2023-10-21 10:30:00,10.8,308,Completed,
T3305,D147,R3913,Bangalore,Koramangala,Whitefield,2023-10-28 01:06:00,2023-10-28 01:09:00,2023-10-28 01:48:00,12.7,258,Completed,
T3306,D244,R4651,Mumbai,Juhu,Powai,2023-10-23 02:34:00,2023-10-23 02:41:00,2023-10-23 03:17:00,12.3,357,Completed,
T3307,D156,R3317,Delhi,Vasant Kunj,Rohini,2023-10-06 15:46:00,2023-10-06 15:49:00,2023-10-06 16:33:00,13.0,314,Completed,
T3308,D126,R3793,Mumbai,Juhu,Bandra,2023-10-27 01:28:00,2023-10-27 01:37:00,2023-10-27 01:58:00,6.0,198,Completed,
T3309,D256,R3779,Mumbai,Andheri,Colaba,2023-10-12 20:22:00,2023-10-12 20:31:00,2023-10-12 21:42:00,21.9,470,Completed,
T3310,D220,R1065,Delhi,Rohini,Saket,2023-10-24 17:40:00,2023-10-24 17:51:00,2023-10-24 18:05:00,4.8,125,Completed,
T3311,D266,R3346,Mumbai,Bandra,Colaba,2023-10-24 09:37:00,2023-10-24 09:45:00,2023-10-24 10:05:00,8.0,209,Completed,
T3312,D244,R1674,Mumbai,Powai,Juhu,2023-10-09 15:02:00,2023-10-09 15:12:00,2023-10-09 15:25:00,3.8,142,Completed,
T3313,D182,R2210,Bangalore,Whitefield,HSR Layout,2023-10-13 10:51:00,2023-10-13 10:53:00,2023-10-13 11:32:00,15.2,378,Completed,
T3314,D209,R1659,Bangalore,Indiranagar,Koramangala,2023-10-06 19:56:00,2023-10-06 20:05:00,2023-10-06 20:43:00,11.6,235,Completed,
T3315,D288,R3808,Mumbai,Juhu,Andheri,2023-10-12 10:22:00,2023-10-12 10:36:00,2023-10-12 11:17:00,15.3,392,Completed,
T3316,D127,R4006,Mumbai,Powai,Andheri,2023-10-28 09:43:00,2023-10-28 09:45:00,2023-10-28 10:21:00,14.4,374,Completed,
T3317,D288,R2576,Mumbai,Bandra,Colaba,2023-10-25 07:18:00,2023-10-25 07:32:00,2023-10-25 08:27:00,14.9,308,Completed,
T3318,D201,R1197,Delhi,Connaught Place,Saket,2023-10-18 02:42:00,2023-10-18 02:50:00,2023-10-18 03:51:00,18.9,334,Completed,
T3319,D315,R1389,Mumbai,Bandra,Juhu,2023-10-08 07:32:00,2023-10-08 07:35:00,2023-10-08 08:50:00,23.6,425,Completed,
T3320,D238,R1031,Delhi,Dwarka,Rohini,2023-10-05 23:42:00,2023-10-05 23:44:00,2023-10-06 01:11:00,23.8,635,Completed,
T3321,D271,R1303,Delhi,Connaught Place,Dwarka,2023-10-20 01:33:00,,,0.0,0.0,Cancelled,Payment Issue
T3322,D122,R1034,Bangalore,Koramangala,HSR Layout,2023-10-13 13:56:00,2023-10-13 14:00:00,2023-10-13 14:16:00,6.0,140,Completed,
T3323,D287,R3517,Bangalore,HSR Layout,Jayanagar,2023-10-09 04:32:00,2023-10-09 04:39:00,2023-10-09 04:47:00,3.5,131,Completed,
T3324,D192,R3749,Delhi,Vasant Kunj,Dwarka,2023-10-20 13:04:00,2023-10-20 13:16:00,2023-10-20 14:12:00,16.3,369,Completed,
T3325,D105,R2607,Bangalore,Indiranagar,Jayanagar,2023-10-23 01:21:00,2023-10-23 01:32:00,2023-10-23 02:38:00,20.8,525,Completed,
T3326,D181,R1573,Delhi,Vasant Kunj,Dwarka,2023-10-27 16:12:00,2023-10-27 16:25:00,2023-10-27 16:57:00,8.4,213,Completed,
T3327,D165,R2024,Bangalore,Koramangala,Jayanagar,2023-10-24 07:57:00,2023-10-24 08:04:00,2023-10-24 08:42:00,14.4,371,Completed,
T3328,D334,R4823,Mumbai,Bandra,Powai,2023-10-27 04:38:00,2023-10-27 04:42:00,2023-10-27 05:44:00,21.7,474,Completed,
T3329,D236,R4333,Mumbai,Powai,Bandra,2023-10-19 02:06:00,2023-10-19 02:09:00,2023-10-19 02:24:00,5.2,156,Completed,
T3330,D236,R2888,Mumbai,Powai,Colaba,2023-10-15 07:47:00,2023-10-15 07:51:00,2023-10-15 08:25:00,12.0,344,Completed,
T3331,D212,R4577,Bangalore,Koramangala,Whitefield,2023-10-13 14:20:00,2023-10-13 14:29:00,2023-10-13 14:57:00,10.9,267,Completed,
T3332,D223,R2129,Delhi,Dwarka,Saket,2023-10-02 04:20:00,2023-10-02 04:25:00,2023-10-02 05:04:00,12.5,355,Completed,
T3333,D269,R1478,Mumbai,Andheri,Juhu,2023-10-11 20:18:00,2023-10-11 20:24:00,2023-10-11 21:24:00,18.7,508,Completed,
T3334,D264,R1406,Mumbai,Andheri,Juhu,2023-10-09 20:12:00,,,0.0,0.0,Cancelled,Rider Cancelled
T3335,D131,R4451,Delhi,Rohini,Dwarka,2023-10-02 17:35:00,2023-10-02 17:46:00,2023-10-02 17:59:00,4.2,153,Completed,
T3336,D301,R2578,Delhi,Connaught Place,Rohini,2023-10-19 09:10:00,2023-10-19 09:16:00,2023-10-19 10:12:00,16.5,422,Completed,
T3337,D196,R3265,Delhi,Connaught Place,Rohini,2023-10-17 04:27:00,2023-10-17 04:29:00,2023-10-17 05:55:00,23.6,415,Completed,
T3338,D237,R3125,Bangalore,Whitefield,Koramangala,2023-10-21 13:16:00,2023-10-21 13:29:00,2023-10-21 14:22:00,16.9,384,Completed,
T3339,D226,R1274,Delhi,Saket,Connaught Place,2023-10-28 21:11:00,2023-10-28 21:26:00,2023-10-28 22:05:00,11.7,300,Completed,
T3340,D140,R1115,Mumbai,Juhu,Andheri,2023-10-03 06:03:00,2023-10-03 06:14:00,2023-10-03 07:35:00,24.3,476,Completed,
T3341,D120,R3645,Delhi,Saket,Connaught Place,2023-10-15 13:22:00,2023-10-15 13:27:00,2023-10-15 14:26:00,20.7,488,Completed,
T3342,D336,R3970,Delhi,Rohini,Connaught Place,2023-10-19 02:55:00,2023-10-19 03:08:00,2023-10-19 03:45:00,10.6,239,Completed,
T3343,D121,R3363,Bangalore,Koramangala,Jayanagar,2023-10-11 18:58:00,2023-10-11 19:09:00,2023-10-11 20:18:00,19.4,345,Completed,
T3344,D278,R2026,Delhi,Connaught Place,Dwarka,2023-10-26 15:50:00,2023-10-26 15:58:00,2023-10-26 16:18:00,5.3,132,Completed,
T3345,D169,R4953,Delhi,Dwarka,Rohini,2023-10-20 04:51:00,2023-10-20 04:58:00,2023-10-20 05:53:00,14.9,291,Completed,
T3346,D214,R4883,Mumbai,Powai,Juhu,2023-10-16 15:23:00,2023-10-16 15:30:00,2023-10-16 16:31:00,22.6,581,Completed,
T3347,D135,R4668,Mumbai,Bandra,Powai,2023-10-27 22:06:00,2023-10-27 22:16:00,2023-10-27 22:51:00,12.9,355,Completed,
T3348,D123,R4617,Bangalore,HSR Layout,Koramangala,2023-10-18 06:13:00,,,0.0,0.0,Cancelled,Driver Cancelled
T3349,D222,R1134,Bangalore,Jayanagar,Whitefield,2023-10-26 13:17:00,2023-10-26 13:20:00,2023-10-26 14:07:00,13.7,295,Completed,
T3350,D341,R4102,Delhi,Rohini,Saket,2023-10-24 05:47:00,2023-10-24 05:50:00,2023-10-24 07:10:00,20.2,402,Completed,
T3351,D211,R2451,Delhi,Rohini,Saket,2023-10-09 12:14:00,2023-10-09 12:29:00,2023-10-09 13:57:00,23.4,415,Completed,
T3352,D205,R1783,Bangalore,Koramangala,Indiranagar,2023-10-01 22:05:00,2023-10-01 22:18:00,2023-10-01 22:47:00,7.9,224,Completed,
T3353,D335,R4680,Delhi,Rohini,Vasant Kunj,2023-10-14 16:00:00,2023-10-14 16:13:00,2023-10-14 17:18:00,22.4,520,Completed,
T3354,D321,R1820,Mumbai,Powai,Andheri,2023-10-21 16:33:00,2023-10-21 16:35:00,2023-10-21 16:48:00,5.2,163,Completed,
T3355,D144,R4047,Mumbai,Colaba,Powai,2023-10-12 16:47:00,2023-10-12 16:57:00,2023-10-12 18:26:00,24.0,643,Completed,
T3356,D227,R3289,Mumbai,Juhu,Bandra,2023-10-13 15:31:00,2023-10-13 15:35:00,2023-10-13 15:55:00,6.9,222,Completed,
T3357,D122,R2264,Bangalore,HSR Layout,Indiranagar,2023-10-07 09:50:00,2023-10-07 09:55:00,2023-10-07 10:58:00,19.4,412,Completed,
T3358,D336,R1636,Delhi,Saket,Connaught Place,2023-10-09 16:25:00,2023-10-09 16:28:00,2023-10-09 17:50:00,22.5,471,Completed,
T3359,D176,R2539,Delhi,Dwarka,Vasant Kunj,2023-10-12 06:32:00,,,0.0,0.0,Cancelled,Other
T3360,D227,R2323,Mumbai,Juhu,Bandra,2023-10-10 02:16:00,2023-10-10 02:28:00,2023-10-10 02:45:00,4.8,140,Completed,
T3361,D317,R2345,Delhi,Vasant Kunj,Dwarka,2023-10-26 21:50:00,2023-10-26 22:05:00,2023-10-26 22:54:00,13.3,288,Completed,
T3362,D219,R1920,Bangalore,Whitefield,Indiranagar,2023-10-23 13:53:00,2023-10-23 14:07:00,2023-10-23 14:17:00,3.5,107,Completed,
T3363,D213,R4766,Mumbai,Colaba,Bandra,2023-10-04 11:59:00,2023-10-04 12:13:00,2023-10-04 13:17:00,16.5,318,Completed,
T3364,D123,R4736,Bangalore,Jayanagar,Whitefield,2023-10-10 13:58:00,2023-10-10 14:06:00,2023-10-10 14:30:00,6.7,180,Completed,
T3365,D196,R2743,Delhi,Rohini,Saket,2023-10-20 21:20:00,2023-10-20 21:25:00,2023-10-20 22:04:00,14.1,347,Completed,
T3366,D170,R2885,Delhi,Rohini,Dwarka,2023-10-24 06:41:00,2023-10-24 06:48:00,2023-10-24 07:32:00,12.0,326,Completed,
T3367,D148,R3893,Bangalore,Jayanagar,Koramangala,2023-10-15 16:43:00,2023-10-15 16:55:00,2023-10-15 18:10:00,25.0,570,Completed,
T3368,D140,R4695,Mumbai,Andheri,Juhu,2023-10-30 15:20:00,2023-10-30 15:23:00,2023-10-30 16:47:00,22.3,573,Completed,
T3369,D294,R3354,Delhi,Connaught Place,Rohini,2023-10-27 11:36:00,2023-10-27 11:40:00,2023-10-27 12:13:00,10.3,296,Completed,
T3370,D313,R4296,Delhi,Rohini,Vasant Kunj,2023-10-07 07:20:00,,,0.0,0.0,Cancelled,Driver Not Found
T3371,D154,R4011,Delhi,Rohini,Saket,2023-10-23 03:13:00,2023-10-23 03:23:00,2023-10-23 04:21:00,17.1,359,Completed,
T3372,D174,R2384,Mumbai,Colaba,Andheri,2023-10-21 10:02:00,2023-10-21 10:12:00,2023-10-21 10:27:00,4.0,135,Completed,
T3373,D329,R4590,Delhi,Dwarka,Vasant Kunj,2023-10-14 00:56:00,2023-10-14 01:06:00,2023-10-14 01:46:00,12.0,337,Completed,
T3374,D286,R1892,Delhi,Rohini,Saket,2023-10-23 22:54:00,,,0.0,0.0,Cancelled,Driver Cancelled
T3375,D118,R3053,Bangalore,Indiranagar,HSR Layout,2023-10-14 22:15:00,2023-10-14 22:18:00,2023-10-14 23:03:00,16.1,298,Completed,
T3376,D247,R3084,Bangalore,HSR Layout,Koramangala,2023-10-10 18:08:00,2023-10-10 18:15:00,2023-10-10 18:42:00,6.9,167,Completed,
T3377,D149,R4510,Mumbai,Colaba,Powai,2023-10-11 12:38:00,2023-10-11 12:49:00,2023-10-11 13:54:00,16.8,336,Completed,
T3378,D168,R4343,Delhi,Vasant Kunj,Dwarka,2023-10-08 10:14:00,2023-10-08 10:22:00,2023-10-08 11:23:00,16.8,455,Completed,
T3379,D148,R4566,Bangalore,Indiranagar,Jayanagar,2023-10-27 14:07:00,2023-10-27 14:17:00,2023-10-27 15:15:00,16.2,307,Completed,
T3380,D212,R3797,Bangalore,Whitefield,HSR Layout,2023-10-10 19:49:00,,,0.0,0.0,Cancelled,Payment Issue
T3381,D276,R3088,Mumbai,Andheri,Powai,2023-10-25 22:55:00,2023-10-25 23:00:00,2023-10-25 23:46:00,16.4,297,Completed,
T3382,D151,R3490,Delhi,Vasant Kunj,Dwarka,2023-10-12 13:00:00,2023-10-12 13:09:00,2023-10-12 14:01:00,14.4,382,Completed,
T3383,D102,R2301,Bangalore,HSR Layout,Indiranagar,2023-10-22 13:09:00,2023-10-22 13:17:00,2023-10-22 14:02:00,13.5,357,Completed,
T3384,D129,R3585,Delhi,Dwarka,Vasant Kunj,2023-10-08 20:12:00,2023-10-08 20:21:00,2023-10-08 21:17:00,14.5,316,Completed,
T3385,D184,R2016,Mumbai,Andheri,Juhu,2023-10-09 08:47:00,2023-10-09 08:58:00,2023-10-09 09:03:00,2.0,98,Completed,
T3386,D322,R3027,Bangalore,HSR Layout,Jayanagar,2023-10-16 16:18:00,2023-10-16 16:21:00,2023-10-16 16:48:00,6.9,198,Completed,
T3387,D347,R2341,Bangalore,Koramangala,Jayanagar,2023-10-22 07:50:00,2023-10-22 07:58:00,2023-10-22 08:20:00,6.0,198,Completed,
T3388,D167,R2235,Bangalore,HSR Layout,Whitefield,2023-10-20 14:16:00,2023-10-20 14:23:00,2023-10-20 15:47:00,22.0,529,Completed,
T3389,D213,R4732,Mumbai,Andheri,Juhu,2023-10-27 17:32:00,,,0.0,0.0,Cancelled,Rider Cancelled
T3390,D190,R2211,Mumbai,Juhu,Powai,2023-10-19 03:03:00,2023-10-19 03:05:00,2023-10-19 04:18:00,18.6,334,Completed,
T3391,D198,R3993,Delhi,Dwarka,Saket,2023-10-22 10:13:00,2023-10-22 10:16:00,2023-10-22 11:09:00,16.8,314,Completed,
T3392,D138,R4753,Bangalore,HSR Layout,Whitefield,2023-10-29 03:56:00,2023-10-29 04:02:00,2023-10-29 04:39:00,14.1,264,Completed,
T3393,D232,R3577,Delhi,Dwarka,Connaught Place,2023-10-14 08:03:00,2023-10-14 08:17:00,2023-10-14 08:53:00,10.9,295,Completed,
T3394,D306,R3314,Delhi,Saket,Vasant Kunj,2023-10-18 23:29:00,2023-10-18 23:32:00,2023-10-19 00:09:00,10.7,285,Completed,
T3395,D313,R3567,Delhi,Rohini,Dwarka,2023-10-19 16:23:00,,,0.0,0.0,Cancelled,Driver Cancelled
T3396,D166,R4870,Delhi,Vasant Kunj,Saket,2023-10-29 00:29:00,,,0.0,0.0,Cancelled,Driver Cancelled
T3397,D225,R4354,Mumbai,Colaba,Juhu,2023-10-20 10:31:00,2023-10-20 10:33:00,2023-10-20 11:58:00,24.3,626,Completed,
T3398,D147,R2375,Bangalore,HSR Layout,Whitefield,2023-10-24 10:13:00,,,0.0,0.0,Cancelled,Driver Not Found
T3399,D305,R4381,Delhi,Dwarka,Saket,2023-10-22 19:40:00,2023-10-22 19:43:00,2023-10-22 20:31:00,16.4,389,Completed,
T3400,D257,R2658,Delhi,Vasant Kunj,Dwarka,2023-10-12 07:54:00,2023-10-12 08:09:00,2023-10-12 08:28:00,7.6,239,Completed,
T3401,D319,R4281,Mumbai,Powai,Bandra,2023-10-29 11:38:00,2023-10-29 11:50:00,2023-10-29 12:15:00,8.7,260,Completed,
T3402,D236,R1843,Mumbai,Andheri,Colaba,2023-10-09 12:57:00,2023-10-09 13:02:00,2023-10-09 14:04:00,20.5,407,Completed,
T3403,D117,R2171,Delhi,Vasant Kunj,Dwarka,2023-10-09 19:57:00,2023-10-09 20:05:00,2023-10-09 20:38:00,13.4,297,Completed,
T3404,D162,R1257,Delhi,Saket,Connaught Place,2023-10-15 10:03:00,2023-10-15 10:05:00,2023-10-15 10:27:00,5.9,143,Completed,
T3405,D323,R3153,Bangalore,Whitefield,Jayanagar,2023-10-15 10:35:00,2023-10-15 10:41:00,2023-10-15 11:09:00,9.4,228,Completed,
T3406,D186,R2125,Delhi,Saket,Connaught Place,2023-10-29 01:15:00,2023-10-29 01:27:00,2023-10-29 01:48:00,6.5,151,Completed,
T3407,D260,R3875,Mumbai,Andheri,Juhu,2023-10-19 02:30:00,2023-10-19 02:40:00,2023-10-19 03:09:00,11.4,223,Completed,
T3408,D189,R4890,Delhi,Saket,Vasant Kunj,2023-10-01 18:47:00,2023-10-01 18:57:00,2023-10-01 20:03:00,18.7,486,Completed,
T3409,D110,R1966,Bangalore,Whitefield,Koramangala,2023-10-08 13:35:00,2023-10-08 13:40:00,2023-10-08 14:35:00,19.2,429,Completed,
T3410,D203,R2055,Mumbai,Juhu,Colaba,2023-10-03 13:25:00,,,0.0,0.0,Cancelled,Driver Cancelled
T3411,D195,R2521,Delhi,Saket,Dwarka,2023-10-19 11:34:00,,,0.0,0.0,Cancelled,Driver Cancelled
T3412,D311,R4999,Bangalore,HSR Layout,Whitefield,2023-10-04 09:27:00,2023-10-04 09:35:00,2023-10-04 09:56:00,7.2,221,Completed,
T3413,D286,R1392,Delhi,Saket,Rohini,2023-10-06 18:55:00,2023-10-06 19:02:00,2023-10-06 19:30:00,9.6,285,Completed,
T3414,D208,R1881,Mumbai,Juhu,Colaba,2023-10-19 00:58:00,2023-10-19 01:07:00,2023-10-19 02:05:00,18.6,500,Completed,
T3415,D124,R2508,Delhi,Vasant Kunj,Saket,2023-10-25 21:24:00,2023-10-25 21:35:00,2023-10-25 22:20:00,17.8,338,Completed,
T3416,D271,R3985,Delhi,Rohini,Vasant Kunj,2023-10-03 21:28:00,2023-10-03 21:31:00,2023-10-03 22:39:00,17.7,355,Completed,
T3417,D259,R1853,Mumbai,Juhu,Bandra,2023-10-12 07:54:00,2023-10-12 07:58:00,2023-10-12 08:11:00,3.7,117,Completed,
T3418,D259,R1642,Mumbai,Bandra,Colaba,2023-10-01 09:14:00,2023-10-01 09:18:00,2023-10-01 10:07:00,15.3,373,Completed,
T3419,D159,R3019,Delhi,Rohini,Dwarka,2023-10-18 15:53:00,2023-10-18 16:06:00,2023-10-18 16:49:00,13.9,366,Completed,
T3420,D157,R1545,Bangalore,Indiranagar,Whitefield,2023-10-30 15:47:00,2023-10-30 15:58:00,2023-10-30 16:58:00,16.5,334,Completed,
T3421,D318,R2522,Bangalore,Indiranagar,HSR Layout,2023-10-20 08:03:00,2023-10-20 08:09:00,2023-10-20 08:38:00,7.7,227,Completed,
T3422,D286,R4435,Delhi,Dwarka,Rohini,2023-10-26 14:59:00,2023-10-26 15:14:00,2023-10-26 16:14:00,20.2,374,Completed,
T3423,D189,R1460,Delhi,Connaught Place,Saket,2023-10-02 21:00:00,2023-10-02 21:06:00,2023-10-02 21:28:00,8.2,243,Completed,
T3424,D312,R2080,Delhi,Saket,Rohini,2023-10-11 22:40:00,2023-10-11 22:54:00,2023-10-11 23:28:00,13.7,265,Completed,
T3425,D148,R2974,Bangalore,Jayanagar,HSR Layout,2023-10-22 04:12:00,2023-10-22 04:16:00,2023-10-22 04:28:00,3.2,110,Completed,
T3426,D259,R4031,Mumbai,Powai,Bandra,2023-10-01 18:07:00,2023-10-01 18:13:00,2023-10-01 19:03:00,13.3,260,Completed,
T3427,D274,R1480,Delhi,Dwarka,Saket,2023-10-21 16:22:00,2023-10-21 16:29:00,2023-10-21 16:57:00,10.7,217,Completed,
T3428,D138,R3458,Bangalore,Koramangala,Whitefield,2023-10-10 05:49:00,2023-10-10 05:53:00,2023-10-10 06:05:00,4.6,158,Completed,
T3429,D123,R3834,Bangalore,Jayanagar,Koramangala,2023-10-07 03:51:00,2023-10-07 04:05:00,2023-10-07 04:13:00,2.4,108,Completed,
T3430,D282,R1445,Mumbai,Powai,Bandra,2023-10-24 13:48:00,2023-10-24 14:00:00,2023-10-24 14:35:00,9.9,293,Completed,
T3431,D271,R3647,Delhi,Connaught Place,Vasant Kunj,2023-10-28 16:56:00,2023-10-28 17:04:00,2023-10-28 17:16:00,4.9,146,Completed,
T3432,D317,R1483,Delhi,Connaught Place,Saket,2023-10-14 14:55:00,2023-10-14 14:57:00,2023-10-14 15:11:00,5.4,133,Completed,
T3433,D340,R1964,Mumbai,Andheri,Colaba,2023-10-11 04:03:00,2023-10-11 04:07:00,2023-10-11 04:57:00,19.0,509,Completed,
T3434,D156,R1784,Delhi,Connaught Place,Saket,2023-10-07 06:36:00,,,0.0,0.0,Cancelled,Driver Cancelled
T3435,D247,R2670,Bangalore,Koramangala,Whitefield,2023-10-25 04:42:00,2023-10-25 04:48:00,2023-10-25 05:49:00,16.0,294,Completed,
T3436,D107,R1755,Mumbai,Colaba,Andheri,2023-10-20 00:16:00,2023-10-20 00:25:00,2023-10-20 01:13:00,13.8,351,Completed,
T3437,D211,R3207,Delhi,Connaught Place,Vasant Kunj,2023-10-19 00:52:00,2023-10-19 00:54:00,2023-10-19 01:08:00,4.4,152,Completed,
T3438,D261,R4341,Delhi,Dwarka,Rohini,2023-10-23 21:42:00,2023-10-23 21:45:00,2023-10-23 22:43:00,19.0,472,Completed,
T3439,D207,R4451,Delhi,Dwarka,Vasant Kunj,2023-10-17 10:03:00,2023-10-17 10:12:00,2023-10-17 10:45:00,11.6,277,Completed,
T3440,D105,R3529,Bangalore,Jayanagar,Koramangala,2023-10-02 14:44:00,2023-10-02 14:51:00,2023-10-02 15:01:00,3.2,114,Completed,
T3441,D137,R1073,Delhi,Rohini,Vasant Kunj,2023-10-13 02:17:00,2023-10-13 02:27:00,2023-10-13 03:18:00,19.5,481,Completed,
T3442,D188,R3571,Delhi,Vasant Kunj,Dwarka,2023-10-27 03:25:00,2023-10-27 03:37:00,2023-10-27 04:06:00,11.9,257,Completed,
T3443,D192,R1077,Delhi,Dwarka,Saket,2023-10-19 08:42:00,2023-10-19 08:48:00,2023-10-19 09:30:00,11.9,241,Completed,
T3444,D347,R4902,Bangalore,Whitefield,Jayanagar,2023-10-17 23:37:00,2023-10-17 23:47:00,2023-10-18 00:01:00,4.8,158,Completed,
T3445,D255,R4141,Mumbai,Juhu,Colaba,2023-10-18 22:49:00,2023-10-18 22:57:00,2023-10-18 23:22:00,10.0,219,Completed,
T3446,D227,R3022,Mumbai,Juhu,Colaba,2023-10-19 02:23:00,2023-10-19 02:29:00,2023-10-19 02:39:00,3.8,116,Completed,
T3447,D272,R1528,Bangalore,Koramangala,Jayanagar,2023-10-23 22:14:00,2023-10-23 22:21:00,2023-10-23 23:12:00,18.6,485,Completed,
T3448,D278,R3139,Delhi,Dwarka,Saket,2023-10-08 15:09:00,2023-10-08 15:11:00,2023-10-08 16:29:00,23.6,592,Completed,
T3449,D184,R4380,Mumbai,Bandra,Colaba,2023-10-10 09:57:00,2023-10-10 10:03:00,2023-10-10 10:51:00,13.8,293,Completed,
T3450,D323,R2973,Bangalore,Jayanagar,HSR Layout,2023-10-21 15:26:00,2023-10-21 15:30:00,2023-10-21 15:48:00,5.6,166,Completed,
T3451,D320,R2551,Mumbai,Andheri,Bandra,2023-10-16 05:41:00,2023-10-16 05:46:00,2023-10-16 06:21:00,10.4,244,Completed,
T3452,D339,R2880,Bangalore,HSR Layout,Indiranagar,2023-10-26 10:30:00,2023-10-26 10:37:00,2023-10-26 11:03:00,9.7,225,Completed,
T3453,D174,R2357,Mumbai,Bandra,Powai,2023-10-19 01:16:00,2023-10-19 01:20:00,2023-10-19 02:20:00,15.4,415,Completed,
T3454,D311,R3060,Bangalore,Indiranagar,Koramangala,2023-10-13 03:06:00,2023-10-13 03:11:00,2023-10-13 03:24:00,4.9,140,Completed,
T3455,D196,R3000,Delhi,Saket,Vasant Kunj,2023-10-01 22:40:00,2023-10-01 22:55:00,2023-10-01 23:54:00,16.9,460,Completed,
T3456,D115,R2404,Bangalore,Jayanagar,Whitefield,2023-10-10 16:16:00,2023-10-10 16:24:00,2023-10-10 16:38:00,5.6,181,Completed,
T3457,D125,R3942,Delhi,Saket,Connaught Place,2023-10-17 01:58:00,2023-10-17 02:01:00,2023-10-17 02:10:00,2.9,111,Completed,
T3458,D263,R2041,Delhi,Vasant Kunj,Saket,2023-10-20 15:52:00,,,0.0,0.0,Cancelled,Rider Cancelled
T3459,D313,R2198,Delhi,Vasant Kunj,Rohini,2023-10-07 14:49:00,2023-10-07 15:04:00,2023-10-07 16:23:00,20.7,503,Completed,
T3460,D179,R2314,Bangalore,Whitefield,HSR Layout,2023-10-19 06:57:00,2023-10-19 07:01:00,2023-10-19 08:18:00,19.9,409,Completed,
T3461,D146,R2486,Delhi,Rohini,Connaught Place,2023-10-25 13:59:00,2023-10-25 14:14:00,2023-10-25 15:23:00,18.0,436,Completed,
T3462,D287,R3689,Bangalore,HSR Layout,Koramangala,2023-10-09 05:37:00,,,0.0,0.0,Cancelled,Payment Issue
T3463,D296,R3125,Bangalore,HSR Layout,Jayanagar,2023-10-01 18:12:00,2023-10-01 18:15:00,2023-10-01 19:00:00,13.9,381,Completed,
T3464,D104,R1416,Delhi,Vasant Kunj,Connaught Place,2023-10-19 18:07:00,2023-10-19 18:21:00,2023-10-19 18:31:00,4.1,139,Completed,
T3465,D170,R4546,Delhi,Vasant Kunj,Dwarka,2023-10-13 17:54:00,2023-10-13 18:05:00,2023-10-13 18:35:00,10.8,291,Completed,
T3466,D286,R2333,Delhi,Connaught Place,Vasant Kunj,2023-10-04 19:16:00,2023-10-04 19:21:00,2023-10-04 19:49:00,9.6,272,Completed,
T3467,D168,R4352,Delhi,Connaught Place,Dwarka,2023-10-22 01:43:00,2023-10-22 01:51:00,2023-10-22 02:17:00,8.4,217,Completed,
T3468,D223,R2208,Delhi,Connaught Place,Rohini,2023-10-26 11:16:00,2023-10-26 11:18:00,2023-10-26 11:25:00,2.2,102,Completed,
T3469,D236,R3480,Mumbai,Juhu,Colaba,2023-10-02 06:29:00,2023-10-02 06:41:00,2023-10-02 08:17:00,24.1,570,Completed,
T3470,D194,R2116,Mumbai,Bandra,Juhu,2023-10-11 08:47:00,2023-10-11 09:02:00,2023-10-11 09:10:00,3.2,125,Completed,
T3471,D322,R4808,Bangalore,HSR Layout,Jayanagar,2023-10-08 09:12:00,2023-10-08 09:23:00,2023-10-08 09:36:00,4.8,151,Completed,
T3472,D135,R4447,Mumbai,Andheri,Juhu,2023-10-06 08:27:00,2023-10-06 08:30:00,2023-10-06 09:47:00,21.8,546,Completed,
T3473,D139,R2634,Mumbai,Andheri,Colaba,2023-10-17 05:26:00,2023-10-17 05:31:00,2023-10-17 05:53:00,8.5,193,Completed,
T3474,D226,R2021,Delhi,Vasant Kunj,Connaught Place,2023-10-19 01:55:00,2023-10-19 02:10:00,2023-10-19 03:31:00,21.0,468,Completed,
T3475,D149,R2936,Mumbai,Andheri,Powai,2023-10-15 22:47:00,2023-10-15 22:50:00,2023-10-15 23:54:00,24.7,477,Completed,
T3476,D120,R1744,Delhi,Connaught Place,Rohini,2023-10-02 08:35:00,2023-10-02 08:47:00,2023-10-02 09:23:00,13.3,297,Completed,
T3477,D258,R3937,Delhi,Vasant Kunj,Saket,2023-10-09 00:10:00,2023-10-09 00:12:00,2023-10-09 01:46:00,23.7,428,Completed,
T3478,D217,R4299,Delhi,Rohini,Connaught Place,2023-10-24 11:29:00,2023-10-24 11:44:00,2023-10-24 12:35:00,18.1,495,Completed,
T3479,D128,R3320,Mumbai,Juhu,Colaba,2023-10-18 13:04:00,2023-10-18 13:06:00,2023-10-18 14:01:00,21.0,544,Completed,
T3480,D125,R1889,Delhi,Rohini,Connaught Place,2023-10-24 09:14:00,2023-10-24 09:27:00,2023-10-24 09:55:00,11.1,292,Completed,
T3481,D210,R4987,Mumbai,Colaba,Bandra,2023-10-02 22:04:00,2023-10-02 22:18:00,2023-10-02 23:31:00,21.8,569,Completed,
T3482,D158,R2625,Bangalore,Indiranagar,HSR Layout,2023-10-26 20:06:00,2023-10-26 20:08:00,2023-10-26 20:26:00,6.9,208,Completed,
T3483,D154,R3716,Delhi,Connaught Place,Vasant Kunj,2023-10-12 02:46:00,2023-10-12 02:51:00,2023-10-12 03:17:00,8.9,271,Completed,
T3484,D211,R4242,Delhi,Dwarka,Vasant Kunj,2023-10-06 02:11:00,2023-10-06 02:22:00,2023-10-06 02:58:00,12.6,255,Completed,
T3485,D126,R1858,Mumbai,Colaba,Bandra,2023-10-26 00:19:00,2023-10-26 00:28:00,2023-10-26 01:00:00,9.2,196,Completed,
T3486,D226,R4728,Delhi,Saket,Connaught Place,2023-10-25 19:53:00,2023-10-25 19:59:00,2023-10-25 20:48:00,18.9,370,Completed,
T3487,D253,R3518,Bangalore,Indiranagar,Koramangala,2023-10-11 04:07:00,2023-10-11 04:12:00,2023-10-11 04:42:00,7.6,228,Completed,
T3488,D266,R4185,Mumbai,Bandra,Colaba,2023-10-12 04:16:00,2023-10-12 04:23:00,2023-10-12 05:08:00,14.9,351,Completed,
T3489,D346,R2033,Bangalore,Koramangala,Jayanagar,2023-10-03 04:14:00,2023-10-03 04:22:00,2023-10-03 05:03:00,14.3,265,Completed,
T3490,D156,R3700,Delhi,Saket,Rohini,2023-10-27 22:44:00,2023-10-27 22:54:00,2023-10-27 23:01:00,2.4,92,Completed,
T3491,D193,R1110,Mumbai,Andheri,Juhu,2023-10-25 04:41:00,2023-10-25 04:56:00,2023-10-25 05:55:00,15.5,342,Completed,
T3492,D157,R3278,Bangalore,Koramangala,HSR Layout,2023-10-08 01:19:00,2023-10-08 01:25:00,2023-10-08 02:21:00,18.3,482,Completed,
T3493,D115,R4075,Bangalore,HSR Layout,Koramangala,2023-10-09 10:01:00,2023-10-09 10:12:00,2023-10-09 11:06:00,17.5,380,Completed,
T3494,D185,R1706,Bangalore,Whitefield,Indiranagar,2023-10-23 18:01:00,2023-10-23 18:08:00,2023-10-23 19:03:00,15.1,427,Completed,
T3495,D144,R4774,Mumbai,Powai,Colaba,2023-10-03 21:37:00,,,0.0,0.0,Cancelled,Driver Not Found
T3496,D110,R3517,Bangalore,HSR Layout,Koramangala,2023-10-03 20:19:00,2023-10-03 20:34:00,2023-10-03 20:56:00,5.9,154,Completed,
T3497,D276,R3221,Mumbai,Juhu,Colaba,2023-10-21 19:23:00,2023-10-21 19:35:00,2023-10-21 20:12:00,12.6,244,Completed,
T3498,D343,R2266,Mumbai,Powai,Bandra,2023-10-20 13:16:00,2023-10-20 13:28:00,2023-10-20 14:12:00,13.2,374,Completed,
T3499,D208,R2985,Mumbai,Andheri,Powai,2023-10-14 08:21:00,2023-10-14 08:28:00,2023-10-14 09:36:00,17.8,334,Completed,
T3500,D330,R2005,Delhi,Connaught Place,Rohini,2023-10-27 07:25:00,,2023-10-27 08:28:00,20.2,394,Completed,
T3501,D207,R2275,Delhi,Connaught Place,Dwarka,2023-10-03 10:07:00,2023-10-03 10:19:00,2023-10-03 10:58:00,14.5,327,Completed,
T3502,D335,R1725,Delhi,Saket,Vasant Kunj,2023-10-13 18:25:00,2023-10-13 18:31:00,2023-10-13 20:04:00,23.9,482,Completed,
T3503,D330,R3745,Delhi,Vasant Kunj,Saket,2023-10-28 07:41:00,,,0.0,0.0,Cancelled,Driver Cancelled
T3504,D315,R3054,Mumbai,Bandra,Powai,2023-10-30 16:28:00,2023-10-30 16:38:00,2023-10-30 17:46:00,18.8,392,Completed,
T3505,D204,R3349,Bangalore,Indiranagar,HSR Layout,2023-10-17 12:00:00,2023-10-17 12:14:00,2023-10-17 13:09:00,17.4,356,Completed,
T3506,D313,R2256,Delhi,Connaught Place,Rohini,2023-10-03 03:37:00,,,0.0,0.0,Cancelled,Driver Cancelled
T3507,D224,R4157,Mumbai,Powai,Juhu,2023-10-10 04:25:00,2023-10-10 04:27:00,2023-10-10 05:18:00,20.6,398,Completed,
T3508,D259,R3847,Mumbai,Bandra,Juhu,2023-10-18 02:11:00,2023-10-18 02:16:00,2023-10-18 02:41:00,9.0,269,Completed,
T3509,D220,R2151,Delhi,Connaught Place,Saket,2023-10-08 10:35:00,2023-10-08 10:42:00,2023-10-08 11:41:00,19.8,536,Completed,
T3510,D218,R3424,Mumbai,Bandra,Juhu,2023-10-13 08:50:00,2023-10-13 08:56:00,2023-10-13 10:04:00,23.4,479,Completed,
T3511,D218,R1612,Mumbai,Powai,Bandra,2023-10-14 05:58:00,2023-10-14 06:12:00,2023-10-14 07:00:00,14.0,294,Completed,
T3512,D161,R3520,Bangalore,Indiranagar,Whitefield,2023-10-29 17:02:00,,,0.0,0.0,Cancelled,Rider Cancelled
T3513,D157,R1959,Bangalore,Whitefield,HSR Layout,2023-10-18 15:59:00,2023-10-18 16:05:00,2023-10-18 16:41:00,9.7,226,Completed,
T3514,D341,R1202,Delhi,Connaught Place,Saket,2023-10-11 06:57:00,2023-10-11 07:06:00,2023-10-11 07:48:00,15.5,347,Completed,
T3515,D165,R1891,Bangalore,Indiranagar,Whitefield,2023-10-23 21:10:00,2023-10-23 21:24:00,2023-10-23 21:42:00,4.7,149,Completed,
T3516,D327,R4398,Bangalore,Indiranagar,Jayanagar,2023-10-19 06:47:00,2023-10-19 07:01:00,2023-10-19 08:24:00,22.5,589,Completed,
T3517,D324,R3238,Mumbai,Powai,Andheri,2023-10-03 10:58:00,2023-10-03 11:11:00,2023-10-03 11:37:00,10.1,253,Completed,
T3518,D337,R4306,Delhi,Connaught Place,Vasant Kunj,2023-10-21 01:08:00,2023-10-21 01:19:00,2023-10-21 01:30:00,3.9,114,Completed,
T3519,D174,R1476,Mumbai,Juhu,Andheri,2023-10-28 06:00:00,2023-10-28 06:10:00,2023-10-28 06:21:00,3.3,132,Completed,
T3520,D292,R2810,Bangalore,Indiranagar,Koramangala,2023-10-21 12:35:00,2023-10-21 12:47:00,2023-10-21 14:14:00,22.1,414,Completed,
T3521,D345,R2484,Bangalore,Indiranagar,Koramangala,2023-10-11 14:55:00,2023-10-11 14:57:00,2023-10-11 15:30:00,12.0,237,Completed,
T3522,D251,R1383,Bangalore,Jayanagar,HSR Layout,2023-10-06 19:45:00,2023-10-06 19:58:00,2023-10-06 20:15:00,6.0,181,Completed,
T3523,D232,R2919,Delhi,Vasant Kunj,Rohini,2023-10-04 22:02:00,2023-10-04 22:05:00,2023-10-04 22:20:00,5.1,143,Completed,
T3524,D131,R3846,Delhi,Vasant Kunj,Dwarka,2023-10-21 15:49:00,2023-10-21 16:00:00,2023-10-21 16:57:00,16.2,450,Completed,
T3525,D220,R3331,Delhi,Connaught Place,Rohini,2023-10-27 19:01:00,2023-10-27 19:13:00,2023-10-27 19:43:00,7.8,190,Completed,
T3526,D294,R3142,Delhi,Connaught Place,Rohini,2023-10-08 23:34:00,2023-10-08 23:48:00,2023-10-08 23:58:00,3.4,123,Completed,
T3527,D123,R4994,Bangalore,Indiranagar,Koramangala,2023-10-17 04:08:00,2023-10-17 04:21:00,2023-10-17 04:37:00,6.3,153,Completed,
T3528,D226,R4405,Delhi,Vasant Kunj,Saket,2023-10-26 06:56:00,2023-10-26 07:01:00,2023-10-26 07:58:00,21.7,473,Completed,
T3529,D319,R2269,Mumbai,Powai,Colaba,2023-10-05 09:38:00,,,0.0,0.0,Cancelled,Driver Not Found
T3530,D209,R1983,Bangalore,Whitefield,Koramangala,2023-10-15 17:38:00,2023-10-15 17:47:00,2023-10-15 18:26:00,13.1,346,Completed,
T3531,D208,R1502,Mumbai,Colaba,Andheri,2023-10-18 22:44:00,2023-10-18 22:49:00,2023-10-18 23:41:00,17.9,444,Completed,
T3532,D195,R2772,Delhi,Vasant Kunj,Saket,2023-10-03 13:47:00,2023-10-03 13:53:00,2023-10-03 15:06:00,24.5,627,Completed,
T3533,D120,R2224,Delhi,Dwarka,Vasant Kunj,2023-10-04 09:11:00,2023-10-04 09:13:00,2023-10-04 10:06:00,20.7,512,Completed,
T3534,D148,R2343,Bangalore,Whitefield,Jayanagar,2023-10-29 16:31:00,,,0.0,0.0,Cancelled,Payment Issue
T3535,D339,R1238,Bangalore,Indiranagar,Jayanagar,2023-10-26 11:05:00,2023-10-26 11:12:00,2023-10-26 12:07:00,19.3,516,Completed,
T3536,D249,R1713,Bangalore,HSR Layout,Koramangala,2023-10-07 07:53:00,2023-10-07 07:55:00,2023-10-07 08:03:00,3.1,117,Completed,
T3537,D204,R3218,Bangalore,HSR Layout,Indiranagar,2023-10-23 15:12:00,2023-10-23 15:18:00,2023-10-23 16:07:00,13.1,361,Completed,
T3538,D218,R1289,Mumbai,Juhu,Andheri,2023-10-30 06:45:00,2023-10-30 06:51:00,2023-10-30 07:41:00,15.8,372,Completed,
T3539,D309,R2252,Mumbai,Powai,Bandra,2023-10-30 07:24:00,2023-10-30 07:29:00,2023-10-30 08:26:00,19.1,432,Completed,
T3540,D243,R4578,Delhi,Dwarka,Saket,2023-10-03 22:14:00,2023-10-03 22:22:00,2023-10-03 22:35:00,3.6,104,Completed,
T3541,D285,R3293,Bangalore,Koramangala,Indiranagar,2023-10-15 04:16:00,2023-10-15 04:26:00,2023-10-15 04:41:00,5.6,145,Completed,
T3542,D118,R4819,Bangalore,HSR Layout,Indiranagar,2023-10-16 10:44:00,2023-10-16 10:52:00,2023-10-16 11:24:00,11.0,283,Completed,
T3543,D346,R3083,Bangalore,Koramangala,Whitefield,2023-10-04 13:09:00,2023-10-04 13:21:00,2023-10-04 13:41:00,7.3,182,Completed,
T3544,D256,R3341,Mumbai,Colaba,Bandra,2023-10-28 15:49:00,2023-10-28 16:01:00,2023-10-28 16:25:00,7.0,207,Completed,
T3545,D306,R1360,Delhi,Rohini,Dwarka,2023-10-14 16:19:00,2023-10-14 16:31:00,2023-10-14 17:28:00,15.0,309,Completed,
T3546,D250,R1454,Mumbai,Powai,Juhu,2023-10-01 23:20:00,2023-10-01 23:32:00,2023-10-01 23:37:00,2.0,100,Completed,
T3547,D204,R3346,Bangalore,Koramangala,Whitefield,2023-10-17 18:00:00,2023-10-17 18:14:00,2023-10-17 18:43:00,8.9,191,Completed,
T3548,D216,R2847,Mumbai,Bandra,Andheri,2023-10-11 00:11:00,2023-10-11 00:25:00,2023-10-11 00:35:00,3.9,147,Completed,
T3549,D271,R3323,Delhi,Dwarka,Rohini,2023-10-07 10:25:00,2023-10-07 10:36:00,2023-10-07 11:37:00,21.0,385,Completed,
T3550,D298,R3050,Mumbai,Bandra,Colaba,2023-10-15 06:12:00,2023-10-15 06:25:00,2023-10-15 07:09:00,12.5,295,Completed,
T3551,D129,R4419,Delhi,Connaught Place,Dwarka,2023-10-02 01:03:00,2023-10-02 01:13:00,2023-10-02 02:30:00,21.1,555,Completed,
T3552,D158,R4796,Bangalore,Indiranagar,HSR Layout,2023-10-23 12:16:00,2023-10-23 12:19:00,2023-10-23 13:00:00,11.3,320,Completed,
T3553,D166,R3797,Delhi,Connaught Place,Dwarka,2023-10-18 04:35:00,,,0.0,0.0,Cancelled,Driver Not Found
T3554,D260,R2225,Mumbai,Powai,Andheri,2023-10-07 06:57:00,2023-10-07 07:10:00,2023-10-07 07:28:00,5.4,173,Completed,
T3555,D280,R1845,Mumbai,Bandra,Colaba,2023-10-05 15:41:00,2023-10-05 15:54:00,2023-10-05 16:27:00,10.8,243,Completed,
T3556,D287,R2000,Bangalore,Koramangala,HSR Layout,2023-10-19 14:58:00,2023-10-19 15:13:00,2023-10-19 15:36:00,7.5,232,Completed,
T3557,D334,R1560,Mumbai,Powai,Andheri,2023-10-27 08:33:00,,,0.0,0.0,Cancelled,Driver Cancelled
T3558,D209,R1822,Bangalore,Jayanagar,Whitefield,2023-10-03 06:32:00,2023-10-03 06:36:00,2023-10-03 08:07:00,23.8,573,Completed,
T3559,D118,R4479,Bangalore,HSR Layout,Whitefield,2023-10-10 07:37:00,2023-10-10 07:41:00,2023-10-10 08:41:00,17.2,462,Completed,
T3560,D207,R4887,Delhi,Dwarka,Rohini,2023-10-13 10:24:00,2023-10-13 10:32:00,2023-10-13 11:35:00,20.9,525,Completed,
T3561,D137,R1923,Delhi,Vasant Kunj,Dwarka,2023-10-11 04:06:00,2023-10-11 04:16:00,2023-10-11 05:14:00,16.3,350,Completed,
T3562,D313,R1057,Delhi,Dwarka,Rohini,2023-10-20 19:13:00,2023-10-20 19:25:00,2023-10-20 19:47:00,6.3,196,Completed,
T3563,D266,R2569,Mumbai,Andheri,Powai,2023-10-22 10:18:00,2023-10-22 10:31:00,2023-10-22 11:00:00,7.7,235,Completed,
T3564,D148,R2277,Bangalore,HSR Layout,Indiranagar,2023-10-06 04:09:00,2023-10-06 04:17:00,2023-10-06 04:55:00,11.6,279,Completed,
T3565,D310,R4838,Delhi,Vasant Kunj,Rohini,2023-10-29 13:11:00,2023-10-29 13:25:00,2023-10-29 14:05:00,10.6,224,Completed,
T3566,D261,R4200,Delhi,Dwarka,Saket,2023-10-26 18:38:00,2023-10-26 18:49:00,2023-10-26 20:25:00,24.1,629,Completed,
T3567,D135,R3407,Mumbai,Andheri,Colaba,2023-10-17 14:55:00,2023-10-17 15:05:00,2023-10-17 15:30:00,6.9,200,Completed,
T3568,D299,R3130,Mumbai,Powai,Juhu,2023-10-30 08:30:00,2023-10-30 08:38:00,2023-10-30 08:54:00,4.8,152,Completed,
T3569,D196,R2721,Delhi,Vasant Kunj,Saket,2023-10-30 23:22:00,,,0.0,0.0,Cancelled,Payment Issue
T3570,D293,R2635,Bangalore,Indiranagar,Koramangala,2023-10-14 03:44:00,2023-10-14 03:56:00,2023-10-14 04:20:00,7.9,229,Completed,
T3571,D179,R3767,Bangalore,HSR Layout,Whitefield,2023-10-02 21:05:00,2023-10-02 21:12:00,2023-10-02 21:56:00,15.2,340,Completed,
T3572,D348,R3979,Mumbai,Andheri,Juhu,2023-10-11 12:15:00,2023-10-11 12:22:00,2023-10-11 13:16:00,13.6,380,Completed,
T3573,D143,R3879,Mumbai,Powai,Bandra,2023-10-29 09:32:00,,,0.0,0.0,Cancelled,Rider Cancelled
T3574,D342,R2292,Delhi,Vasant Kunj,Dwarka,2023-10-23 13:55:00,2023-10-23 14:10:00,2023-10-23 15:32:00,21.1,518,Completed,
T3575,D189,R3484,Delhi,Connaught Place,Vasant Kunj,2023-10-17 17:05:00,2023-10-17 17:16:00,2023-10-17 18:31:00,23.6,612,Completed,
T3576,D178,R3765,Mumbai,Bandra,Powai,2023-10-14 14:13:00,2023-10-14 14:25:00,2023-10-14 14:50:00,6.9,189,Completed,
T3577,D323,R1856,Bangalore,HSR Layout,Jayanagar,2023-10-11 19:41:00,2023-10-11 19:44:00,2023-10-11 20:59:00,21.0,378,Completed,
T3578,D264,R1543,Mumbai,Bandra,Andheri,2023-10-11 10:54:00,2023-10-11 10:59:00,2023-10-11 11:43:00,15.9,309,Completed,
T3579,D168,R2461,Delhi,Vasant Kunj,Saket,2023-10-18 19:51:00,2023-10-18 20:02:00,2023-10-18 20:31:00,9.5,262,Completed,
T3580,D249,R1646,Bangalore,Whitefield,Indiranagar,2023-10-22 14:36:00,2023-10-22 14:41:00,2023-10-22 16:03:00,23.3,580,Completed,
T3581,D182,R2282,Bangalore,HSR Layout,Jayanagar,2023-10-18 02:51:00,2023-10-18 03:02:00,2023-10-18 03:08:00,2.1,99,Completed,
T3582,D137,R1343,Delhi,Vasant Kunj,Dwarka,2023-10-18 04:21:00,2023-10-18 04:23:00,2023-10-18 05:11:00,13.3,368,Completed,
T3583,D305,R1679,Delhi,Vasant Kunj,Connaught Place,2023-10-10 00:30:00,2023-10-10 00:33:00,2023-10-10 01:27:00,19.5,483,Completed,
T3584,D108,R2714,Delhi,Rohini,Connaught Place,2023-10-10 17:13:00,2023-10-10 17:15:00,2023-10-10 18:20:00,22.8,490,Completed,
T3585,D168,R3676,Delhi,Rohini,Dwarka,2023-10-28 20:33:00,2023-10-28 20:40:00,2023-10-28 21:11:00,11.3,227,Completed,
T3586,D141,R1200,Mumbai,Colaba,Bandra,2023-10-15 16:51:00,2023-10-15 16:53:00,2023-10-15 18:24:00,24.3,443,Completed,
T3587,D155,R1760,Mumbai,Andheri,Colaba,2023-10-04 04:49:00,2023-10-04 04:58:00,2023-10-04 05:33:00,13.7,336,Completed,
T3588,D168,R2817,Delhi,Dwarka,Rohini,2023-10-25 09:23:00,,,0.0,0.0,Cancelled,Driver Not Found
T3589,D326,R1888,Mumbai,Powai,Andheri,2023-10-07 01:08:00,2023-10-07 01:11:00,2023-10-07 01:55:00,14.1,365,Completed,
T3590,D251,R1455,Bangalore,Jayanagar,Whitefield,2023-10-28 17:41:00,2023-10-28 17:51:00,2023-10-28 19:00:00,23.6,560,Completed,
T3591,D246,R4424,Bangalore,Jayanagar,Indiranagar,2023-10-02 13:55:00,2023-10-02 13:58:00,2023-10-02 15:10:00,20.1,359,Completed,
T3592,D175,R4889,Mumbai,Colaba,Andheri,2023-10-23 02:43:00,2023-10-23 02:57:00,2023-10-23 03:14:00,6.4,176,Completed,
T3593,D296,R4370,Bangalore,Jayanagar,Koramangala,2023-10-15 20:03:00,2023-10-15 20:07:00,2023-10-15 20:44:00,13.6,285,Completed,
T3594,D314,R1577,Mumbai,Andheri,Bandra,2023-10-07 17:46:00,2023-10-07 17:59:00,2023-10-07 18:31:00,9.5,239,Completed,
T3595,D105,R4925,Bangalore,HSR Layout,Whitefield,2023-10-05 07:29:00,2023-10-05 07:41:00,2023-10-05 08:18:00,11.3,282,Completed,
T3596,D124,R3589,Delhi,Saket,Dwarka,2023-10-20 10:54:00,2023-10-20 11:01:00,2023-10-20 11:18:00,5.8,142,Completed,
T3597,D146,R3223,Delhi,Connaught Place,Dwarka,2023-10-26 04:46:00,2023-10-26 04:59:00,2023-10-26 05:10:00,4.2,116,Completed,
T3598,D124,R3250,Delhi,Dwarka,Vasant Kunj,2023-10-27 11:18:00,2023-10-27 11:30:00,2023-10-27 12:05:00,10.6,267,Completed,
T3599,D191,R3317,Bangalore,Whitefield,Indiranagar,2023-10-09 04:43:00,2023-10-09 04:57:00,2023-10-09 06:00:00,22.6,586,Completed,
T3600,D107,R3542,Mumbai,Bandra,Andheri,2023-10-30 16:22:00,2023-10-30 16:31:00,2023-10-30 17:48:00,21.4,380,Completed,
T3601,D137,R2009,Delhi,Saket,Dwarka,2023-10-11 15:05:00,2023-10-11 15:10:00,2023-10-11 15:55:00,14.0,366,Completed,
T3602,D240,R4227,Bangalore,Whitefield,Jayanagar,2023-10-27 13:16:00,2023-10-27 13:19:00,2023-10-27 14:00:00,11.1,227,Completed,
T3603,D125,R3216,Delhi,Vasant Kunj,Dwarka,2023-10-22 02:07:00,2023-10-22 02:13:00,2023-10-22 02:56:00,16.6,310,Completed,
T3604,D145,R1015,Delhi,Connaught Place,Dwarka,2023-10-17 01:22:00,2023-10-17 01:24:00,2023-10-17 02:29:00,19.7,346,Completed,
T3605,D294,R2084,Delhi,Dwarka,Rohini,2023-10-28 14:04:00,2023-10-28 14:12:00,2023-10-28 14:29:00,6.9,187,Completed,
T3606,D302,R2096,Bangalore,Jayanagar,Whitefield,2023-10-19 02:49:00,2023-10-19 02:53:00,2023-10-19 03:35:00,13.4,374,Completed,
T3607,D219,R1092,Bangalore,Jayanagar,Indiranagar,2023-10-30 19:08:00,2023-10-30 19:18:00,2023-10-30 19:32:00,4.7,121,Completed,
T3608,D266,R2685,Mumbai,Colaba,Andheri,2023-10-24 00:58:00,2023-10-24 01:09:00,2023-10-24 01:42:00,13.2,310,Completed,
T3609,D109,R4527,Delhi,Rohini,Saket,2023-10-18 05:54:00,2023-10-18 06:06:00,2023-10-18 07:01:00,18.6,474,Completed,
T3610,D310,R2736,Delhi,Dwarka,Saket,2023-10-11 07:14:00,2023-10-11 07:16:00,2023-10-11 07:59:00,15.6,345,Completed,
T3611,D147,R3100,Bangalore,Jayanagar,Indiranagar,2023-10-04 22:45:00,2023-10-04 22:51:00,2023-10-04 23:30:00,14.0,293,Completed,
T3612,D286,R3972,Delhi,Saket,Connaught Place,2023-10-04 00:06:00,2023-10-04 00:16:00,2023-10-04 01:21:00,22.3,402,Completed,
T3613,D245,R4345,Bangalore,Koramangala,Indiranagar,2023-10-05 18:08:00,,,0.0,0.0,Cancelled,Driver Cancelled
T3614,D172,R2446,Bangalore,Koramangala,HSR Layout,2023-10-28 17:03:00,2023-10-28 17:06:00,2023-10-28 17:47:00,10.6,236,Completed,
T3615,D153,R1788,Mumbai,Bandra,Juhu,2023-10-12 04:31:00,2023-10-12 04:40:00,2023-10-12 05:46:00,23.7,626,Completed,
T3616,D148,R3157,Bangalore,Koramangala,Jayanagar,2023-10-03 10:40:00,2023-10-03 10:45:00,2023-10-03 10:59:00,4.9,134,Completed,
T3617,D278,R4121,Delhi,Dwarka,Rohini,2023-10-27 17:02:00,,,0.0,0.0,Cancelled,Rider Cancelled
T3618,D107,R2345,Mumbai,Andheri,Colaba,2023-10-13 15:11:00,2023-10-13 15:13:00,2023-10-13 15:46:00,10.2,224,Completed,
T3619,D191,R4249,Bangalore,Whitefield,Jayanagar,2023-10-17 19:02:00,2023-10-17 19:17:00,2023-10-17 19:24:00,2.3,102,Completed,
T3620,D330,R1672,Delhi,Connaught Place,Vasant Kunj,2023-10-05 14:10:00,2023-10-05 14:25:00,2023-10-05 15:07:00,12.6,295,Completed,
T3621,D294,R3580,Delhi,Rohini,Vasant Kunj,2023-10-16 00:48:00,2023-10-16 00:58:00,2023-10-16 01:35:00,10.1,229,Completed,
T3622,D343,R3646,Mumbai,Juhu,Colaba,2023-10-05 20:53:00,2023-10-05 21:08:00,2023-10-05 21:51:00,12.7,251,Completed,
T3623,D228,R1774,Mumbai,Powai,Bandra,2023-10-23 08:43:00,2023-10-23 08:53:00,2023-10-23 09:58:00,19.8,540,Completed,
T3624,D323,R1427,Bangalore,Whitefield,HSR Layout,2023-10-24 04:26:00,2023-10-24 04:39:00,2023-10-24 05:51:00,20.0,451,Completed,
T3625,D128,R1445,Mumbai,Juhu,Andheri,2023-10-29 16:52:00,2023-10-29 16:57:00,2023-10-29 17:32:00,12.7,339,Completed,
T3626,D299,R1005,Mumbai,Juhu,Bandra,2023-10-22 13:08:00,2023-10-22 13:10:00,2023-10-22 13:17:00,2.5,103,Completed,
T3627,D105,R3901,Bangalore,HSR Layout,Whitefield,2023-10-09 05:16:00,2023-10-09 05:22:00,2023-10-09 05:35:00,5.1,160,Completed,
T3628,D292,R2858,Bangalore,Jayanagar,Whitefield,2023-10-06 01:32:00,2023-10-06 01:36:00,2023-10-06 02:28:00,14.1,361,Completed,
T3629,D231,R1927,Mumbai,Juhu,Bandra,2023-10-30 20:36:00,2023-10-30 20:47:00,2023-10-30 21:00:00,4.6,138,Completed,
T3630,D133,R4090,Bangalore,Jayanagar,Indiranagar,2023-10-17 18:47:00,,,0.0,0.0,Cancelled,Other
T3631,D116,R2696,Bangalore,HSR Layout,Jayanagar,2023-10-25 14:38:00,2023-10-25 14:43:00,2023-10-25 15:56:00,22.4,398,Completed,
T3632,D127,R1080,Mumbai,Powai,Bandra,2023-10-12 04:14:00,2023-10-12 04:25:00,2023-10-12 05:31:00,23.4,426,Completed,
T3633,D135,R4054,Mumbai,Andheri,Juhu,2023-10-25 23:33:00,2023-10-25 23:44:00,2023-10-26 00:11:00,7.2,217,Completed,
T3634,D235,R2749,Delhi,Dwarka,Saket,2023-10-22 17:03:00,2023-10-22 17:11:00,2023-10-22 17:50:00,15.3,321,Completed,
T3635,D108,R4559,Delhi,Rohini,Dwarka,2023-10-16 23:10:00,2023-10-16 23:19:00,2023-10-17 00:23:00,19.1,464,Completed,
T3636,D210,R1799,Mumbai,Juhu,Bandra,2023-10-08 04:10:00,2023-10-08 04:19:00,2023-10-08 05:35:00,20.1,544,Completed,
T3637,D179,R2343,Bangalore,Koramangala,Indiranagar,2023-10-24 20:33:00,2023-10-24 20:38:00,2023-10-24 21:29:00,13.1,329,Completed,
T3638,D118,R4482,Bangalore,Whitefield,Indiranagar,2023-10-25 16:13:00,2023-10-25 16:27:00,2023-10-25 17:05:00,13.6,328,Completed,
T3639,D112,R1793,Bangalore,Jayanagar,Whitefield,2023-10-21 01:06:00,2023-10-21 01:17:00,2023-10-21 01:52:00,9.6,266,Completed,
T3640,D241,R4671,Delhi,Connaught Place,Vasant Kunj,2023-10-21 10:22:00,2023-10-21 10:27:00,2023-10-21 11:00:00,10.8,272,Completed,
T3641,D191,R4934,Bangalore,Whitefield,Koramangala,2023-10-05 09:35:00,,,0.0,0.0,Cancelled,Rider Cancelled
T3642,D203,R3517,Mumbai,Andheri,Colaba,2023-10-19 20:10:00,2023-10-19 20:13:00,2023-10-19 20:47:00,10.3,269,Completed,
T3643,D158,R4982,Bangalore,HSR Layout,Koramangala,2023-10-14 11:33:00,2023-10-14 11:41:00,2023-10-14 12:13:00,9.0,237,Completed,
T3644,D255,R4433,Mumbai,Colaba,Juhu,2023-10-05 14:28:00,2023-10-05 14:38:00,2023-10-05 15:35:00,20.2,430,Completed,
T3645,D136,R2539,Mumbai,Andheri,Juhu,2023-10-24 20:46:00,,,0.0,0.0,Cancelled,Driver Cancelled
T3646,D161,R1557,Bangalore,Indiranagar,Koramangala,2023-10-28 13:37:00,2023-10-28 13:41:00,2023-10-28 14:22:00,11.5,307,Completed,
T3647,D238,R3139,Delhi,Vasant Kunj,Rohini,2023-10-04 05:45:00,2023-10-04 05:53:00,2023-10-04 07:05:00,22.8,404,Completed,
T3648,D237,R2298,Bangalore,Jayanagar,HSR Layout,2023-10-24 06:12:00,2023-10-24 06:20:00,2023-10-24 07:17:00,17.5,368,Completed,
T3649,D298,R2535,Mumbai,Powai,Colaba,2023-10-24 16:33:00,2023-10-24 16:35:00,2023-10-24 17:29:00,20.9,553,Completed,
T3650,D308,R4234,Delhi,Vasant Kunj,Dwarka,2023-10-21 23:11:00,2023-10-21 23:23:00,2023-10-21 23:37:00,3.8,141,Completed,
T3651,D168,R1934,Delhi,Vasant Kunj,Connaught Place,2023-10-17 17:25:00,,,0.0,0.0,Cancelled,Driver Cancelled
T3652,D163,R1961,Mumbai,Bandra,Powai,2023-10-07 03:27:00,2023-10-07 03:31:00,2023-10-07 04:14:00,11.9,317,Completed,
T3653,D212,R1537,Bangalore,HSR Layout,Indiranagar,2023-10-19 23:02:00,2023-10-19 23:07:00,2023-10-20 00:00:00,16.7,464,Completed,
T3654,D335,R4673,Delhi,Rohini,Connaught Place,2023-10-04 03:12:00,2023-10-04 03:16:00,2023-10-04 03:53:00,12.4,320,Completed,
T3655,D163,R3874,Mumbai,Andheri,Colaba,2023-10-17 21:40:00,2023-10-17 21:45:00,2023-10-17 22:11:00,8.7,261,Completed,
T3656,D273,R3572,Delhi,Vasant Kunj,Rohini,2023-10-28 21:21:00,2023-10-28 21:35:00,2023-10-28 22:39:00,16.6,340,Completed,
T3657,D112,R3149,Bangalore,Koramangala,HSR Layout,2023-10-21 04:22:00,2023-10-21 04:27:00,2023-10-21 05:08:00,15.8,354,Completed,
T3658,D185,R3080,Bangalore,Whitefield,Koramangala,2023-10-21 20:26:00,2023-10-21 20:37:00,2023-10-21 21:39:00,15.7,340,Completed,
T3659,D237,R1391,Bangalore,Indiranagar,Whitefield,2023-10-08 01:40:00,2023-10-08 01:44:00,2023-10-08 02:45:00,18.2,498,Completed,
T3660,D109,R2908,Delhi,Connaught Place,Saket,2023-10-18 17:28:00,2023-10-18 17:30:00,2023-10-18 18:12:00,12.1,317,Completed,
T3661,D318,R2644,Bangalore,Indiranagar,HSR Layout,2023-10-25 18:00:00,2023-10-25 18:10:00,2023-10-25 19:05:00,15.3,323,Completed,
T3662,D217,R4477,Delhi,Rohini,Connaught Place,2023-10-10 03:47:00,2023-10-10 03:59:00,2023-10-10 04:07:00,2.3,88,Completed,
T3663,D216,R1381,Mumbai,Colaba,Powai,2023-10-06 21:56:00,2023-10-06 22:05:00,2023-10-06 22:56:00,15.5,328,Completed,
T3664,D306,R4754,Delhi,Connaught Place,Vasant Kunj,2023-10-03 12:32:00,2023-10-03 12:47:00,2023-10-03 13:49:00,15.9,437,Completed,
T3665,D290,R3494,Bangalore,Indiranagar,Whitefield,2023-10-05 08:11:00,2023-10-05 08:21:00,2023-10-05 08:40:00,5.0,133,Completed,
T3666,D118,R1502,Bangalore,HSR Layout,Jayanagar,2023-10-18 06:21:00,2023-10-18 06:24:00,2023-10-18 07:07:00,12.4,248,Completed,
T3667,D124,R1513,Delhi,Rohini,Saket,2023-10-08 05:22:00,,,0.0,0.0,Cancelled,Other
T3668,D188,R4661,Delhi,Rohini,Vasant Kunj,2023-10-23 22:33:00,2023-10-23 22:37:00,2023-10-23 23:59:00,23.5,576,Completed,
T3669,D159,R2149,Delhi,Dwarka,Connaught Place,2023-10-18 17:27:00,2023-10-18 17:29:00,2023-10-18 18:10:00,16.2,383,Completed,
T3670,D153,R1627,Mumbai,Bandra,Andheri,2023-10-26 22:16:00,2023-10-26 22:31:00,2023-10-26 23:46:00,21.7,487,Completed,
T3671,D168,R2999,Delhi,Vasant Kunj,Saket,2023-10-06 18:16:00,2023-10-06 18:23:00,2023-10-06 18:55:00,10.1,224,Completed,
T3672,D224,R1939,Mumbai,Powai,Juhu,2023-10-06 10:12:00,2023-10-06 10:18:00,2023-10-06 11:42:00,24.3,454,Completed,
T3673,D108,R4581,Delhi,Connaught Place,Dwarka,2023-10-13 12:13:00,2023-10-13 12:25:00,2023-10-13 12:44:00,7.0,172,Completed,
T3674,D344,R2323,Mumbai,Colaba,Powai,2023-10-01 09:16:00,2023-10-01 09:20:00,2023-10-01 10:04:00,13.7,318,Completed,
T3675,D153,R2635,Mumbai,Colaba,Bandra,2023-10-02 22:30:00,2023-10-02 22:39:00,2023-10-02 23:34:00,14.6,397,Completed,
T3676,D189,R3893,Delhi,Connaught Place,Dwarka,2023-10-01 17:28:00,2023-10-01 17:32:00,2023-10-01 17:46:00,3.8,120,Completed,
T3677,D318,R4502,Bangalore,HSR Layout,Indiranagar,2023-10-25 19:59:00,2023-10-25 20:09:00,2023-10-25 20:51:00,13.6,266,Completed,
T3678,D144,R3086,Mumbai,Andheri,Bandra,2023-10-15 10:02:00,2023-10-15 10:13:00,2023-10-15 11:20:00,24.1,435,Completed,
T3679,D336,R2995,Delhi,Rohini,Connaught Place,2023-10-07 23:57:00,,,0.0,0.0,Cancelled,Driver Not Found
T3680,D211,R4424,Delhi,Vasant Kunj,Connaught Place,2023-10-16 09:59:00,2023-10-16 10:01:00,2023-10-16 10:54:00,19.0,397,Completed,
T3681,D206,R1673,Bangalore,Koramangala,HSR Layout,2023-10-05 13:37:00,2023-10-05 13:44:00,2023-10-05 14:37:00,18.6,345,Completed,
T3682,D191,R3914,Bangalore,Whitefield,Indiranagar,2023-10-17 06:54:00,2023-10-17 07:09:00,2023-10-17 07:52:00,13.3,318,Completed,
T3683,D323,R3795,Bangalore,HSR Layout,Indiranagar,2023-10-28 03:16:00,2023-10-28 03:20:00,2023-10-28 03:44:00,9.2,265,Completed,
T3684,D147,R3301,Bangalore,Indiranagar,HSR Layout,2023-10-14 23:23:00,2023-10-14 23:32:00,2023-10-15 00:15:00,16.1,391,Completed,
T3685,D331,R3692,Bangalore,HSR Layout,Indiranagar,2023-10-24 18:47:00,2023-10-24 18:58:00,2023-10-24 19:57:00,18.3,381,Completed,
T3686,D127,R1920,Mumbai,Andheri,Bandra,2023-10-12 06:30:00,2023-10-12 06:40:00,2023-10-12 07:43:00,17.8,435,Completed,
T3687,D307,R1986,Mumbai,Andheri,Colaba,2023-10-26 09:47:00,2023-10-26 09:51:00,2023-10-26 10:05:00,4.6,165,Completed,
T3688,D254,R1667,Bangalore,Koramangala,Whitefield,2023-10-01 07:47:00,,,0.0,0.0,Cancelled,Rider Cancelled
T3689,D288,R2694,Mumbai,Colaba,Juhu,2023-10-08 05:20:00,2023-10-08 05:33:00,2023-10-08 06:33:00,19.3,402,Completed,
T3690,D221,R3850,Bangalore,Whitefield,HSR Layout,2023-10-03 22:40:00,2023-10-03 22:46:00,2023-10-03 23:08:00,7.3,213,Completed,
T3691,D298,R4129,Mumbai,Andheri,Colaba,2023-10-24 16:19:00,2023-10-24 16:27:00,2023-10-24 17:31:00,23.2,621,Completed,
T3692,D342,R3269,Delhi,Connaught Place,Rohini,2023-10-06 16:51:00,2023-10-06 17:00:00,2023-10-06 17:35:00,12.8,320,Completed,
T3693,D204,R2194,Bangalore,Indiranagar,Whitefield,2023-10-19 23:51:00,2023-10-20 00:04:00,2023-10-20 00:19:00,5.8,169,Completed,
T3694,D348,R4366,Mumbai,Colaba,Bandra,2023-10-29 19:11:00,2023-10-29 19:19:00,2023-10-29 20:34:00,21.2,392,Completed,
T3695,D336,R2079,Delhi,Dwarka,Rohini,2023-10-22 11:38:00,2023-10-22 11:47:00,2023-10-22 11:53:00,2.1,86,Completed,
T3696,D176,R4350,Delhi,Saket,Rohini,2023-10-16 19:29:00,2023-10-16 19:43:00,2023-10-16 20:25:00,11.3,292,Completed,
T3697,D163,R4080,Mumbai,Bandra,Powai,2023-10-20 02:40:00,2023-10-20 02:55:00,2023-10-20 03:21:00,9.3,190,Completed,
T3698,D105,R2003,Bangalore,Koramangala,Indiranagar,2023-10-03 05:22:00,2023-10-03 05:30:00,2023-10-03 06:19:00,17.0,308,Completed,
T3699,D330,R3606,Delhi,Connaught Place,Vasant Kunj,2023-10-13 04:49:00,2023-10-13 04:56:00,2023-10-13 05:16:00,7.4,215,Completed,
T3700,D258,R3548,Delhi,Rohini,Vasant Kunj,2023-10-11 01:41:00,,,0.0,0.0,Cancelled,Driver Not Found
T3701,D212,R2181,Bangalore,Indiranagar,Whitefield,2023-10-28 12:26:00,2023-10-28 12:41:00,2023-10-28 13:41:00,16.6,362,Completed,
T3702,D239,R3654,Delhi,Dwarka,Connaught Place,2023-10-19 20:34:00,2023-10-19 20:42:00,2023-10-19 21:04:00,6.1,172,Completed,
T3703,D322,R3625,Bangalore,Whitefield,Jayanagar,2023-10-07 01:53:00,2023-10-07 02:08:00,2023-10-07 02:49:00,15.5,415,Completed,
T3704,D186,R2284,Delhi,Rohini,Connaught Place,2023-10-23 03:30:00,,,0.0,0.0,Cancelled,Other
T3705,D168,R2211,Delhi,Connaught Place,Dwarka,2023-10-10 20:56:00,2023-10-10 20:58:00,2023-10-10 21:54:00,17.7,336,Completed,
T3706,D246,R3162,Bangalore,Koramangala,Jayanagar,2023-10-28 09:43:00,2023-10-28 09:46:00,2023-10-28 10:28:00,15.9,423,Completed,
T3707,D114,R3305,Bangalore,Jayanagar,Indiranagar,2023-10-10 15:17:00,2023-10-10 15:20:00,2023-10-10 15:47:00,7.6,225,Completed,
T3708,D103,R2038,Mumbai,Powai,Andheri,2023-10-21 19:08:00,2023-10-21 19:20:00,2023-10-21 19:44:00,7.3,171,Completed,
T3709,D298,R4342,Mumbai,Andheri,Juhu,2023-10-04 21:38:00,2023-10-04 21:48:00,2023-10-04 22:29:00,12.7,348,Completed,
T3710,D225,R2016,Mumbai,Colaba,Andheri,2023-10-04 23:57:00,2023-10-05 00:10:00,2023-10-05 01:18:00,18.4,378,Completed,
T3711,D252,R2790,Bangalore,Jayanagar,HSR Layout,2023-10-19 22:55:00,2023-10-19 23:10:00,2023-10-19 23:43:00,11.3,262,Completed,
T3712,D343,R3290,Mumbai,Powai,Juhu,2023-10-14 12:52:00,2023-10-14 12:54:00,2023-10-14 13:14:00,7.4,218,Completed,
T3713,D316,R4348,Bangalore,Jayanagar,Whitefield,2023-10-18 06:52:00,2023-10-18 07:07:00,2023-10-18 08:14:00,23.4,488,Completed,
T3714,D173,R1359,Mumbai,Bandra,Powai,2023-10-11 18:27:00,2023-10-11 18:40:00,2023-10-11 19:03:00,8.7,249,Completed,
T3715,D190,R1254,Mumbai,Andheri,Powai,2023-10-28 23:46:00,2023-10-28 23:58:00,2023-10-29 00:49:00,16.5,392,Completed,
T3716,D196,R3604,Delhi,Connaught Place,Vasant Kunj,2023-10-03 04:09:00,2023-10-03 04:15:00,2023-10-03 04:28:00,4.3,157,Completed,
T3717,D159,R4664,Delhi,Saket,Connaught Place,2023-10-25 09:43:00,,,0.0,0.0,Cancelled,Driver Cancelled
T3718,D184,R1318,Mumbai,Bandra,Juhu,2023-10-26 06:34:00,2023-10-26 06:41:00,2023-10-26 06:59:00,4.9,152,Completed,
T3719,D311,R4849,Bangalore,Whitefield,Indiranagar,2023-10-01 10:44:00,2023-10-01 10:59:00,2023-10-01 12:00:00,23.0,453,Completed,
T3720,D214,R2915,Mumbai,Andheri,Juhu,2023-10-20 21:18:00,2023-10-20 21:21:00,2023-10-20 21:41:00,8.3,205,Completed,
T3721,D244,R4336,Mumbai,Powai,Bandra,2023-10-10 12:13:00,2023-10-10 12:20:00,2023-10-10 13:01:00,14.4,340,Completed,
T3722,D115,R4348,Bangalore,Whitefield,HSR Layout,2023-10-21 07:55:00,2023-10-21 08:08:00,2023-10-21 09:04:00,14.8,294,Completed,
T3723,D206,R3035,Bangalore,HSR Layout,Whitefield,2023-10-15 16:11:00,2023-10-15 16:17:00,2023-10-15 17:07:00,18.1,333,Completed,
T3724,D306,R1211,Delhi,Dwarka,Connaught Place,2023-10-19 05:20:00,2023-10-19 05:30:00,2023-10-19 06:14:00,11.1,327,Completed,
T3725,D329,R2327,Delhi,Saket,Vasant Kunj,2023-10-11 21:24:00,2023-10-11 21:26:00,2023-10-11 22:17:00,13.0,301,Completed,
T3726,D181,R2057,Delhi,Rohini,Connaught Place,2023-10-06 16:02:00,,,0.0,0.0,Cancelled,Driver Cancelled
T3727,D240,R3695,Bangalore,HSR Layout,Koramangala,2023-10-29 22:59:00,2023-10-29 23:07:00,2023-10-29 23:25:00,5.5,167,Completed,
T3728,D248,R4111,Bangalore,Whitefield,Indiranagar,2023-10-09 01:26:00,2023-10-09 01:36:00,2023-10-09 02:48:00,21.3,525,Completed,
T3729,D189,R1310,Delhi,Saket,Dwarka,2023-10-09 12:12:00,2023-10-09 12:14:00,2023-10-09 12:59:00,12.0,282,Completed,
T3730,D236,R3188,Mumbai,Andheri,Colaba,2023-10-19 14:09:00,2023-10-19 14:21:00,2023-10-19 14:29:00,2.5,92,Completed,
T3731,D161,R1406,Bangalore,Jayanagar,Indiranagar,2023-10-03 21:25:00,2023-10-03 21:37:00,2023-10-03 22:41:00,23.4,604,Completed,
T3732,D183,R4813,Mumbai,Juhu,Andheri,2023-10-13 04:10:00,2023-10-13 04:21:00,2023-10-13 04:53:00,9.4,245,Completed,
T3733,D147,R1762,Bangalore,Koramangala,Whitefield,2023-10-21 19:03:00,2023-10-21 19:15:00,2023-10-21 19:45:00,10.4,287,Completed,
T3734,D231,R1194,Mumbai,Juhu,Powai,2023-10-29 09:18:00,2023-10-29 09:20:00,2023-10-29 10:22:00,21.5,569,Completed,
T3735,D122,R3338,Bangalore,Indiranagar,Koramangala,2023-10-18 17:18:00,2023-10-18 17:25:00,2023-10-18 17:48:00,5.9,183,Completed,
T3736,D342,R2764,Delhi,Dwarka,Saket,2023-10-04 04:23:00,,,0.0,0.0,Cancelled,Driver Cancelled
T3737,D191,R4134,Bangalore,Indiranagar,Koramangala,2023-10-23 16:17:00,2023-10-23 16:28:00,2023-10-23 17:10:00,16.3,329,Completed,
T3738,D124,R1832,Delhi,Rohini,Saket,2023-10-02 13:01:00,2023-10-02 13:12:00,2023-10-02 14:18:00,17.5,448,Completed,
T3739,D273,R1544,Delhi,Connaught Place,Saket,2023-10-13 15:35:00,2023-10-13 15:49:00,2023-10-13 16:53:00,22.9,479,Completed,
T3740,D146,R3821,Delhi,Vasant Kunj,Saket,2023-10-30 23:41:00,2023-10-30 23:44:00,2023-10-31 00:42:00,16.3,341,Completed,
T3741,D268,R2228,Delhi,Connaught Place,Saket,2023-10-14 06:12:00,2023-10-14 06:21:00,2023-10-14 06:28:00,3.0,98,Completed,
T3742,D241,R3475,Delhi,Dwarka,Rohini,2023-10-08 21:50:00,2023-10-08 22:00:00,2023-10-08 22:15:00,5.0,166,Completed,
T3743,D189,R3962,Delhi,Connaught Place,Vasant Kunj,2023-10-17 22:31:00,2023-10-17 22:42:00,2023-10-17 23:08:00,7.1,225,Completed,
T3744,D296,R1337,Bangalore,Koramangala,Indiranagar,2023-10-23 21:07:00,,,0.0,0.0,Cancelled,Rider Cancelled
T3745,D309,R4533,Mumbai,Powai,Bandra,2023-10-08 22:55:00,2023-10-08 23:02:00,2023-10-08 23:47:00,12.4,334,Completed,
T3746,D299,R3854,Mumbai,Colaba,Bandra,2023-10-27 00:56:00,,,0.0,0.0,Cancelled,Rider Cancelled
T3747,D331,R2577,Bangalore,HSR Layout,Indiranagar,2023-10-04 19:12:00,,,0.0,0.0,Cancelled,Driver Cancelled
T3748,D309,R2323,Mumbai,Juhu,Powai,2023-10-06 06:34:00,2023-10-06 06:37:00,2023-10-06 07:50:00,20.3,542,Completed,
T3749,D270,R4228,Bangalore,HSR Layout,Whitefield,2023-10-26 12:41:00,2023-10-26 12:44:00,2023-10-26 13:48:00,17.1,472,Completed,
T3750,D141,R1805,Mumbai,Colaba,Bandra,2023-10-14 17:58:00,,2023-10-14 19:22:00,23.0,406,Completed,
T3751,D318,R2860,Bangalore,Whitefield,HSR Layout,2023-10-08 17:31:00,2023-10-08 17:41:00,2023-10-08 18:17:00,14.1,362,Completed,
T3752,D157,R2096,Bangalore,Koramangala,HSR Layout,2023-10-28 20:50:00,2023-10-28 21:00:00,2023-10-28 21:29:00,11.3,304,Completed,
T3753,D288,R3357,Mumbai,Bandra,Colaba,2023-10-03 00:06:00,2023-10-03 00:21:00,2023-10-03 01:13:00,16.6,442,Completed,
T3754,D210,R2088,Mumbai,Powai,Bandra,2023-10-13 22:03:00,2023-10-13 22:15:00,2023-10-13 22:50:00,13.6,351,Completed,
T3755,D261,R4559,Delhi,Saket,Connaught Place,2023-10-21 07:49:00,,,0.0,0.0,Cancelled,Rider Cancelled
T3756,D321,R4729,Mumbai,Andheri,Bandra,2023-10-22 10:35:00,2023-10-22 10:49:00,2023-10-22 11:44:00,21.1,396,Completed,
T3757,D288,R3464,Mumbai,Powai,Bandra,2023-10-03 20:57:00,2023-10-03 21:11:00,2023-10-03 21:55:00,14.1,265,Completed,
T3758,D267,R4853,Bangalore,HSR Layout,Indiranagar,2023-10-19 07:19:00,,,0.0,0.0,Cancelled,Driver Cancelled
T3759,D220,R1231,Delhi,Connaught Place,Vasant Kunj,2023-10-01 13:16:00,2023-10-01 13:28:00,2023-10-01 14:13:00,13.9,269,Completed,
T3760,D107,R3998,Mumbai,Bandra,Andheri,2023-10-12 19:12:00,2023-10-12 19:25:00,2023-10-12 20:22:00,17.5,419,Completed,
T3761,D239,R2095,Delhi,Saket,Dwarka,2023-10-25 05:40:00,,,0.0,0.0,Cancelled,Other
T3762,D261,R2735,Delhi,Vasant Kunj,Connaught Place,2023-10-11 22:26:00,2023-10-11 22:41:00,2023-10-11 23:41:00,15.3,306,Completed,
T3763,D181,R3942,Delhi,Dwarka,Connaught Place,2023-10-12 20:12:00,,,0.0,0.0,Cancelled,Driver Not Found
T3764,D246,R1053,Bangalore,Whitefield,Jayanagar,2023-10-08 00:11:00,2023-10-08 00:13:00,2023-10-08 01:22:00,24.6,643,Completed,
T3765,D298,R2721,Mumbai,Juhu,Andheri,2023-10-02 14:33:00,2023-10-02 14:44:00,2023-10-02 15:44:00,21.2,546,Completed,
T3766,D206,R1196,Bangalore,Jayanagar,Indiranagar,2023-10-12 14:20:00,2023-10-12 14:30:00,2023-10-12 14:54:00,7.0,188,Completed,
T3767,D342,R3570,Delhi,Vasant Kunj,Dwarka,2023-10-20 23:56:00,2023-10-21 00:02:00,2023-10-21 00:24:00,8.6,255,Completed,
T3768,D230,R4212,Bangalore,Jayanagar,Koramangala,2023-10-26 10:01:00,2023-10-26 10:08:00,2023-10-26 10:48:00,15.0,393,Completed,
T3769,D323,R1307,Bangalore,Koramangala,Indiranagar,2023-10-27 18:17:00,2023-10-27 18:31:00,2023-10-27 19:01:00,12.1,248,Completed,
T3770,D333,R1180,Delhi,Connaught Place,Saket,2023-10-23 15:33:00,2023-10-23 15:46:00,2023-10-23 15:57:00,3.0,109,Completed,
T3771,D296,R2107,Bangalore,Indiranagar,Jayanagar,2023-10-26 01:00:00,2023-10-26 01:09:00,2023-10-26 02:25:00,20.0,357,Completed,
T3772,D267,R3555,Bangalore,Indiranagar,Whitefield,2023-10-18 04:05:00,2023-10-18 04:09:00,2023-10-18 04:59:00,13.6,343,Completed,
T3773,D124,R2483,Delhi,Saket,Rohini,2023-10-25 10:09:00,2023-10-25 10:18:00,2023-10-25 11:00:00,16.1,310,Completed,
T3774,D171,R4532,Delhi,Connaught Place,Rohini,2023-10-14 11:53:00,2023-10-14 12:06:00,2023-10-14 12:45:00,10.1,212,Completed,
T3775,D236,R4140,Mumbai,Bandra,Powai,2023-10-02 21:56:00,2023-10-02 22:02:00,2023-10-02 22:38:00,14.5,399,Completed,
T3776,D170,R1377,Delhi,Connaught Place,Dwarka,2023-10-23 14:17:00,2023-10-23 14:25:00,2023-10-23 15:16:00,18.3,433,Completed,
T3777,D341,R1225,Delhi,Vasant Kunj,Connaught Place,2023-10-13 06:30:00,2023-10-13 06:45:00,2023-10-13 07:27:00,14.7,298,Completed,
T3778,D321,R1448,Mumbai,Colaba,Andheri,2023-10-22 10:17:00,2023-10-22 10:24:00,2023-10-22 11:03:00,10.4,281,Completed,
T3779,D232,R2131,Delhi,Rohini,Dwarka,2023-10-09 00:41:00,2023-10-09 00:52:00,2023-10-09 01:05:00,5.0,133,Completed,
T3780,D344,R3284,Mumbai,Bandra,Juhu,2023-10-13 05:00:00,2023-10-13 05:14:00,2023-10-13 06:26:00,24.2,542,Completed,
T3781,D294,R1814,Delhi,Vasant Kunj,Rohini,2023-10-28 21:31:00,2023-10-28 21:36:00,2023-10-28 21:53:00,6.3,204,Completed,
T3782,D146,R2037,Delhi,Saket,Dwarka,2023-10-21 16:09:00,2023-10-21 16:21:00,2023-10-21 16:35:00,4.5,130,Completed,
T3783,D220,R1784,Delhi,Saket,Connaught Place,2023-10-26 23:25:00,2023-10-26 23:30:00,2023-10-26 23:57:00,9.7,282,Completed,
T3784,D138,R3996,Bangalore,Whitefield,HSR Layout,2023-10-24 03:40:00,2023-10-24 03:50:00,2023-10-24 05:04:00,20.0,420,Completed,
T3785,D191,R2447,Bangalore,Indiranagar,Koramangala,2023-10-18 07:55:00,2023-10-18 08:05:00,2023-10-18 09:21:00,19.9,428,Completed,
T3786,D141,R1489,Mumbai,Juhu,Colaba,2023-10-14 04:42:00,2023-10-14 04:55:00,2023-10-14 06:06:00,20.0,488,Completed,
T3787,D192,R2497,Delhi,Dwarka,Rohini,2023-10-24 19:33:00,2023-10-24 19:38:00,2023-10-24 20:23:00,13.4,362,Completed,
T3788,D256,R2181,Mumbai,Powai,Juhu,2023-10-26 08:52:00,2023-10-26 08:58:00,2023-10-26 09:43:00,18.2,403,Completed,
T3789,D315,R3727,Mumbai,Juhu,Powai,2023-10-23 03:56:00,2023-10-23 04:00:00,2023-10-23 04:47:00,17.3,346,Completed,
T3790,D170,R3720,Delhi,Connaught Place,Dwarka,2023-10-07 21:56:00,2023-10-07 22:07:00,2023-10-07 23:07:00,18.2,436,Completed,
T3791,D271,R3803,Delhi,Connaught Place,Rohini,2023-10-05 01:19:00,2023-10-05 01:26:00,2023-10-05 01:58:00,13.1,276,Completed,
T3792,D210,R4736,Mumbai,Powai,Bandra,2023-10-27 05:03:00,2023-10-27 05:17:00,2023-10-27 06:06:00,13.4,329,Completed,
T3793,D109,R2490,Delhi,Connaught Place,Dwarka,2023-10-30 01:46:00,2023-10-30 01:52:00,2023-10-30 02:03:00,4.3,125,Completed,
T3794,D302,R3774,Bangalore,Jayanagar,Koramangala,2023-10-15 00:28:00,2023-10-15 00:39:00,2023-10-15 01:35:00,17.8,462,Completed,
T3795,D328,R4114,Delhi,Vasant Kunj,Rohini,2023-10-11 09:26:00,2023-10-11 09:40:00,2023-10-11 10:05:00,7.4,191,Completed,
T3796,D346,R1259,Bangalore,Jayanagar,HSR Layout,2023-10-17 05:13:00,2023-10-17 05:25:00,2023-10-17 06:10:00,11.8,322,Completed,
T3797,D179,R3914,Bangalore,Jayanagar,HSR Layout,2023-10-26 19:18:00,2023-10-26 19:22:00,2023-10-26 20:03:00,11.8,250,Completed,
T3798,D305,R3703,Delhi,Rohini,Saket,2023-10-25 17:40:00,2023-10-25 17:53:00,2023-10-25 18:12:00,6.8,217,Completed,
T3799,D131,R3832,Delhi,Dwarka,Vasant Kunj,2023-10-19 10:13:00,2023-10-19 10:24:00,2023-10-19 11:20:00,20.4,464,Completed,
T3800,D306,R4840,Delhi,Connaught Place,Saket,2023-10-08 09:04:00,2023-10-08 09:07:00,2023-10-08 10:37:00,24.1,541,Completed,
T3801,D317,R2741,Delhi,Dwarka,Connaught Place,2023-10-16 15:18:00,2023-10-16 15:33:00,2023-10-16 15:44:00,3.5,123,Completed,
T3802,D118,R4239,Bangalore,Jayanagar,Indiranagar,2023-10-28 04:08:00,2023-10-28 04:10:00,2023-10-28 04:42:00,11.3,306,Completed,
T3803,D227,R1270,Mumbai,Powai,Colaba,2023-10-08 18:01:00,2023-10-08 18:08:00,2023-10-08 18:20:00,4.6,129,Completed,
T3804,D200,R3922,Mumbai,Powai,Bandra,2023-10-27 18:57:00,2023-10-27 19:11:00,2023-10-27 19:51:00,15.0,398,Completed,
T3805,D208,R3185,Mumbai,Colaba,Bandra,2023-10-24 02:10:00,2023-10-24 02:13:00,2023-10-24 03:13:00,19.8,538,Completed,
T3806,D174,R4081,Mumbai,Bandra,Colaba,2023-10-14 08:33:00,2023-10-14 08:48:00,2023-10-14 09:36:00,17.6,319,Completed,
T3807,D272,R1831,Bangalore,HSR Layout,Indiranagar,2023-10-19 13:51:00,2023-10-19 14:02:00,2023-10-19 14:58:00,17.7,355,Completed,
T3808,D328,R4184,Delhi,Rohini,Connaught Place,2023-10-12 08:23:00,2023-10-12 08:27:00,2023-10-12 09:37:00,23.9,524,Completed,
T3809,D248,R2787,Bangalore,Jayanagar,HSR Layout,2023-10-25 07:46:00,2023-10-25 07:56:00,2023-10-25 08:30:00,11.8,287,Completed,
T3810,D226,R3210,Delhi,Saket,Connaught Place,2023-10-28 22:26:00,2023-10-28 22:38:00,2023-10-28 22:58:00,7.1,157,Completed,
T3811,D108,R2507,Delhi,Connaught Place,Vasant Kunj,2023-10-14 20:28:00,2023-10-14 20:34:00,2023-10-14 21:31:00,18.8,384,Completed,
T3812,D198,R3522,Delhi,Dwarka,Connaught Place,2023-10-13 11:54:00,2023-10-13 12:08:00,2023-10-13 12:54:00,13.6,369,Completed,
T3813,D150,R2858,Mumbai,Powai,Juhu,2023-10-17 04:36:00,2023-10-17 04:48:00,2023-10-17 06:04:00,22.0,526,Completed,
T3814,D165,R2373,Bangalore,Whitefield,Jayanagar,2023-10-30 22:30:00,2023-10-30 22:34:00,2023-10-30 22:49:00,4.7,143,Completed,
T3815,D174,R2723,Mumbai,Powai,Colaba,2023-10-30 06:29:00,2023-10-30 06:35:00,2023-10-30 06:47:00,5.0,128,Completed,
T3816,D214,R4805,Mumbai,Bandra,Colaba,2023-10-27 08:14:00,2023-10-27 08:25:00,2023-10-27 08:57:00,11.6,290,Completed,
T3817,D137,R1094,Delhi,Saket,Connaught Place,2023-10-19 20:55:00,,,0.0,0.0,Cancelled,Driver Cancelled
T3818,D143,R3033,Mumbai,Juhu,Powai,2023-10-02 03:04:00,2023-10-02 03:07:00,2023-10-02 04:08:00,24.5,493,Completed,
T3819,D303,R3430,Delhi,Connaught Place,Saket,2023-10-20 21:13:00,2023-10-20 21:19:00,2023-10-20 22:32:00,22.3,481,Completed,
T3820,D270,R4198,Bangalore,Indiranagar,Jayanagar,2023-10-18 21:51:00,2023-10-18 21:54:00,2023-10-18 22:09:00,5.3,162,Completed,
T3821,D211,R3210,Delhi,Rohini,Connaught Place,2023-10-04 12:17:00,2023-10-04 12:31:00,2023-10-04 13:07:00,10.1,269,Completed,
T3822,D164,R3390,Mumbai,Andheri,Bandra,2023-10-27 05:03:00,,,0.0,0.0,Cancelled,Rider Cancelled
T3823,D147,R1197,Bangalore,Jayanagar,Indiranagar,2023-10-01 03:12:00,2023-10-01 03:21:00,2023-10-01 04:14:00,16.4,458,Completed,
T3824,D133,R1249,Bangalore,Jayanagar,Whitefield,2023-10-01 19:31:00,,,0.0,0.0,Cancelled,Rider Cancelled
T3825,D296,R1605,Bangalore,Koramangala,Whitefield,2023-10-01 17:35:00,2023-10-01 17:41:00,2023-10-01 18:47:00,17.9,398,Completed,
T3826,D243,R3706,Delhi,Connaught Place,Saket,2023-10-19 01:06:00,2023-10-19 01:13:00,2023-10-19 01:39:00,9.2,248,Completed,
T3827,D211,R4575,Delhi,Connaught Place,Saket,2023-10-03 22:33:00,2023-10-03 22:45:00,2023-10-03 23:50:00,20.3,361,Completed,
T3828,D257,R3404,Delhi,Vasant Kunj,Saket,2023-10-08 01:30:00,2023-10-08 01:39:00,2023-10-08 02:52:00,22.7,576,Completed,
T3829,D294,R2619,Delhi,Connaught Place,Saket,2023-10-15 11:52:00,2023-10-15 12:01:00,2023-10-15 12:42:00,11.8,332,Completed,
T3830,D293,R2752,Bangalore,HSR Layout,Whitefield,2023-10-14 14:29:00,2023-10-14 14:40:00,2023-10-14 15:41:00,23.0,496,Completed,
T3831,D179,R3221,Bangalore,HSR Layout,Indiranagar,2023-10-27 14:04:00,,,0.0,0.0,Cancelled,Other
T3832,D211,R1026,Delhi,Saket,Connaught Place,2023-10-07 04:13:00,2023-10-07 04:16:00,2023-10-07 04:47:00,11.9,315,Completed,
T3833,D104,R3680,Delhi,Connaught Place,Dwarka,2023-10-02 05:59:00,2023-10-02 06:11:00,2023-10-02 07:23:00,19.7,441,Completed,
T3834,D329,R2165,Delhi,Vasant Kunj,Saket,2023-10-13 08:48:00,2023-10-13 08:52:00,2023-10-13 09:26:00,10.8,307,Completed,
T3835,D159,R2414,Delhi,Rohini,Dwarka,2023-10-30 22:58:00,,,0.0,0.0,Cancelled,Driver Not Found
T3836,D312,R1164,Delhi,Saket,Vasant Kunj,2023-10-24 19:04:00,2023-10-24 19:11:00,2023-10-24 19:41:00,9.9,235,Completed,
T3837,D289,R4449,Delhi,Saket,Connaught Place,2023-10-20 11:12:00,,,0.0,0.0,Cancelled,Driver Not Found
T3838,D249,R4947,Bangalore,Jayanagar,Indiranagar,2023-10-25 22:58:00,2023-10-25 23:07:00,2023-10-25 23:43:00,12.7,362,Completed,
T3839,D302,R3049,Bangalore,Koramangala,HSR Layout,2023-10-27 18:08:00,2023-10-27 18:21:00,2023-10-27 19:26:00,18.8,435,Completed,
T3840,D188,R4286,Delhi,Vasant Kunj,Saket,2023-10-10 18:45:00,,,0.0,0.0,Cancelled,Rider Cancelled
T3841,D133,R1822,Bangalore,Whitefield,Indiranagar,2023-10-20 05:25:00,2023-10-20 05:38:00,2023-10-20 06:46:00,24.1,512,Completed,
T3842,D167,R3688,Bangalore,HSR Layout,Indiranagar,2023-10-27 04:35:00,2023-10-27 04:46:00,2023-10-27 04:55:00,2.4,109,Completed,
T3843,D158,R3779,Bangalore,Jayanagar,Indiranagar,2023-10-04 22:44:00,,,0.0,0.0,Cancelled,Rider Cancelled
T3844,D310,R3606,Delhi,Dwarka,Rohini,2023-10-12 09:02:00,2023-10-12 09:08:00,2023-10-12 10:09:00,16.1,423,Completed,
T3845,D224,R2969,Mumbai,Bandra,Juhu,2023-10-12 22:05:00,2023-10-12 22:14:00,2023-10-12 22:24:00,4.2,148,Completed,
T3846,D261,R2044,Delhi,Dwarka,Connaught Place,2023-10-03 11:10:00,2023-10-03 11:21:00,2023-10-03 12:18:00,18.6,343,Completed,
T3847,D226,R2918,Delhi,Dwarka,Vasant Kunj,2023-10-11 23:59:00,2023-10-12 00:09:00,2023-10-12 00:34:00,9.9,264,Completed,
T3848,D219,R1465,Bangalore,Jayanagar,HSR Layout,2023-10-30 05:22:00,2023-10-30 05:33:00,2023-10-30 05:52:00,6.5,185,Completed,
T3849,D266,R4223,Mumbai,Juhu,Powai,2023-10-30 07:07:00,,,0.0,0.0,Cancelled,Driver Cancelled
T3850,D274,R4169,Delhi,Rohini,Vasant Kunj,2023-10-29 20:52:00,,,0.0,0.0,Cancelled,Rider Cancelled
T3851,D180,R1321,Bangalore,Koramangala,HSR Layout,2023-10-06 08:57:00,2023-10-06 09:04:00,2023-10-06 10:34:00,23.7,431,Completed,
T3852,D280,R3306,Mumbai,Powai,Juhu,2023-10-16 20:50:00,2023-10-16 21:02:00,2023-10-16 22:09:00,21.5,517,Completed,
T3853,D281,R3471,Mumbai,Colaba,Powai,2023-10-21 00:38:00,2023-10-21 00:47:00,2023-10-21 01:28:00,12.7,268,Completed,
T3854,D153,R3109,Mumbai,Powai,Juhu,2023-10-27 17:52:00,,,0.0,0.0,Cancelled,Driver Cancelled
T3855,D153,R4861,Mumbai,Bandra,Andheri,2023-10-20 14:57:00,2023-10-20 15:11:00,2023-10-20 15:38:00,7.2,209,Completed,
T3856,D191,R3832,Bangalore,HSR Layout,Whitefield,2023-10-21 01:01:00,2023-10-21 01:12:00,2023-10-21 02:05:00,17.9,431,Completed,
T3857,D102,R1199,Bangalore,Koramangala,HSR Layout,2023-10-16 16:02:00,2023-10-16 16:07:00,2023-10-16 17:10:00,24.7,642,Completed,
T3858,D257,R1581,Delhi,Rohini,Vasant Kunj,2023-10-29 18:50:00,2023-10-29 18:52:00,2023-10-29 19:48:00,15.2,378,Completed,
T3859,D192,R3135,Delhi,Rohini,Connaught Place,2023-10-29 18:08:00,2023-10-29 18:12:00,2023-10-29 19:20:00,18.8,366,Completed,
T3860,D255,R1463,Mumbai,Colaba,Andheri,2023-10-01 02:53:00,2023-10-01 03:04:00,2023-10-01 03:18:00,4.1,129,Completed,
T3861,D174,R1444,Mumbai,Andheri,Powai,2023-10-29 00:01:00,2023-10-29 00:15:00,2023-10-29 01:27:00,24.2,507,Completed,
T3862,D116,R3689,Bangalore,HSR Layout,Koramangala,2023-10-02 07:34:00,2023-10-02 07:44:00,2023-10-02 08:19:00,11.8,322,Completed,
T3863,D183,R2024,Mumbai,Andheri,Colaba,2023-10-22 19:00:00,2023-10-22 19:05:00,2023-10-22 20:00:00,17.2,332,Completed,
T3864,D181,R1382,Delhi,Saket,Rohini,2023-10-10 04:08:00,2023-10-10 04:14:00,2023-10-10 04:44:00,8.6,216,Completed,
T3865,D339,R2800,Bangalore,HSR Layout,Koramangala,2023-10-06 14:21:00,2023-10-06 14:24:00,2023-10-06 15:08:00,13.3,321,Completed,
T3866,D248,R1545,Bangalore,Indiranagar,Koramangala,2023-10-03 03:00:00,2023-10-03 03:14:00,2023-10-03 04:14:00,16.5,415,Completed,
T3867,D331,R4984,Bangalore,Jayanagar,Whitefield,2023-10-30 19:12:00,2023-10-30 19:16:00,2023-10-30 19:56:00,14.9,313,Completed,
T3868,D315,R1777,Mumbai,Juhu,Colaba,2023-10-16 04:20:00,2023-10-16 04:30:00,2023-10-16 04:40:00,2.8,105,Completed,
T3869,D341,R4809,Delhi,Rohini,Dwarka,2023-10-16 12:40:00,2023-10-16 12:46:00,2023-10-16 14:18:00,24.5,453,Completed,
T3870,D327,R1943,Bangalore,HSR Layout,Jayanagar,2023-10-17 12:20:00,2023-10-17 12:31:00,2023-10-17 12:48:00,5.6,182,Completed,
T3871,D220,R2391,Delhi,Vasant Kunj,Saket,2023-10-14 14:47:00,,,0.0,0.0,Cancelled,Driver Cancelled
T3872,D221,R3516,Bangalore,Whitefield,Indiranagar,2023-10-14 11:53:00,2023-10-14 12:02:00,2023-10-14 12:58:00,19.2,448,Completed,
T3873,D272,R4577,Bangalore,Indiranagar,Jayanagar,2023-10-27 22:23:00,2023-10-27 22:30:00,2023-10-27 23:07:00,11.7,234,Completed,
T3874,D206,R2366,Bangalore,Jayanagar,HSR Layout,2023-10-05 21:00:00,2023-10-05 21:15:00,2023-10-05 21:21:00,2.4,105,Completed,
T3875,D128,R2792,Mumbai,Juhu,Colaba,2023-10-28 08:12:00,2023-10-28 08:27:00,2023-10-28 09:12:00,17.4,422,Completed,
T3876,D330,R1098,Delhi,Rohini,Vasant Kunj,2023-10-30 08:53:00,2023-10-30 09:08:00,2023-10-30 09:38:00,8.3,204,Completed,
T3877,D258,R3916,Delhi,Vasant Kunj,Rohini,2023-10-27 15:30:00,,,0.0,0.0,Cancelled,Driver Cancelled
T3878,D170,R2199,Delhi,Vasant Kunj,Dwarka,2023-10-04 09:48:00,2023-10-04 09:57:00,2023-10-04 10:43:00,13.8,300,Completed,
T3879,D276,R4164,Mumbai,Juhu,Bandra,2023-10-15 21:05:00,2023-10-15 21:11:00,2023-10-15 21:56:00,16.2,358,Completed,
T3880,D112,R2021,Bangalore,Jayanagar,Indiranagar,2023-10-04 11:55:00,2023-10-04 12:05:00,2023-10-04 12:59:00,16.4,348,Completed,
T3881,D322,R2170,Bangalore,Indiranagar,Whitefield,2023-10-12 12:35:00,2023-10-12 12:45:00,2023-10-12 13:23:00,11.0,266,Completed,
T3882,D231,R4999,Mumbai,Powai,Juhu,2023-10-02 23:27:00,2023-10-02 23:29:00,2023-10-03 00:08:00,14.0,264,Completed,
T3883,D333,R3064,Delhi,Rohini,Dwarka,2023-10-14 20:31:00,2023-10-14 20:36:00,2023-10-14 21:17:00,12.3,335,Completed,
T3884,D284,R2279,Bangalore,Whitefield,Indiranagar,2023-10-30 14:49:00,2023-10-30 15:00:00,2023-10-30 15:58:00,15.9,375,Completed,
T3885,D214,R1374,Mumbai,Colaba,Powai,2023-10-23 05:25:00,2023-10-23 05:39:00,2023-10-23 06:06:00,7.5,222,Completed,
T3886,D270,R3738,Bangalore,Indiranagar,HSR Layout,2023-10-13 17:04:00,2023-10-13 17:10:00,2023-10-13 17:33:00,7.3,174,Completed,
T3887,D264,R4765,Mumbai,Juhu,Powai,2023-10-10 00:09:00,2023-10-10 00:18:00,2023-10-10 00:36:00,5.5,169,Completed,
T3888,D214,R2770,Mumbai,Andheri,Bandra,2023-10-11 14:37:00,,,0.0,0.0,Cancelled,Rider Cancelled
T3889,D158,R3043,Bangalore,Whitefield,Indiranagar,2023-10-02 19:46:00,2023-10-02 19:59:00,2023-10-02 20:51:00,14.9,395,Completed,
T3890,D148,R4834,Bangalore,HSR Layout,Whitefield,2023-10-30 11:25:00,2023-10-30 11:31:00,2023-10-30 12:39:00,22.7,432,Completed,
T3891,D211,R1912,Delhi,Saket,Connaught Place,2023-10-23 15:48:00,2023-10-23 15:50:00,2023-10-23 16:35:00,11.3,306,Completed,
T3892,D300,R1952,Mumbai,Powai,Andheri,2023-10-27 13:31:00,,,0.0,0.0,Cancelled,Driver Not Found
T3893,D302,R1942,Bangalore,HSR Layout,Jayanagar,2023-10-26 22:19:00,2023-10-26 22:25:00,2023-10-26 23:08:00,12.1,299,Completed,
T3894,D164,R1309,Mumbai,Juhu,Bandra,2023-10-29 19:09:00,2023-10-29 19:18:00,2023-10-29 19:25:00,2.4,104,Completed,
T3895,D306,R4214,Delhi,Connaught Place,Vasant Kunj,2023-10-16 17:14:00,2023-10-16 17:21:00,2023-10-16 17:38:00,5.7,174,Completed,
T3896,D185,R4907,Bangalore,Jayanagar,Koramangala,2023-10-21 23:31:00,2023-10-21 23:35:00,2023-10-21 23:49:00,4.4,123,Completed,
T3897,D136,R3598,Mumbai,Bandra,Colaba,2023-10-07 04:55:00,2023-10-07 05:02:00,2023-10-07 06:12:00,21.3,545,Completed,
T3898,D110,R1357,Bangalore,Koramangala,HSR Layout,2023-10-08 06:12:00,2023-10-08 06:25:00,2023-10-08 07:14:00,13.9,389,Completed,
T3899,D202,R1424,Bangalore,Indiranagar,Koramangala,2023-10-14 15:45:00,2023-10-14 15:48:00,2023-10-14 16:32:00,11.4,272,Completed,
T3900,D116,R2259,Bangalore,Koramangala,Indiranagar,2023-10-30 18:56:00,2023-10-30 19:03:00,2023-10-30 20:08:00,17.0,360,Completed,
T3901,D274,R2266,Delhi,Dwarka,Rohini,2023-10-20 00:04:00,2023-10-20 00:11:00,2023-10-20 00:28:00,6.4,170,Completed,
T3902,D243,R4326,Delhi,Rohini,Vasant Kunj,2023-10-23 07:46:00,2023-10-23 07:50:00,2023-10-23 09:02:00,19.0,364,Completed,
T3903,D217,R2317,Delhi,Saket,Connaught Place,2023-10-26 12:13:00,2023-10-26 12:23:00,2023-10-26 13:08:00,15.9,329,Completed,
T3904,D334,R4038,Mumbai,Bandra,Colaba,2023-10-14 07:32:00,2023-10-14 07:36:00,2023-10-14 08:13:00,12.8,351,Completed,
T3905,D117,R4711,Delhi,Rohini,Connaught Place,2023-10-21 20:04:00,2023-10-21 20:19:00,2023-10-21 21:30:00,18.8,497,Completed,
T3906,D300,R2895,Mumbai,Juhu,Powai,2023-10-04 06:34:00,2023-10-04 06:38:00,2023-10-04 07:35:00,15.0,394,Completed,
T3907,D226,R1871,Delhi,Rohini,Dwarka,2023-10-02 20:14:00,2023-10-02 20:26:00,2023-10-02 20:46:00,6.5,192,Completed,
T3908,D145,R1782,Delhi,Vasant Kunj,Connaught Place,2023-10-27 00:02:00,,,0.0,0.0,Cancelled,Driver Not Found
T3909,D266,R2658,Mumbai,Andheri,Colaba,2023-10-30 18:36:00,,,0.0,0.0,Cancelled,Payment Issue
T3910,D180,R1149,Bangalore,HSR Layout,Indiranagar,2023-10-23 20:07:00,2023-10-23 20:21:00,2023-10-23 20:39:00,6.5,204,Completed,
T3911,D330,R3836,Delhi,Vasant Kunj,Connaught Place,2023-10-20 11:50:00,2023-10-20 12:02:00,2023-10-20 12:32:00,7.7,210,Completed,
T3912,D140,R3045,Mumbai,Colaba,Juhu,2023-10-24 16:33:00,2023-10-24 16:37:00,2023-10-24 17:16:00,10.8,225,Completed,
T3913,D179,R1940,Bangalore,Jayanagar,Whitefield,2023-10-28 06:21:00,,,0.0,0.0,Cancelled,Driver Cancelled
T3914,D340,R4409,Mumbai,Bandra,Powai,2023-10-11 10:50:00,2023-10-11 11:02:00,2023-10-11 11:30:00,8.4,192,Completed,
T3915,D191,R1946,Bangalore,Indiranagar,HSR Layout,2023-10-25 15:21:00,2023-10-25 15:28:00,2023-10-25 16:20:00,14.7,296,Completed,
T3916,D178,R1209,Mumbai,Powai,Juhu,2023-10-09 08:14:00,2023-10-09 08:25:00,2023-10-09 09:22:00,21.9,424,Completed,
T3917,D345,R2424,Bangalore,Koramangala,HSR Layout,2023-10-19 23:16:00,,,0.0,0.0,Cancelled,Payment Issue
T3918,D160,R4379,Delhi,Saket,Dwarka,2023-10-28 10:47:00,2023-10-28 10:54:00,2023-10-28 11:24:00,10.3,212,Completed,
T3919,D177,R4635,Mumbai,Colaba,Juhu,2023-10-02 19:55:00,2023-10-02 20:07:00,2023-10-02 20:52:00,12.0,255,Completed,
T3920,D230,R3988,Bangalore,Koramangala,Indiranagar,2023-10-30 22:48:00,2023-10-30 22:58:00,2023-10-30 23:50:00,16.6,382,Completed,
T3921,D287,R2802,Bangalore,Whitefield,Jayanagar,2023-10-02 17:59:00,2023-10-02 18:09:00,2023-10-02 19:18:00,19.9,483,Completed,
T3922,D320,R3673,Mumbai,Powai,Bandra,2023-10-23 01:01:00,2023-10-23 01:16:00,2023-10-23 01:26:00,3.2,100,Completed,
T3923,D173,R4455,Mumbai,Colaba,Powai,2023-10-18 01:09:00,2023-10-18 01:13:00,2023-10-18 01:42:00,11.5,314,Completed,
T3924,D278,R1569,Delhi,Saket,Connaught Place,2023-10-11 08:36:00,,,0.0,0.0,Cancelled,Other
T3925,D122,R3181,Bangalore,Indiranagar,Jayanagar,2023-10-06 03:37:00,2023-10-06 03:39:00,2023-10-06 03:58:00,5.0,157,Completed,
T3926,D303,R1707,Delhi,Rohini,Connaught Place,2023-10-13 19:24:00,2023-10-13 19:31:00,2023-10-13 20:15:00,13.4,346,Completed,
T3927,D241,R3669,Delhi,Vasant Kunj,Saket,2023-10-18 02:50:00,2023-10-18 02:58:00,2023-10-18 04:29:00,23.3,427,Completed,
T3928,D131,R2850,Delhi,Dwarka,Vasant Kunj,2023-10-02 19:59:00,2023-10-02 20:13:00,2023-10-02 21:05:00,18.1,369,Completed,
T3929,D311,R3526,Bangalore,Jayanagar,Whitefield,2023-10-10 19:16:00,2023-10-10 19:21:00,2023-10-10 20:14:00,16.4,440,Completed,
T3930,D262,R2581,Delhi,Rohini,Dwarka,2023-10-03 15:48:00,,,0.0,0.0,Cancelled,Driver Not Found
T3931,D288,R3806,Mumbai,Powai,Andheri,2023-10-02 02:36:00,2023-10-02 02:42:00,2023-10-02 03:26:00,17.7,345,Completed,
T3932,D127,R1166,Mumbai,Andheri,Powai,2023-10-09 07:37:00,2023-10-09 07:43:00,2023-10-09 09:07:00,21.9,573,Completed,
T3933,D250,R2443,Mumbai,Andheri,Colaba,2023-10-15 12:21:00,2023-10-15 12:33:00,2023-10-15 12:53:00,7.4,222,Completed,
T3934,D190,R2685,Mumbai,Andheri,Bandra,2023-10-07 01:25:00,2023-10-07 01:27:00,2023-10-07 01:58:00,9.1,254,Completed,
T3935,D347,R4729,Bangalore,Whitefield,Koramangala,2023-10-15 11:40:00,2023-10-15 11:50:00,2023-10-15 13:12:00,22.8,496,Completed,
T3936,D290,R3743,Bangalore,Koramangala,HSR Layout,2023-10-13 13:11:00,2023-10-13 13:23:00,2023-10-13 14:28:00,24.9,656,Completed,
T3937,D191,R1666,Bangalore,Indiranagar,Whitefield,2023-10-18 19:49:00,,,0.0,0.0,Cancelled,Driver Not Found
T3938,D349,R1903,Delhi,Dwarka,Saket,2023-10-08 06:01:00,2023-10-08 06:10:00,2023-10-08 07:08:00,21.0,369,Completed,
T3939,D110,R2741,Bangalore,Indiranagar,Whitefield,2023-10-06 01:47:00,2023-10-06 01:59:00,2023-10-06 02:07:00,3.1,109,Completed,
T3940,D310,R3033,Delhi,Dwarka,Connaught Place,2023-10-25 18:42:00,,,0.0,0.0,Cancelled,Driver Not Found
T3941,D196,R3719,Delhi,Saket,Rohini,2023-10-10 08:51:00,2023-10-10 09:02:00,2023-10-10 09:49:00,15.9,418,Completed,
T3942,D142,R4486,Mumbai,Juhu,Colaba,2023-10-26 04:00:00,2023-10-26 04:11:00,2023-10-26 05:24:00,19.4,501,Completed,
T3943,D328,R2341,Delhi,Dwarka,Connaught Place,2023-10-23 02:52:00,2023-10-23 02:57:00,2023-10-23 03:17:00,6.9,216,Completed,
T3944,D320,R1055,Mumbai,Powai,Andheri,2023-10-16 19:42:00,2023-10-16 19:57:00,2023-10-16 20:51:00,16.0,448,Completed,
T3945,D148,R4537,Bangalore,Jayanagar,Indiranagar,2023-10-30 02:11:00,2023-10-30 02:20:00,2023-10-30 03:27:00,19.1,363,Completed,
T3946,D319,R3050,Mumbai,Powai,Juhu,2023-10-15 03:48:00,,,0.0,0.0,Cancelled,Rider Cancelled
T3947,D294,R3539,Delhi,Rohini,Connaught Place,2023-10-13 18:01:00,2023-10-13 18:12:00,2023-10-13 18:39:00,8.7,183,Completed,
T3948,D326,R3867,Mumbai,Bandra,Powai,2023-10-25 18:05:00,2023-10-25 18:16:00,2023-10-25 18:37:00,7.6,231,Completed,
T3949,D103,R2164,Mumbai,Andheri,Powai,2023-10-06 01:17:00,2023-10-06 01:23:00,2023-10-06 01:52:00,9.2,232,Completed,
T3950,D201,R3958,Delhi,Connaught Place,Rohini,2023-10-13 20:22:00,2023-10-13 20:29:00,2023-10-13 21:15:00,17.5,326,Completed,
T3951,D330,R4257,Delhi,Connaught Place,Vasant Kunj,2023-10-08 17:07:00,2023-10-08 17:18:00,2023-10-08 18:11:00,18.3,406,Completed,
T3952,D281,R3090,Mumbai,Bandra,Colaba,2023-10-23 18:31:00,2023-10-23 18:34:00,2023-10-23 19:03:00,10.6,291,Completed,
T3953,D110,R1590,Bangalore,HSR Layout,Indiranagar,2023-10-02 22:35:00,2023-10-02 22:46:00,2023-10-02 23:58:00,23.5,623,Completed,
T3954,D343,R1111,Mumbai,Colaba,Bandra,2023-10-08 06:39:00,2023-10-08 06:42:00,2023-10-08 07:48:00,19.4,402,Completed,
T3955,D211,R1423,Delhi,Dwarka,Rohini,2023-10-12 02:42:00,2023-10-12 02:57:00,2023-10-12 03:39:00,15.3,369,Completed,
T3956,D262,R3354,Delhi,Connaught Place,Dwarka,2023-10-20 20:45:00,2023-10-20 21:00:00,2023-10-20 22:01:00,24.0,575,Completed,
T3957,D169,R1568,Delhi,Dwarka,Saket,2023-10-19 20:24:00,2023-10-19 20:28:00,2023-10-19 21:05:00,10.2,258,Completed,
T3958,D279,R4186,Bangalore,Whitefield,Koramangala,2023-10-24 04:58:00,2023-10-24 05:00:00,2023-10-24 06:17:00,22.1,513,Completed,
T3959,D248,R3330,Bangalore,Koramangala,HSR Layout,2023-10-03 02:35:00,,,0.0,0.0,Cancelled,Driver Not Found
T3960,D350,R1183,Delhi,Saket,Dwarka,2023-10-22 06:51:00,,,0.0,0.0,Cancelled,Payment Issue
T3961,D273,R2077,Delhi,Saket,Vasant Kunj,2023-10-24 18:16:00,,,0.0,0.0,Cancelled,Driver Cancelled
T3962,D111,R4664,Delhi,Connaught Place,Saket,2023-10-10 16:29:00,,,0.0,0.0,Cancelled,Rider Cancelled
T3963,D339,R3979,Bangalore,Whitefield,Jayanagar,2023-10-14 23:55:00,2023-10-15 00:08:00,2023-10-15 01:13:00,21.9,585,Completed,
T3964,D111,R3186,Delhi,Dwarka,Connaught Place,2023-10-30 09:47:00,,,0.0,0.0,Cancelled,Other
T3965,D102,R1781,Bangalore,Koramangala,Jayanagar,2023-10-03 08:38:00,2023-10-03 08:47:00,2023-10-03 09:27:00,16.1,302,Completed,
T3966,D132,R4196,Delhi,Rohini,Connaught Place,2023-10-16 13:29:00,2023-10-16 13:33:00,2023-10-16 14:12:00,15.4,341,Completed,
T3967,D210,R4888,Mumbai,Andheri,Juhu,2023-10-27 11:06:00,2023-10-27 11:21:00,2023-10-27 11:31:00,3.5,109,Completed,
T3968,D249,R1321,Bangalore,HSR Layout,Indiranagar,2023-10-18 19:45:00,2023-10-18 19:59:00,2023-10-18 20:26:00,7.9,174,Completed,
T3969,D224,R3349,Mumbai,Andheri,Powai,2023-10-13 08:46:00,,,0.0,0.0,Cancelled,Driver Not Found
T3970,D342,R2660,Delhi,Vasant Kunj,Connaught Place,2023-10-02 23:41:00,2023-10-02 23:55:00,2023-10-03 00:02:00,2.8,98,Completed,
T3971,D338,R4621,Delhi,Dwarka,Rohini,2023-10-23 11:09:00,2023-10-23 11:18:00,2023-10-23 12:13:00,21.6,432,Completed,
T3972,D344,R3939,Mumbai,Andheri,Juhu,2023-10-23 11:17:00,2023-10-23 11:32:00,2023-10-23 12:46:00,22.8,450,Completed,
T3973,D270,R1240,Bangalore,Jayanagar,Indiranagar,2023-10-27 15:18:00,2023-10-27 15:26:00,2023-10-27 15:42:00,5.5,185,Completed,
T3974,D278,R2176,Delhi,Connaught Place,Rohini,2023-10-11 12:59:00,2023-10-11 13:01:00,2023-10-11 13:58:00,17.2,408,Completed,
T3975,D276,R3929,Mumbai,Powai,Colaba,2023-10-05 21:51:00,2023-10-05 21:53:00,2023-10-05 22:04:00,3.6,113,Completed,
T3976,D246,R3628,Bangalore,Indiranagar,HSR Layout,2023-10-08 23:43:00,2023-10-08 23:51:00,2023-10-09 00:40:00,16.9,356,Completed,
T3977,D168,R1153,Delhi,Rohini,Vasant Kunj,2023-10-16 10:46:00,2023-10-16 11:00:00,2023-10-16 11:32:00,13.0,324,Completed,
T3978,D132,R1576,Delhi,Saket,Rohini,2023-10-23 03:54:00,2023-10-23 04:03:00,2023-10-23 04:47:00,17.8,428,Completed,
T3979,D322,R4805,Bangalore,Whitefield,Jayanagar,2023-10-24 16:23:00,2023-10-24 16:33:00,2023-10-24 17:43:00,21.5,413,Completed,
T3980,D145,R1653,Delhi,Saket,Rohini,2023-10-01 02:42:00,2023-10-01 02:49:00,2023-10-01 03:36:00,18.9,461,Completed,
T3981,D313,R3115,Delhi,Vasant Kunj,Connaught Place,2023-10-13 02:06:00,2023-10-13 02:13:00,2023-10-13 03:22:00,23.2,467,Completed,
T3982,D327,R3134,Bangalore,Indiranagar,Whitefield,2023-10-01 10:45:00,2023-10-01 10:49:00,2023-10-01 11:32:00,11.9,256,Completed,
T3983,D247,R1897,Bangalore,HSR Layout,Jayanagar,2023-10-15 20:43:00,2023-10-15 20:46:00,2023-10-15 21:14:00,10.3,250,Completed,
T3984,D286,R4525,Delhi,Dwarka,Saket,2023-10-10 14:50:00,2023-10-10 14:56:00,2023-10-10 15:43:00,14.7,283,Completed,
T3985,D327,R1153,Bangalore,Koramangala,Indiranagar,2023-10-18 01:55:00,2023-10-18 01:57:00,2023-10-18 02:59:00,20.6,398,Completed,
T3986,D291,R2339,Bangalore,HSR Layout,Indiranagar,2023-10-27 08:03:00,2023-10-27 08:09:00,2023-10-27 08:17:00,3.0,101,Completed,
T3987,D225,R1490,Mumbai,Colaba,Powai,2023-10-15 01:39:00,2023-10-15 01:42:00,2023-10-15 02:00:00,7.3,220,Completed,
T3988,D209,R3701,Bangalore,Whitefield,Koramangala,2023-10-27 21:58:00,2023-10-27 22:03:00,2023-10-27 22:35:00,10.8,267,Completed,
T3989,D247,R3135,Bangalore,Jayanagar,HSR Layout,2023-10-30 08:50:00,2023-10-30 08:55:00,2023-10-30 09:27:00,10.1,263,Completed,
T3990,D157,R2500,Bangalore,Jayanagar,HSR Layout,2023-10-12 00:40:00,2023-10-12 00:52:00,2023-10-12 01:03:00,3.9,129,Completed,
T3991,D179,R4718,Bangalore,Koramangala,Jayanagar,2023-10-01 06:50:00,2023-10-01 06:55:00,2023-10-01 07:09:00,4.0,114,Completed,
T3992,D158,R3890,Bangalore,Jayanagar,Whitefield,2023-10-30 05:07:00,2023-10-30 05:16:00,2023-10-30 06:44:00,24.7,658,Completed,
T3993,D183,R4801,Mumbai,Juhu,Colaba,2023-10-12 07:28:00,2023-10-12 07:40:00,2023-10-12 08:34:00,14.7,367,Completed,
T3994,D140,R2267,Mumbai,Andheri,Juhu,2023-10-23 06:01:00,2023-10-23 06:12:00,2023-10-23 07:33:00,22.4,557,Completed,
T3995,D340,R1854,Mumbai,Bandra,Andheri,2023-10-21 18:54:00,2023-10-21 18:58:00,2023-10-21 19:44:00,14.2,401,Completed,
T3996,D145,R2112,Delhi,Saket,Vasant Kunj,2023-10-20 13:40:00,2023-10-20 13:55:00,2023-10-20 14:44:00,13.4,312,Completed,
T3997,D294,R4780,Delhi,Rohini,Saket,2023-10-12 05:57:00,2023-10-12 06:12:00,2023-10-12 07:20:00,18.4,336,Completed,
T3998,D154,R4868,Delhi,Connaught Place,Saket,2023-10-29 17:07:00,2023-10-29 17:21:00,2023-10-29 18:11:00,12.8,306,Completed,
T3999,D145,R4517,Delhi,Rohini,Dwarka,2023-10-01 13:12:00,2023-10-01 13:27:00,2023-10-01 14:02:00,10.0,277,Completed,
T4000,D327,R4962,Bangalore,Indiranagar,HSR Layout,2023-10-30 02:00:00,,2023-10-30 02:38:00,6.8,207,Completed,
T4001,D124,R2393,Delhi,Vasant Kunj,Connaught Place,2023-10-13 18:55:00,2023-10-13 19:07:00,2023-10-13 19:15:00,2.4,108,Completed,
T4002,D218,R1025,Mumbai,Juhu,Powai,2023-10-11 20:37:00,2023-10-11 20:44:00,2023-10-11 21:38:00,17.3,319,Completed,
T4003,D140,R2770,Mumbai,Andheri,Juhu,2023-10-27 05:24:00,2023-10-27 05:31:00,2023-10-27 05:50:00,5.5,150,Completed,
T4004,D235,R1627,Delhi,Rohini,Vasant Kunj,2023-10-09 04:57:00,2023-10-09 05:00:00,2023-10-09 05:36:00,13.4,332,Completed,
T4005,D342,R3832,Delhi,Rohini,Saket,2023-10-10 14:50:00,2023-10-10 14:56:00,2023-10-10 15:49:00,16.7,460,Completed,
T4006,D175,R3385,Mumbai,Bandra,Andheri,2023-10-23 12:34:00,2023-10-23 12:46:00,2023-10-23 13:09:00,7.7,222,Completed,
T4007,D253,R2904,Bangalore,Whitefield,Koramangala,2023-10-10 08:51:00,2023-10-10 08:55:00,2023-10-10 09:17:00,7.5,205,Completed,
T4008,D295,R1234,Mumbai,Bandra,Andheri,2023-10-03 22:03:00,2023-10-03 22:10:00,2023-10-03 23:31:00,21.5,520,Completed,
T4009,D346,R2270,Bangalore,Koramangala,Whitefield,2023-10-19 07:28:00,2023-10-19 07:38:00,2023-10-19 08:44:00,21.9,535,Completed,
T4010,D197,R3100,Delhi,Dwarka,Connaught Place,2023-10-13 10:47:00,2023-10-13 10:52:00,2023-10-13 10:59:00,2.6,108,Completed,
T4011,D326,R4266,Mumbai,Colaba,Powai,2023-10-17 03:58:00,2023-10-17 04:11:00,2023-10-17 04:23:00,3.2,99,Completed,
T4012,D333,R4218,Delhi,Dwarka,Saket,2023-10-29 23:02:00,2023-10-29 23:04:00,2023-10-29 23:35:00,10.5,240,Completed,
T4013,D305,R4604,Delhi,Connaught Place,Vasant Kunj,2023-10-19 13:04:00,2023-10-19 13:17:00,2023-10-19 13:39:00,8.0,244,Completed,
T4014,D204,R1021,Bangalore,Indiranagar,Koramangala,2023-10-21 23:29:00,2023-10-21 23:33:00,2023-10-22 00:04:00,11.7,241,Completed,
T4015,D334,R4494,Mumbai,Bandra,Colaba,2023-10-03 06:19:00,2023-10-03 06:26:00,2023-10-03 06:54:00,9.2,253,Completed,
T4016,D260,R3201,Mumbai,Andheri,Colaba,2023-10-08 02:57:00,2023-10-08 03:07:00,2023-10-08 03:22:00,4.9,152,Completed,
T4017,D343,R1871,Mumbai,Powai,Bandra,2023-10-14 13:26:00,2023-10-14 13:28:00,2023-10-14 14:19:00,13.0,277,Completed,
T4018,D230,R4155,Bangalore,Koramangala,HSR Layout,2023-10-19 15:05:00,2023-10-19 15:20:00,2023-10-19 16:22:00,19.9,503,Completed,
T4019,D258,R3395,Delhi,Dwarka,Vasant Kunj,2023-10-09 13:22:00,2023-10-09 13:30:00,2023-10-09 14:11:00,14.6,373,Completed,
T4020,D206,R2487,Bangalore,Jayanagar,Whitefield,2023-10-04 21:52:00,2023-10-04 22:03:00,2023-10-04 22:16:00,4.3,138,Completed,
T4021,D269,R2147,Mumbai,Colaba,Andheri,2023-10-29 14:21:00,2023-10-29 14:30:00,2023-10-29 15:02:00,10.0,278,Completed,
T4022,D168,R3940,Delhi,Vasant Kunj,Saket,2023-10-09 17:23:00,2023-10-09 17:35:00,2023-10-09 18:43:00,19.8,357,Completed,
T4023,D291,R3133,Bangalore,HSR Layout,Jayanagar,2023-10-27 19:41:00,2023-10-27 19:51:00,2023-10-27 19:59:00,2.4,93,Completed,
T4024,D296,R4761,Bangalore,Jayanagar,Whitefield,2023-10-27 00:08:00,2023-10-27 00:14:00,2023-10-27 00:30:00,6.1,162,Completed,
T4025,D297,R1069,Delhi,Vasant Kunj,Saket,2023-10-28 15:14:00,2023-10-28 15:28:00,2023-10-28 16:35:00,18.5,462,Completed,
T4026,D174,R3801,Mumbai,Bandra,Juhu,2023-10-21 21:31:00,2023-10-21 21:35:00,2023-10-21 23:07:00,24.9,558,Completed,
T4027,D118,R2890,Bangalore,Jayanagar,Koramangala,2023-10-21 14:02:00,2023-10-21 14:15:00,2023-10-21 14:33:00,5.7,181,Completed,
T4028,D188,R1555,Delhi,Rohini,Saket,2023-10-21 07:27:00,2023-10-21 07:40:00,2023-10-21 08:30:00,13.2,310,Completed,
T4029,D337,R2986,Delhi,Connaught Place,Dwarka,2023-10-25 09:01:00,2023-10-25 09:07:00,2023-10-25 10:18:00,21.1,420,Completed,
T4030,D301,R1947,Delhi,Saket,Vasant Kunj,2023-10-11 18:37:00,2023-10-11 18:49:00,2023-10-11 19:03:00,4.9,144,Completed,
T4031,D259,R4461,Mumbai,Juhu,Bandra,2023-10-07 02:13:00,2023-10-07 02:15:00,2023-10-07 02:28:00,3.6,133,Completed,
T4032,D248,R3649,Bangalore,Indiranagar,Whitefield,2023-10-27 02:37:00,2023-10-27 02:45:00,2023-10-27 03:03:00,5.0,128,Completed,
T4033,D284,R1808,Bangalore,Jayanagar,Whitefield,2023-10-29 00:36:00,2023-10-29 00:44:00,2023-10-29 01:29:00,12.3,333,Completed,
T4034,D264,R3726,Mumbai,Colaba,Andheri,2023-10-17 17:10:00,2023-10-17 17:17:00,2023-10-17 17:46:00,8.3,200,Completed,
T4035,D160,R1168,Delhi,Dwarka,Vasant Kunj,2023-10-13 16:55:00,2023-10-13 17:01:00,2023-10-13 18:16:00,19.7,442,Completed,
T4036,D116,R3798,Bangalore,Indiranagar,Whitefield,2023-10-17 07:34:00,,,0.0,0.0,Cancelled,Other
T4037,D235,R1409,Delhi,Saket,Dwarka,2023-10-25 01:12:00,,,0.0,0.0,Cancelled,Driver Cancelled
T4038,D307,R4753,Mumbai,Andheri,Colaba,2023-10-03 15:17:00,2023-10-03 15:28:00,2023-10-03 16:44:00,22.6,545,Completed,
T4039,D217,R2779,Delhi,Connaught Place,Rohini,2023-10-29 17:40:00,2023-10-29 17:52:00,2023-10-29 18:04:00,3.1,103,Completed,
T4040,D157,R1762,Bangalore,Koramangala,HSR Layout,2023-10-05 12:54:00,2023-10-05 13:01:00,2023-10-05 13:58:00,14.6,317,Completed,
T4041,D161,R3881,Bangalore,Koramangala,Whitefield,2023-10-13 00:21:00,,,0.0,0.0,Cancelled,Rider Cancelled
T4042,D189,R4568,Delhi,Rohini,Connaught Place,2023-10-21 08:09:00,2023-10-21 08:19:00,2023-10-21 09:44:00,21.9,541,Completed,
T4043,D132,R3925,Delhi,Saket,Vasant Kunj,2023-10-17 23:57:00,2023-10-18 00:03:00,2023-10-18 00:53:00,14.7,395,Completed,
T4044,D122,R2764,Bangalore,Jayanagar,Whitefield,2023-10-20 22:17:00,2023-10-20 22:27:00,2023-10-20 23:34:00,18.3,398,Completed,
T4045,D217,R3866,Delhi,Rohini,Vasant Kunj,2023-10-05 09:18:00,,,0.0,0.0,Cancelled,Rider Cancelled
T4046,D160,R4917,Delhi,Rohini,Connaught Place,2023-10-29 11:14:00,2023-10-29 11:23:00,2023-10-29 12:37:00,19.2,458,Completed,
T4047,D168,R2716,Delhi,Connaught Place,Saket,2023-10-28 09:18:00,2023-10-28 09:30:00,2023-10-28 10:37:00,17.0,443,Completed,
T4048,D310,R4909,Delhi,Vasant Kunj,Saket,2023-10-18 07:49:00,,,0.0,0.0,Cancelled,Other
T4049,D186,R1281,Delhi,Dwarka,Saket,2023-10-20 06:03:00,2023-10-20 06:08:00,2023-10-20 06:38:00,9.7,256,Completed,
T4050,D223,R2784,Delhi,Connaught Place,Vasant Kunj,2023-10-29 20:20:00,2023-10-29 20:26:00,2023-10-29 21:17:00,20.2,529,Completed,
T4051,D188,R3054,Delhi,Vasant Kunj,Dwarka,2023-10-18 10:35:00,2023-10-18 10:40:00,2023-10-18 11:26:00,15.0,393,Completed,
T4052,D178,R3382,Mumbai,Colaba,Powai,2023-10-18 09:25:00,2023-10-18 09:35:00,2023-10-18 10:28:00,20.7,463,Completed,
T4053,D301,R1459,Delhi,Connaught Place,Dwarka,2023-10-08 19:15:00,2023-10-08 19:28:00,2023-10-08 20:49:00,24.2,649,Completed,
T4054,D192,R4835,Delhi,Dwarka,Rohini,2023-10-30 03:44:00,2023-10-30 03:56:00,2023-10-30 04:04:00,2.7,95,Completed,
T4055,D339,R4225,Bangalore,Whitefield,HSR Layout,2023-10-27 18:18:00,2023-10-27 18:29:00,2023-10-27 19:21:00,16.9,455,Completed,
T4056,D302,R3634,Bangalore,Whitefield,Indiranagar,2023-10-09 06:31:00,2023-10-09 06:40:00,2023-10-09 07:12:00,10.5,214,Completed,
T4057,D214,R2950,Mumbai,Andheri,Bandra,2023-10-08 21:20:00,2023-10-08 21:23:00,2023-10-08 22:07:00,17.5,313,Completed,
T4058,D315,R4107,Mumbai,Juhu,Colaba,2023-10-22 21:37:00,2023-10-22 21:39:00,2023-10-22 22:12:00,13.1,262,Completed,
T4059,D193,R1971,Mumbai,Juhu,Powai,2023-10-11 20:26:00,,,0.0,0.0,Cancelled,Driver Cancelled
T4060,D190,R3776,Mumbai,Juhu,Bandra,2023-10-16 09:55:00,2023-10-16 09:58:00,2023-10-16 10:11:00,5.0,158,Completed,
T4061,D304,R3006,Mumbai,Colaba,Andheri,2023-10-20 07:06:00,,,0.0,0.0,Cancelled,Driver Cancelled
T4062,D129,R1248,Delhi,Connaught Place,Dwarka,2023-10-12 11:07:00,2023-10-12 11:17:00,2023-10-12 12:44:00,23.9,622,Completed,
T4063,D120,R1784,Delhi,Rohini,Connaught Place,2023-10-28 17:11:00,2023-10-28 17:22:00,2023-10-28 18:02:00,12.1,352,Completed,
T4064,D305,R1784,Delhi,Saket,Rohini,2023-10-28 13:16:00,2023-10-28 13:20:00,2023-10-28 14:34:00,19.5,401,Completed,
T4065,D142,R3554,Mumbai,Powai,Colaba,2023-10-18 22:06:00,,,0.0,0.0,Cancelled,Driver Not Found
T4066,D300,R1842,Mumbai,Juhu,Powai,2023-10-14 07:48:00,2023-10-14 07:59:00,2023-10-14 08:27:00,8.4,236,Completed,
T4067,D262,R4728,Delhi,Connaught Place,Rohini,2023-10-02 10:42:00,2023-10-02 10:55:00,2023-10-02 11:57:00,16.1,373,Completed,
T4068,D339,R2205,Bangalore,Whitefield,Jayanagar,2023-10-11 17:42:00,2023-10-11 17:54:00,2023-10-11 19:05:00,18.9,343,Completed,
T4069,D248,R4180,Bangalore,HSR Layout,Whitefield,2023-10-27 17:46:00,2023-10-27 17:54:00,2023-10-27 18:27:00,13.1,315,Completed,
T4070,D197,R2302,Delhi,Dwarka,Rohini,2023-10-26 20:21:00,2023-10-26 20:35:00,2023-10-26 21:15:00,14.0,338,Completed,
T4071,D252,R4685,Bangalore,HSR Layout,Indiranagar,2023-10-14 20:04:00,2023-10-14 20:12:00,2023-10-14 21:07:00,14.1,348,Completed,
T4072,D281,R4454,Mumbai,Colaba,Andheri,2023-10-05 11:08:00,,,0.0,0.0,Cancelled,Driver Not Found
T4073,D237,R3862,Bangalore,Indiranagar,Jayanagar,2023-10-08 03:11:00,2023-10-08 03:18:00,2023-10-08 03:32:00,5.3,147,Completed,
T4074,D201,R1439,Delhi,Saket,Vasant Kunj,2023-10-19 08:00:00,2023-10-19 08:12:00,2023-10-19 09:07:00,15.5,394,Completed,
T4075,D182,R2024,Bangalore,Whitefield,Indiranagar,2023-10-18 01:15:00,2023-10-18 01:24:00,2023-10-18 02:34:00,22.2,387,Completed,
T4076,D178,R4692,Mumbai,Juhu,Bandra,2023-10-28 20:15:00,2023-10-28 20:23:00,2023-10-28 21:24:00,20.4,509,Completed,
T4077,D143,R4732,Mumbai,Andheri,Juhu,2023-10-27 00:55:00,2023-10-27 01:00:00,2023-10-27 01:56:00,16.6,443,Completed,
T4078,D218,R1983,Mumbai,Andheri,Powai,2023-10-28 21:30:00,2023-10-28 21:32:00,2023-10-28 22:31:00,22.0,425,Completed,
T4079,D202,R4705,Bangalore,Indiranagar,Whitefield,2023-10-19 18:10:00,2023-10-19 18:20:00,2023-10-19 18:44:00,9.1,267,Completed,
T4080,D120,R2783,Delhi,Saket,Connaught Place,2023-10-03 21:14:00,2023-10-03 21:24:00,2023-10-03 22:40:00,24.1,457,Completed,
T4081,D106,R4031,Delhi,Rohini,Connaught Place,2023-10-16 19:33:00,2023-10-16 19:41:00,2023-10-16 19:51:00,4.0,114,Completed,
T4082,D176,R4397,Delhi,Saket,Rohini,2023-10-28 12:44:00,2023-10-28 12:53:00,2023-10-28 13:10:00,4.7,159,Completed,
T4083,D194,R3929,Mumbai,Colaba,Andheri,2023-10-02 05:17:00,2023-10-02 05:31:00,2023-10-02 05:51:00,5.7,159,Completed,
T4084,D160,R4835,Delhi,Connaught Place,Rohini,2023-10-10 22:54:00,2023-10-10 23:05:00,2023-10-10 23:34:00,9.1,220,Completed,
T4085,D344,R1003,Mumbai,Powai,Andheri,2023-10-08 23:42:00,2023-10-08 23:53:00,2023-10-09 00:26:00,12.0,318,Completed,
T4086,D318,R1901,Bangalore,Indiranagar,Jayanagar,2023-10-29 10:33:00,2023-10-29 10:44:00,2023-10-29 11:26:00,15.1,361,Completed,
T4087,D265,R4294,Mumbai,Bandra,Andheri,2023-10-02 12:29:00,2023-10-02 12:41:00,2023-10-02 13:44:00,23.4,601,Completed,
T4088,D190,R4770,Mumbai,Colaba,Powai,2023-10-10 04:26:00,2023-10-10 04:38:00,2023-10-10 04:58:00,8.2,232,Completed,
T4089,D108,R3100,Delhi,Dwarka,Connaught Place,2023-10-12 19:29:00,2023-10-12 19:37:00,2023-10-12 20:20:00,14.0,273,Completed,
T4090,D170,R4748,Delhi,Saket,Connaught Place,2023-10-14 00:50:00,2023-10-14 01:03:00,2023-10-14 01:26:00,9.4,270,Completed,
T4091,D200,R4888,Mumbai,Colaba,Bandra,2023-10-09 19:29:00,2023-10-09 19:38:00,2023-10-09 20:14:00,12.0,338,Completed,
T4092,D257,R2007,Delhi,Saket,Vasant Kunj,2023-10-23 02:49:00,2023-10-23 02:58:00,2023-10-23 03:57:00,18.1,474,Completed,
T4093,D265,R2144,Mumbai,Juhu,Powai,2023-10-03 16:51:00,2023-10-03 17:01:00,2023-10-03 17:45:00,13.8,364,Completed,
T4094,D289,R2925,Delhi,Dwarka,Vasant Kunj,2023-10-29 19:18:00,2023-10-29 19:23:00,2023-10-29 20:19:00,22.6,602,Completed,
T4095,D270,R1405,Bangalore,Koramangala,Whitefield,2023-10-08 01:56:00,2023-10-08 02:05:00,2023-10-08 02:32:00,7.4,176,Completed,
T4096,D215,R1327,Delhi,Dwarka,Rohini,2023-10-14 13:32:00,2023-10-14 13:43:00,2023-10-14 14:10:00,10.4,286,Completed,
T4097,D329,R3567,Delhi,Saket,Vasant Kunj,2023-10-25 07:09:00,2023-10-25 07:22:00,2023-10-25 08:55:00,23.7,410,Completed,
T4098,D268,R4239,Delhi,Connaught Place,Saket,2023-10-24 03:36:00,,,0.0,0.0,Cancelled,Driver Cancelled
T4099,D297,R1351,Delhi,Connaught Place,Rohini,2023-10-17 04:13:00,2023-10-17 04:23:00,2023-10-17 05:28:00,21.9,465,Completed,
T4100,D143,R4987,Mumbai,Bandra,Juhu,2023-10-26 13:02:00,2023-10-26 13:13:00,2023-10-26 13:51:00,10.5,239,Completed,
T4101,D212,R4364,Bangalore,HSR Layout,Koramangala,2023-10-03 07:24:00,2023-10-03 07:37:00,2023-10-03 07:47:00,3.2,107,Completed,
T4102,D246,R2725,Bangalore,HSR Layout,Jayanagar,2023-10-20 14:05:00,2023-10-20 14:09:00,2023-10-20 14:23:00,4.6,159,Completed,
T4103,D188,R2974,Delhi,Rohini,Saket,2023-10-16 18:14:00,2023-10-16 18:28:00,2023-10-16 18:48:00,7.8,190,Completed,
T4104,D310,R2625,Delhi,Dwarka,Vasant Kunj,2023-10-24 01:33:00,2023-10-24 01:40:00,2023-10-24 01:45:00,2.3,106,Completed,
T4105,D101,R3473,Delhi,Dwarka,Vasant Kunj,2023-10-10 13:32:00,2023-10-10 13:41:00,2023-10-10 14:37:00,18.1,496,Completed,
T4106,D190,R4966,Mumbai,Powai,Juhu,2023-10-24 11:32:00,,,0.0,0.0,Cancelled,Driver Not Found
T4107,D227,R3561,Mumbai,Juhu,Bandra,2023-10-24 03:47:00,2023-10-24 03:52:00,2023-10-24 04:02:00,3.0,109,Completed,
T4108,D315,R4360,Mumbai,Powai,Bandra,2023-10-10 06:28:00,2023-10-10 06:43:00,2023-10-10 07:02:00,6.7,199,Completed,
T4109,D161,R2199,Bangalore,HSR Layout,Koramangala,2023-10-17 17:52:00,2023-10-17 17:58:00,2023-10-17 19:08:00,19.2,404,Completed,
T4110,D162,R3672,Delhi,Dwarka,Vasant Kunj,2023-10-14 02:50:00,2023-10-14 02:58:00,2023-10-14 03:10:00,4.3,134,Completed,
T4111,D244,R3478,Mumbai,Juhu,Powai,2023-10-12 13:08:00,2023-10-12 13:23:00,2023-10-12 14:21:00,18.9,440,Completed,
T4112,D289,R1820,Delhi,Vasant Kunj,Saket,2023-10-17 03:06:00,2023-10-17 03:09:00,2023-10-17 03:20:00,3.4,119,Completed,
T4113,D304,R2714,Mumbai,Juhu,Bandra,2023-10-08 05:20:00,2023-10-08 05:34:00,2023-10-08 05:43:00,3.3,116,Completed,
T4114,D271,R3762,Delhi,Saket,Connaught Place,2023-10-15 05:04:00,2023-10-15 05:12:00,2023-10-15 05:19:00,2.8,96,Completed,
T4115,D209,R4810,Bangalore,Koramangala,Indiranagar,2023-10-26 02:17:00,2023-10-26 02:30:00,2023-10-26 03:32:00,20.4,477,Completed,
T4116,D130,R3656,Delhi,Dwarka,Connaught Place,2023-10-15 06:36:00,2023-10-15 06:44:00,2023-10-15 07:03:00,5.1,166,Completed,
T4117,D102,R3085,Bangalore,Whitefield,Jayanagar,2023-10-06 21:33:00,2023-10-06 21:42:00,2023-10-06 22:47:00,18.7,516,Completed,
T4118,D235,R1898,Delhi,Rohini,Saket,2023-10-28 03:09:00,2023-10-28 03:16:00,2023-10-28 04:12:00,19.9,547,Completed,
T4119,D131,R1378,Delhi,Rohini,Connaught Place,2023-10-21 19:09:00,2023-10-21 19:12:00,2023-10-21 20:44:00,24.4,642,Completed,
T4120,D254,R1987,Bangalore,Whitefield,Indiranagar,2023-10-17 08:18:00,2023-10-17 08:33:00,2023-10-17 09:01:00,8.3,196,Completed,
T4121,D157,R1312,Bangalore,Whitefield,HSR Layout,2023-10-06 19:27:00,2023-10-06 19:34:00,2023-10-06 20:16:00,15.8,312,Completed,
T4122,D236,R4634,Mumbai,Andheri,Juhu,2023-10-02 04:58:00,2023-10-02 05:05:00,2023-10-02 05:40:00,13.4,363,Completed,
T4123,D122,R1321,Bangalore,Koramangala,Whitefield,2023-10-09 21:06:00,2023-10-09 21:16:00,2023-10-09 22:00:00,13.8,364,Completed,
T4124,D244,R1001,Mumbai,Bandra,Colaba,2023-10-08 06:21:00,2023-10-08 06:34:00,2023-10-08 06:54:00,7.3,194,Completed,
T4125,D129,R3805,Delhi,Rohini,Dwarka,2023-10-01 11:22:00,2023-10-01 11:34:00,2023-10-01 12:04:00,8.8,211,Completed,
T4126,D241,R2609,Delhi,Connaught Place,Saket,2023-10-30 19:59:00,2023-10-30 20:04:00,2023-10-30 21:19:00,21.0,400,Completed,
T4127,D298,R1977,Mumbai,Bandra,Colaba,2023-10-19 18:15:00,2023-10-19 18:30:00,2023-10-19 18:52:00,7.4,178,Completed,
T4128,D126,R2558,Mumbai,Andheri,Colaba,2023-10-18 19:37:00,2023-10-18 19:52:00,2023-10-18 21:03:00,23.6,597,Completed,
T4129,D145,R4096,Delhi,Rohini,Vasant Kunj,2023-10-18 03:37:00,2023-10-18 03:39:00,2023-10-18 03:54:00,4.0,146,Completed,
T4130,D137,R2880,Delhi,Connaught Place,Dwarka,2023-10-03 01:16:00,2023-10-03 01:26:00,2023-10-03 02:36:00,21.9,569,Completed,
T4131,D183,R3041,Mumbai,Andheri,Juhu,2023-10-01 22:50:00,2023-10-01 23:01:00,2023-10-01 23:33:00,12.9,347,Completed,
T4132,D247,R1903,Bangalore,Koramangala,HSR Layout,2023-10-13 16:40:00,2023-10-13 16:48:00,2023-10-13 18:05:00,22.5,491,Completed,
T4133,D166,R1591,Delhi,Dwarka,Vasant Kunj,2023-10-18 02:33:00,2023-10-18 02:44:00,2023-10-18 03:19:00,9.5,270,Completed,
T4134,D136,R1900,Mumbai,Colaba,Powai,2023-10-10 09:35:00,2023-10-10 09:48:00,2023-10-10 10:40:00,13.5,349,Completed,
T4135,D108,R1005,Delhi,Dwarka,Rohini,2023-10-08 09:17:00,2023-10-08 09:29:00,2023-10-08 10:39:00,19.0,516,Completed,
T4136,D195,R4486,Delhi,Dwarka,Saket,2023-10-20 21:46:00,2023-10-20 21:56:00,2023-10-20 22:42:00,13.4,326,Completed,
T4137,D120,R3070,Delhi,Connaught Place,Vasant Kunj,2023-10-06 04:05:00,2023-10-06 04:07:00,2023-10-06 04:36:00,8.9,184,Completed,
T4138,D193,R3939,Mumbai,Juhu,Bandra,2023-10-17 10:05:00,2023-10-17 10:10:00,2023-10-17 11:29:00,20.9,562,Completed,
T4139,D254,R4591,Bangalore,Whitefield,Indiranagar,2023-10-06 19:07:00,,,0.0,0.0,Cancelled,Driver Not Found
T4140,D150,R3384,Mumbai,Bandra,Andheri,2023-10-30 11:24:00,2023-10-30 11:38:00,2023-10-30 12:46:00,22.5,554,Completed,
T4141,D158,R3369,Bangalore,Indiranagar,HSR Layout,2023-10-18 08:57:00,2023-10-18 09:00:00,2023-10-18 10:11:00,23.3,455,Completed,
T4142,D294,R3228,Delhi,Dwarka,Saket,2023-10-19 04:40:00,2023-10-19 04:49:00,2023-10-19 05:42:00,16.6,319,Completed,
T4143,D330,R3269,Delhi,Dwarka,Saket,2023-10-01 06:28:00,2023-10-01 06:31:00,2023-10-01 07:08:00,9.6,220,Completed,
T4144,D161,R3607,Bangalore,Koramangala,Whitefield,2023-10-28 09:40:00,2023-10-28 09:49:00,2023-10-28 11:00:00,19.6,503,Completed,
T4145,D344,R4892,Mumbai,Bandra,Powai,2023-10-05 11:19:00,,,0.0,0.0,Cancelled,Rider Cancelled
T4146,D250,R2713,Mumbai,Powai,Juhu,2023-10-06 04:54:00,2023-10-06 05:03:00,2023-10-06 05:12:00,2.7,97,Completed,
T4147,D178,R3160,Mumbai,Juhu,Powai,2023-10-05 04:12:00,2023-10-05 04:19:00,2023-10-05 04:31:00,4.7,165,Completed,
T4148,D295,R3220,Mumbai,Bandra,Andheri,2023-10-14 09:44:00,2023-10-14 09:52:00,2023-10-14 10:27:00,13.1,319,Completed,
T4149,D229,R3275,Delhi,Vasant Kunj,Dwarka,2023-10-19 08:21:00,2023-10-19 08:30:00,2023-10-19 09:10:00,14.9,322,Completed,
T4150,D233,R2534,Delhi,Vasant Kunj,Saket,2023-10-30 19:57:00,2023-10-30 20:00:00,2023-10-30 20:37:00,14.5,410,Completed,
T4151,D201,R1680,Delhi,Dwarka,Vasant Kunj,2023-10-02 18:25:00,2023-10-02 18:36:00,2023-10-02 19:22:00,13.8,263,Completed,
T4152,D341,R1077,Delhi,Saket,Vasant Kunj,2023-10-25 23:24:00,2023-10-25 23:36:00,2023-10-26 00:51:00,23.6,480,Completed,
T4153,D116,R1228,Bangalore,Jayanagar,HSR Layout,2023-10-10 16:38:00,2023-10-10 16:53:00,2023-10-10 18:05:00,24.2,480,Completed,
T4154,D101,R4737,Delhi,Connaught Place,Rohini,2023-10-14 06:19:00,2023-10-14 06:33:00,2023-10-14 07:10:00,10.8,254,Completed,
T4155,D238,R2268,Delhi,Dwarka,Saket,2023-10-12 09:43:00,2023-10-12 09:46:00,2023-10-12 10:07:00,6.0,141,Completed,
T4156,D191,R1039,Bangalore,Koramangala,Whitefield,2023-10-19 03:38:00,,,0.0,0.0,Cancelled,Driver Not Found
T4157,D258,R1303,Delhi,Connaught Place,Dwarka,2023-10-06 22:43:00,,,0.0,0.0,Cancelled,Driver Cancelled
T4158,D289,R4107,Delhi,Saket,Dwarka,2023-10-16 01:00:00,2023-10-16 01:15:00,2023-10-16 02:12:00,14.6,320,Completed,
T4159,D171,R2232,Delhi,Vasant Kunj,Dwarka,2023-10-27 19:44:00,2023-10-27 19:55:00,2023-10-27 20:08:00,4.0,119,Completed,
T4160,D124,R2234,Delhi,Vasant Kunj,Saket,2023-10-09 23:44:00,2023-10-09 23:48:00,2023-10-10 00:30:00,14.5,340,Completed,
T4161,D147,R2513,Bangalore,Whitefield,Jayanagar,2023-10-06 10:25:00,2023-10-06 10:39:00,2023-10-06 11:54:00,19.2,388,Completed,
T4162,D121,R1673,Bangalore,Whitefield,HSR Layout,2023-10-02 16:59:00,2023-10-02 17:13:00,2023-10-02 18:18:00,24.9,574,Completed,
T4163,D122,R4005,Bangalore,Indiranagar,Koramangala,2023-10-11 06:10:00,2023-10-11 06:21:00,2023-10-11 07:19:00,17.7,439,Completed,
T4164,D231,R3043,Mumbai,Colaba,Andheri,2023-10-16 08:57:00,2023-10-16 09:07:00,2023-10-16 09:49:00,13.0,318,Completed,
T4165,D144,R2104,Mumbai,Powai,Bandra,2023-10-05 03:21:00,2023-10-05 03:31:00,2023-10-05 04:37:00,24.8,508,Completed,
T4166,D312,R1047,Delhi,Dwarka,Rohini,2023-10-13 01:38:00,2023-10-13 01:51:00,2023-10-13 02:51:00,18.5,401,Completed,
T4167,D160,R3135,Delhi,Saket,Rohini,2023-10-11 02:05:00,,,0.0,0.0,Cancelled,Driver Not Found
T4168,D208,R1155,Mumbai,Powai,Bandra,2023-10-22 20:58:00,,,0.0,0.0,Cancelled,Other
T4169,D205,R4031,Bangalore,Whitefield,Jayanagar,2023-10-21 14:57:00,2023-10-21 15:12:00,2023-10-21 15:42:00,9.9,292,Completed,
T4170,D150,R3800,Mumbai,Bandra,Juhu,2023-10-09 22:14:00,2023-10-09 22:17:00,2023-10-09 23:13:00,14.2,376,Completed,
T4171,D332,R3360,Mumbai,Juhu,Colaba,2023-10-04 00:09:00,2023-10-04 00:13:00,2023-10-04 01:17:00,18.6,467,Completed,
T4172,D350,R3382,Delhi,Saket,Vasant Kunj,2023-10-24 16:36:00,2023-10-24 16:50:00,2023-10-24 17:01:00,4.4,124,Completed,
T4173,D182,R4739,Bangalore,Koramangala,HSR Layout,2023-10-06 08:01:00,2023-10-06 08:10:00,2023-10-06 09:42:00,23.5,410,Completed,
T4174,D331,R2522,Bangalore,Jayanagar,HSR Layout,2023-10-01 04:44:00,2023-10-01 04:46:00,2023-10-01 05:19:00,8.8,255,Completed,
T4175,D171,R4528,Delhi,Rohini,Dwarka,2023-10-22 06:05:00,2023-10-22 06:14:00,2023-10-22 07:11:00,16.4,437,Completed,
T4176,D239,R3467,Delhi,Vasant Kunj,Dwarka,2023-10-22 10:06:00,2023-10-22 10:19:00,2023-10-22 11:53:00,24.0,569,Completed,
T4177,D343,R3834,Mumbai,Powai,Andheri,2023-10-13 11:14:00,2023-10-13 11:17:00,2023-10-13 12:12:00,16.8,347,Completed,
T4178,D336,R1473,Delhi,Saket,Rohini,2023-10-18 15:34:00,2023-10-18 15:49:00,2023-10-18 16:02:00,3.6,126,Completed,
T4179,D222,R3360,Bangalore,Indiranagar,Koramangala,2023-10-20 18:50:00,2023-10-20 18:58:00,2023-10-20 19:10:00,3.6,120,Completed,
T4180,D125,R3201,Delhi,Dwarka,Connaught Place,2023-10-25 16:47:00,2023-10-25 16:53:00,2023-10-25 17:55:00,16.9,466,Completed,
T4181,D189,R4822,Delhi,Rohini,Dwarka,2023-10-07 07:36:00,2023-10-07 07:39:00,2023-10-07 08:41:00,18.6,351,Completed,
T4182,D244,R2487,Mumbai,Juhu,Bandra,2023-10-30 09:09:00,2023-10-30 09:21:00,2023-10-30 10:49:00,22.4,472,Completed,
T4183,D289,R2369,Delhi,Dwarka,Vasant Kunj,2023-10-12 08:26:00,2023-10-12 08:31:00,2023-10-12 08:55:00,7.4,197,Completed,
T4184,D289,R1547,Delhi,Rohini,Vasant Kunj,2023-10-21 11:34:00,2023-10-21 11:41:00,2023-10-21 12:35:00,14.6,389,Completed,
T4185,D110,R1367,Bangalore,Whitefield,HSR Layout,2023-10-28 21:48:00,2023-10-28 21:55:00,2023-10-28 22:29:00,8.9,194,Completed,
T4186,D168,R4464,Delhi,Connaught Place,Vasant Kunj,2023-10-30 12:30:00,2023-10-30 12:39:00,2023-10-30 13:56:00,23.0,514,Completed,
T4187,D268,R2897,Delhi,Connaught Place,Rohini,2023-10-25 07:21:00,2023-10-25 07:35:00,2023-10-25 07:43:00,2.6,99,Completed,
T4188,D336,R3965,Delhi,Rohini,Saket,2023-10-02 15:01:00,2023-10-02 15:05:00,2023-10-02 15:30:00,8.7,250,Completed,
T4189,D300,R3451,Mumbai,Powai,Colaba,2023-10-21 01:46:00,2023-10-21 01:53:00,2023-10-21 02:07:00,5.2,170,Completed,
T4190,D306,R1712,Delhi,Connaught Place,Vasant Kunj,2023-10-30 10:36:00,2023-10-30 10:48:00,2023-10-30 11:50:00,18.4,341,Completed,
T4191,D282,R4615,Mumbai,Powai,Bandra,2023-10-30 16:10:00,2023-10-30 16:12:00,2023-10-30 17:15:00,21.9,412,Completed,
T4192,D113,R4181,Delhi,Vasant Kunj,Dwarka,2023-10-19 18:28:00,2023-10-19 18:33:00,2023-10-19 18:47:00,4.5,154,Completed,
T4193,D315,R3435,Mumbai,Powai,Colaba,2023-10-23 13:07:00,2023-10-23 13:12:00,2023-10-23 13:45:00,12.7,335,Completed,
T4194,D306,R3681,Delhi,Connaught Place,Vasant Kunj,2023-10-04 18:59:00,2023-10-04 19:04:00,2023-10-04 19:44:00,13.3,370,Completed,
T4195,D283,R4206,Bangalore,Jayanagar,Whitefield,2023-10-01 02:04:00,2023-10-01 02:17:00,2023-10-01 02:52:00,12.1,251,Completed,
T4196,D294,R2263,Delhi,Dwarka,Connaught Place,2023-10-15 03:09:00,2023-10-15 03:18:00,2023-10-15 04:23:00,16.7,371,Completed,
T4197,D212,R3495,Bangalore,HSR Layout,Indiranagar,2023-10-16 10:07:00,2023-10-16 10:18:00,2023-10-16 11:19:00,17.1,417,Completed,
T4198,D127,R2360,Mumbai,Colaba,Powai,2023-10-12 06:53:00,2023-10-12 06:59:00,2023-10-12 07:42:00,15.5,351,Completed,
T4199,D322,R3013,Bangalore,Jayanagar,HSR Layout,2023-10-12 20:34:00,2023-10-12 20:37:00,2023-10-12 21:39:00,20.0,488,Completed,
T4200,D212,R2286,Bangalore,HSR Layout,Jayanagar,2023-10-19 06:25:00,2023-10-19 06:30:00,2023-10-19 07:20:00,14.8,301,Completed,
T4201,D343,R4200,Mumbai,Colaba,Bandra,2023-10-09 00:43:00,2023-10-09 00:51:00,2023-10-09 00:59:00,2.9,108,Completed,
T4202,D138,R3127,Bangalore,Koramangala,Indiranagar,2023-10-24 05:07:00,2023-10-24 05:17:00,2023-10-24 05:23:00,2.2,95,Completed,
T4203,D323,R3668,Bangalore,Indiranagar,Koramangala,2023-10-15 10:26:00,2023-10-15 10:41:00,2023-10-15 11:26:00,16.5,302,Completed,
T4204,D182,R2763,Bangalore,HSR Layout,Indiranagar,2023-10-26 10:04:00,2023-10-26 10:14:00,2023-10-26 10:28:00,4.7,148,Completed,
T4205,D334,R3616,Mumbai,Colaba,Juhu,2023-10-20 17:12:00,2023-10-20 17:14:00,2023-10-20 18:23:00,19.6,473,Completed,
T4206,D241,R2922,Delhi,Rohini,Saket,2023-10-27 04:13:00,2023-10-27 04:20:00,2023-10-27 05:22:00,18.0,480,Completed,
T4207,D194,R3063,Mumbai,Juhu,Powai,2023-10-04 15:50:00,2023-10-04 16:02:00,2023-10-04 17:20:00,23.2,533,Completed,
T4208,D240,R4412,Bangalore,Indiranagar,Jayanagar,2023-10-23 01:27:00,2023-10-23 01:35:00,2023-10-23 02:03:00,8.8,203,Completed,
T4209,D193,R4481,Mumbai,Powai,Juhu,2023-10-13 13:27:00,2023-10-13 13:34:00,2023-10-13 14:12:00,10.3,225,Completed,
T4210,D253,R1971,Bangalore,HSR Layout,Indiranagar,2023-10-14 07:28:00,2023-10-14 07:31:00,2023-10-14 07:59:00,10.2,277,Completed,
T4211,D314,R4932,Mumbai,Powai,Andheri,2023-10-09 06:51:00,2023-10-09 07:01:00,2023-10-09 07:27:00,10.4,269,Completed,
T4212,D238,R2089,Delhi,Vasant Kunj,Dwarka,2023-10-28 14:44:00,2023-10-28 14:59:00,2023-10-28 15:31:00,13.1,281,Completed,
T4213,D177,R4452,Mumbai,Powai,Colaba,2023-10-12 18:07:00,2023-10-12 18:15:00,2023-10-12 19:02:00,15.3,381,Completed,
T4214,D202,R2078,Bangalore,Indiranagar,Whitefield,2023-10-16 20:29:00,2023-10-16 20:40:00,2023-10-16 21:16:00,12.3,339,Completed,
T4215,D143,R3683,Mumbai,Juhu,Bandra,2023-10-28 22:16:00,2023-10-28 22:18:00,2023-10-28 23:45:00,23.4,428,Completed,
T4216,D270,R4113,Bangalore,HSR Layout,Jayanagar,2023-10-24 20:37:00,,,0.0,0.0,Cancelled,Other
T4217,D179,R4141,Bangalore,Indiranagar,Whitefield,2023-10-30 20:01:00,2023-10-30 20:06:00,2023-10-30 20:30:00,8.7,245,Completed,
T4218,D209,R3507,Bangalore,Jayanagar,Koramangala,2023-10-29 00:47:00,2023-10-29 00:52:00,2023-10-29 02:03:00,18.2,471,Completed,
T4219,D341,R1518,Delhi,Dwarka,Saket,2023-10-06 19:25:00,2023-10-06 19:36:00,2023-10-06 20:11:00,9.7,250,Completed,
T4220,D301,R3220,Delhi,Vasant Kunj,Saket,2023-10-20 01:08:00,2023-10-20 01:14:00,2023-10-20 01:31:00,5.9,179,Completed,
T4221,D225,R1542,Mumbai,Juhu,Powai,2023-10-24 12:03:00,2023-10-24 12:06:00,2023-10-24 13:30:00,21.6,376,Completed,
T4222,D347,R1204,Bangalore,Whitefield,Koramangala,2023-10-16 01:32:00,2023-10-16 01:39:00,2023-10-16 01:56:00,5.3,148,Completed,
T4223,D179,R4032,Bangalore,Indiranagar,Jayanagar,2023-10-17 10:48:00,2023-10-17 10:50:00,2023-10-17 11:37:00,12.2,340,Completed,
T4224,D225,R2210,Mumbai,Colaba,Bandra,2023-10-13 16:26:00,2023-10-13 16:31:00,2023-10-13 17:31:00,22.2,570,Completed,
T4225,D173,R4277,Mumbai,Juhu,Bandra,2023-10-11 12:36:00,,,0.0,0.0,Cancelled,Driver Not Found
T4226,D148,R2379,Bangalore,HSR Layout,Koramangala,2023-10-27 10:05:00,2023-10-27 10:12:00,2023-10-27 10:45:00,8.9,212,Completed,
T4227,D292,R2228,Bangalore,HSR Layout,Koramangala,2023-10-26 03:51:00,2023-10-26 03:57:00,2023-10-26 04:16:00,5.2,140,Completed,
T4228,D272,R3278,Bangalore,Indiranagar,Koramangala,2023-10-27 20:53:00,2023-10-27 20:59:00,2023-10-27 21:52:00,21.0,467,Completed,
T4229,D308,R4889,Delhi,Saket,Vasant Kunj,2023-10-29 06:41:00,2023-10-29 06:46:00,2023-10-29 07:21:00,9.4,239,Completed,
T4230,D119,R1772,Mumbai,Andheri,Colaba,2023-10-07 14:17:00,2023-10-07 14:32:00,2023-10-07 14:41:00,3.0,117,Completed,
T4231,D347,R3038,Bangalore,Whitefield,Jayanagar,2023-10-11 01:14:00,2023-10-11 01:19:00,2023-10-11 01:33:00,5.4,145,Completed,
T4232,D264,R1402,Mumbai,Juhu,Bandra,2023-10-26 21:37:00,2023-10-26 21:52:00,2023-10-26 21:59:00,2.5,89,Completed,
T4233,D156,R3122,Delhi,Connaught Place,Saket,2023-10-15 20:44:00,2023-10-15 20:50:00,2023-10-15 21:35:00,17.6,455,Completed,
T4234,D226,R1815,Delhi,Saket,Vasant Kunj,2023-10-05 22:35:00,2023-10-05 22:47:00,2023-10-05 22:53:00,2.2,99,Completed,
T4235,D263,R3276,Delhi,Saket,Dwarka,2023-10-15 19:52:00,2023-10-15 20:05:00,2023-10-15 20:48:00,14.0,344,Completed,
T4236,D197,R1866,Delhi,Rohini,Dwarka,2023-10-29 21:01:00,2023-10-29 21:06:00,2023-10-29 21:39:00,12.6,333,Completed,
T4237,D344,R4254,Mumbai,Andheri,Juhu,2023-10-11 09:40:00,2023-10-11 09:44:00,2023-10-11 10:55:00,24.7,495,Completed,
T4238,D283,R4340,Bangalore,Indiranagar,Jayanagar,2023-10-03 06:42:00,2023-10-03 06:50:00,2023-10-03 07:28:00,13.7,295,Completed,
T4239,D268,R3688,Delhi,Saket,Vasant Kunj,2023-10-22 21:55:00,2023-10-22 22:03:00,2023-10-22 23:06:00,19.4,518,Completed,
T4240,D166,R2955,Delhi,Connaught Place,Rohini,2023-10-25 08:18:00,2023-10-25 08:30:00,2023-10-25 09:31:00,20.9,500,Completed,
T4241,D124,R4703,Delhi,Saket,Rohini,2023-10-28 14:38:00,,,0.0,0.0,Cancelled,Rider Cancelled
T4242,D155,R4441,Mumbai,Juhu,Bandra,2023-10-21 03:32:00,2023-10-21 03:39:00,2023-10-21 03:53:00,4.9,139,Completed,
T4243,D173,R1160,Mumbai,Bandra,Juhu,2023-10-16 11:11:00,2023-10-16 11:18:00,2023-10-16 11:51:00,12.1,239,Completed,
T4244,D279,R4363,Bangalore,Jayanagar,HSR Layout,2023-10-21 09:29:00,,,0.0,0.0,Cancelled,Payment Issue
T4245,D340,R2404,Mumbai,Juhu,Powai,2023-10-01 07:52:00,2023-10-01 08:01:00,2023-10-01 08:14:00,4.5,148,Completed,
T4246,D141,R4709,Mumbai,Colaba,Powai,2023-10-19 12:16:00,2023-10-19 12:30:00,2023-10-19 13:14:00,14.4,278,Completed,
T4247,D347,R4232,Bangalore,Koramangala,HSR Layout,2023-10-17 07:58:00,2023-10-17 08:03:00,2023-10-17 08:29:00,7.1,200,Completed,
T4248,D221,R4747,Bangalore,Whitefield,Indiranagar,2023-10-26 01:53:00,2023-10-26 01:56:00,2023-10-26 02:41:00,11.8,243,Completed,
T4249,D144,R4289,Mumbai,Colaba,Bandra,2023-10-26 05:23:00,2023-10-26 05:33:00,2023-10-26 05:46:00,4.3,152,Completed,
T4250,D117,R2287,Delhi,Connaught Place,Rohini,2023-10-21 21:13:00,,2023-10-21 22:25:00,19.2,349,Completed,
T4251,D269,R3609,Mumbai,Bandra,Powai,2023-10-07 23:17:00,2023-10-07 23:30:00,2023-10-08 00:11:00,13.4,267,Completed,
T4252,D116,R2592,Bangalore,Koramangala,Jayanagar,2023-10-21 06:07:00,2023-10-21 06:14:00,2023-10-21 07:09:00,18.7,396,Completed,
T4253,D256,R4473,Mumbai,Colaba,Andheri,2023-10-17 04:36:00,2023-10-17 04:49:00,2023-10-17 05:39:00,13.7,341,Completed,
T4254,D177,R2543,Mumbai,Juhu,Bandra,2023-10-30 10:31:00,2023-10-30 10:42:00,2023-10-30 10:52:00,3.6,113,Completed,
T4255,D118,R3352,Bangalore,HSR Layout,Jayanagar,2023-10-11 04:27:00,2023-10-11 04:29:00,2023-10-11 06:00:00,24.5,591,Completed,
T4256,D322,R4345,Bangalore,Whitefield,HSR Layout,2023-10-23 00:07:00,2023-10-23 00:21:00,2023-10-23 01:18:00,16.3,452,Completed,
T4257,D257,R2543,Delhi,Vasant Kunj,Dwarka,2023-10-13 09:53:00,2023-10-13 09:59:00,2023-10-13 10:17:00,6.5,187,Completed,
T4258,D189,R1028,Delhi,Vasant Kunj,Rohini,2023-10-14 16:25:00,2023-10-14 16:27:00,2023-10-14 17:36:00,23.0,432,Completed,
T4259,D155,R2514,Mumbai,Colaba,Bandra,2023-10-20 04:56:00,,,0.0,0.0,Cancelled,Rider Cancelled
T4260,D336,R3033,Delhi,Saket,Vasant Kunj,2023-10-11 01:35:00,,,0.0,0.0,Cancelled,Rider Cancelled
T4261,D309,R3867,Mumbai,Powai,Bandra,2023-10-10 23:23:00,2023-10-10 23:37:00,2023-10-11 00:45:00,20.4,365,Completed,
T4262,D208,R1488,Mumbai,Colaba,Powai,2023-10-22 12:21:00,2023-10-22 12:33:00,2023-10-22 12:56:00,9.1,270,Completed,
T4263,D138,R4633,Bangalore,HSR Layout,Koramangala,2023-10-22 14:28:00,2023-10-22 14:32:00,2023-10-22 15:09:00,12.6,305,Completed,
T4264,D336,R1928,Delhi,Connaught Place,Saket,2023-10-05 18:04:00,2023-10-05 18:17:00,2023-10-05 19:09:00,20.2,463,Completed,
T4265,D262,R2114,Delhi,Vasant Kunj,Saket,2023-10-30 20:00:00,2023-10-30 20:14:00,2023-10-30 20:50:00,10.0,218,Completed,
T4266,D157,R1514,Bangalore,Koramangala,Whitefield,2023-10-19 15:29:00,2023-10-19 15:32:00,2023-10-19 15:51:00,5.6,185,Completed,
T4267,D226,R4890,Delhi,Connaught Place,Vasant Kunj,2023-10-18 20:41:00,2023-10-18 20:46:00,2023-10-18 21:59:00,21.2,434,Completed,
T4268,D172,R3722,Bangalore,HSR Layout,Indiranagar,2023-10-27 00:04:00,2023-10-27 00:09:00,2023-10-27 00:26:00,5.2,165,Completed,
T4269,D221,R1308,Bangalore,Indiranagar,Jayanagar,2023-10-11 20:51:00,,,0.0,0.0,Cancelled,Rider Cancelled
T4270,D160,R4512,Delhi,Rohini,Saket,2023-10-04 01:30:00,2023-10-04 01:45:00,2023-10-04 02:14:00,11.5,321,Completed,
T4271,D269,R4667,Mumbai,Powai,Juhu,2023-10-26 12:08:00,,,0.0,0.0,Cancelled,Rider Cancelled
T4272,D129,R4536,Delhi,Connaught Place,Dwarka,2023-10-10 09:02:00,,,0.0,0.0,Cancelled,Driver Not Found
T4273,D230,R2084,Bangalore,Koramangala,Indiranagar,2023-10-11 05:46:00,2023-10-11 05:48:00,2023-10-11 07:06:00,21.5,410,Completed,
T4274,D171,R2119,Delhi,Connaught Place,Vasant Kunj,2023-10-14 13:26:00,,,0.0,0.0,Cancelled,Rider Cancelled
T4275,D226,R2715,Delhi,Vasant Kunj,Rohini,2023-10-17 19:06:00,2023-10-17 19:15:00,2023-10-17 20:29:00,22.7,461,Completed,
T4276,D341,R2215,Delhi,Vasant Kunj,Connaught Place,2023-10-20 01:49:00,2023-10-20 01:54:00,2023-10-20 02:28:00,11.4,249,Completed,
T4277,D278,R4485,Delhi,Vasant Kunj,Rohini,2023-10-06 14:04:00,2023-10-06 14:14:00,2023-10-06 15:02:00,19.0,514,Completed,
T4278,D220,R4744,Delhi,Vasant Kunj,Saket,2023-10-06 19:55:00,2023-10-06 20:08:00,2023-10-06 20:46:00,13.0,317,Completed,
T4279,D290,R2920,Bangalore,Indiranagar,Koramangala,2023-10-29 07:55:00,,,0.0,0.0,Cancelled,Other
T4280,D312,R3645,Delhi,Connaught Place,Vasant Kunj,2023-10-24 09:23:00,,,0.0,0.0,Cancelled,Driver Cancelled
T4281,D184,R4697,Mumbai,Andheri,Bandra,2023-10-15 11:59:00,2023-10-15 12:07:00,2023-10-15 12:37:00,11.5,304,Completed,
T4282,D336,R2507,Delhi,Rohini,Connaught Place,2023-10-06 16:45:00,2023-10-06 16:48:00,2023-10-06 17:27:00,14.3,325,Completed,
T4283,D311,R4849,Bangalore,HSR Layout,Jayanagar,2023-10-22 22:25:00,2023-10-22 22:29:00,2023-10-22 22:43:00,3.6,106,Completed,
T4284,D233,R4476,Delhi,Rohini,Vasant Kunj,2023-10-25 01:23:00,2023-10-25 01:32:00,2023-10-25 01:42:00,3.4,102,Completed,
T4285,D199,R4765,Bangalore,HSR Layout,Indiranagar,2023-10-01 01:20:00,2023-10-01 01:23:00,2023-10-01 01:31:00,2.2,97,Completed,
T4286,D179,R1457,Bangalore,Koramangala,HSR Layout,2023-10-06 13:44:00,2023-10-06 13:59:00,2023-10-06 14:08:00,2.6,104,Completed,
T4287,D320,R4224,Mumbai,Andheri,Juhu,2023-10-09 15:29:00,2023-10-09 15:35:00,2023-10-09 17:07:00,23.6,620,Completed,
T4288,D236,R2181,Mumbai,Juhu,Bandra,2023-10-29 09:37:00,2023-10-29 09:41:00,2023-10-29 10:17:00,9.9,204,Completed,
T4289,D238,R2496,Delhi,Connaught Place,Dwarka,2023-10-18 19:41:00,2023-10-18 19:50:00,2023-10-18 20:45:00,20.6,487,Completed,
T4290,D303,R4921,Delhi,Saket,Connaught Place,2023-10-29 00:05:00,2023-10-29 00:12:00,2023-10-29 00:35:00,7.8,189,Completed,
T4291,D274,R4543,Delhi,Connaught Place,Saket,2023-10-24 14:29:00,2023-10-24 14:38:00,2023-10-24 15:19:00,10.8,263,Completed,
T4292,D109,R3135,Delhi,Dwarka,Rohini,2023-10-26 17:05:00,2023-10-26 17:17:00,2023-10-26 17:46:00,11.0,320,Completed,
T4293,D226,R4149,Delhi,Connaught Place,Vasant Kunj,2023-10-14 13:36:00,2023-10-14 13:41:00,2023-10-14 15:02:00,21.1,463,Completed,
T4294,D234,R3475,Delhi,Dwarka,Rohini,2023-10-30 21:31:00,2023-10-30 21:33:00,2023-10-30 23:03:00,24.8,507,Completed,
T4295,D151,R1212,Delhi,Rohini,Dwarka,2023-10-17 19:36:00,2023-10-17 19:50:00,2023-10-17 20:59:00,23.1,602,Completed,
T4296,D317,R4200,Delhi,Saket,Rohini,2023-10-02 08:42:00,2023-10-02 08:49:00,2023-10-02 09:58:00,21.8,434,Completed,
T4297,D342,R1613,Delhi,Dwarka,Rohini,2023-10-03 04:20:00,2023-10-03 04:32:00,2023-10-03 05:37:00,18.7,485,Completed,
T4298,D174,R2200,Mumbai,Colaba,Juhu,2023-10-09 03:22:00,2023-10-09 03:28:00,2023-10-09 04:31:00,21.1,529,Completed,
T4299,D234,R1275,Delhi,Saket,Connaught Place,2023-10-21 08:35:00,,,0.0,0.0,Cancelled,Driver Cancelled
T4300,D175,R1703,Mumbai,Bandra,Juhu,2023-10-01 23:13:00,2023-10-01 23:20:00,2023-10-01 23:38:00,5.2,155,Completed,
T4301,D103,R2583,Mumbai,Colaba,Bandra,2023-10-26 05:20:00,2023-10-26 05:32:00,2023-10-26 06:06:00,10.5,298,Completed,
T4302,D209,R1120,Bangalore,HSR Layout,Whitefield,2023-10-07 20:34:00,2023-10-07 20:41:00,2023-10-07 20:54:00,3.4,127,Completed,
T4303,D323,R3544,Bangalore,Whitefield,Jayanagar,2023-10-03 07:09:00,2023-10-03 07:21:00,2023-10-03 08:36:00,19.2,433,Completed,
T4304,D267,R1981,Bangalore,HSR Layout,Whitefield,2023-10-10 07:58:00,2023-10-10 08:01:00,2023-10-10 08:08:00,2.1,98,Completed,
T4305,D150,R3271,Mumbai,Andheri,Juhu,2023-10-09 06:26:00,2023-10-09 06:32:00,2023-10-09 07:39:00,17.2,354,Completed,
T4306,D233,R4957,Delhi,Rohini,Connaught Place,2023-10-27 23:31:00,2023-10-27 23:41:00,2023-10-27 23:50:00,2.4,102,Completed,
T4307,D104,R1434,Delhi,Dwarka,Rohini,2023-10-11 19:27:00,2023-10-11 19:37:00,2023-10-11 21:02:00,23.8,448,Completed,
T4308,D205,R1351,Bangalore,Indiranagar,Jayanagar,2023-10-22 03:38:00,2023-10-22 03:49:00,2023-10-22 04:56:00,18.6,381,Completed,
T4309,D131,R2624,Delhi,Connaught Place,Rohini,2023-10-24 01:42:00,2023-10-24 01:56:00,2023-10-24 02:49:00,17.9,414,Completed,
T4310,D245,R1418,Bangalore,Jayanagar,Koramangala,2023-10-13 11:49:00,2023-10-13 12:01:00,2023-10-13 12:27:00,9.7,269,Completed,
T4311,D263,R1176,Delhi,Connaught Place,Rohini,2023-10-22 12:06:00,,,0.0,0.0,Cancelled,Payment Issue
T4312,D223,R1104,Delhi,Dwarka,Connaught Place,2023-10-24 21:55:00,2023-10-24 21:57:00,2023-10-24 22:39:00,14.3,311,Completed,
T4313,D220,R3016,Delhi,Vasant Kunj,Saket,2023-10-21 21:29:00,2023-10-21 21:42:00,2023-10-21 22:10:00,8.2,227,Completed,
T4314,D348,R3273,Mumbai,Powai,Colaba,2023-10-08 18:26:00,2023-10-08 18:28:00,2023-10-08 19:04:00,11.3,272,Completed,
T4315,D324,R4438,Mumbai,Andheri,Juhu,2023-10-07 13:38:00,2023-10-07 13:44:00,2023-10-07 14:12:00,8.3,235,Completed,
T4316,D222,R4248,Bangalore,HSR Layout,Whitefield,2023-10-30 12:26:00,2023-10-30 12:31:00,2023-10-30 14:05:00,24.7,505,Completed,
T4317,D224,R1374,Mumbai,Andheri,Juhu,2023-10-15 13:18:00,2023-10-15 13:27:00,2023-10-15 13:53:00,9.6,245,Completed,
T4318,D230,R2788,Bangalore,Indiranagar,Whitefield,2023-10-20 14:29:00,2023-10-20 14:32:00,2023-10-20 15:22:00,13.3,265,Completed,
T4319,D134,R2969,Mumbai,Bandra,Andheri,2023-10-14 07:35:00,2023-10-14 07:49:00,2023-10-14 09:09:00,23.5,487,Completed,
T4320,D236,R4272,Mumbai,Andheri,Powai,2023-10-04 16:58:00,,,0.0,0.0,Cancelled,Driver Cancelled
T4321,D334,R4827,Mumbai,Andheri,Powai,2023-10-08 00:17:00,2023-10-08 00:24:00,2023-10-08 00:59:00,13.6,345,Completed,
T4322,D180,R3093,Bangalore,HSR Layout,Jayanagar,2023-10-10 05:06:00,2023-10-10 05:20:00,2023-10-10 06:10:00,14.6,339,Completed,
T4323,D172,R3167,Bangalore,Whitefield,HSR Layout,2023-10-02 06:24:00,2023-10-02 06:37:00,2023-10-02 06:54:00,5.2,170,Completed,
T4324,D185,R1867,Bangalore,HSR Layout,Jayanagar,2023-10-06 03:46:00,2023-10-06 04:01:00,2023-10-06 04:31:00,7.8,182,Completed,
T4325,D280,R3669,Mumbai,Juhu,Colaba,2023-10-29 02:14:00,,,0.0,0.0,Cancelled,Driver Not Found
T4326,D304,R1013,Mumbai,Andheri,Bandra,2023-10-02 03:36:00,2023-10-02 03:45:00,2023-10-02 04:37:00,17.4,423,Completed,
T4327,D245,R1209,Bangalore,HSR Layout,Whitefield,2023-10-06 12:35:00,,,0.0,0.0,Cancelled,Rider Cancelled
T4328,D267,R2522,Bangalore,HSR Layout,Indiranagar,2023-10-01 16:56:00,2023-10-01 17:08:00,2023-10-01 18:16:00,19.8,371,Completed,
T4329,D316,R2315,Bangalore,Whitefield,Indiranagar,2023-10-10 16:45:00,2023-10-10 16:53:00,2023-10-10 17:35:00,11.8,252,Completed,
T4330,D212,R4578,Bangalore,Whitefield,Indiranagar,2023-10-14 06:31:00,2023-10-14 06:37:00,2023-10-14 06:43:00,2.5,89,Completed,
T4331,D114,R3551,Bangalore,Indiranagar,Jayanagar,2023-10-12 06:30:00,2023-10-12 06:38:00,2023-10-12 08:07:00,22.6,481,Completed,
T4332,D154,R1895,Delhi,Rohini,Saket,2023-10-14 18:30:00,2023-10-14 18:37:00,2023-10-14 19:53:00,24.2,438,Completed,
T4333,D178,R1539,Mumbai,Juhu,Colaba,2023-10-01 11:42:00,2023-10-01 11:53:00,2023-10-01 12:43:00,18.9,471,Completed,
T4334,D350,R3992,Delhi,Connaught Place,Vasant Kunj,2023-10-18 21:05:00,2023-10-18 21:20:00,2023-10-18 22:09:00,17.6,456,Completed,
T4335,D310,R2021,Delhi,Connaught Place,Vasant Kunj,2023-10-15 03:48:00,,,0.0,0.0,Cancelled,Driver Not Found
T4336,D223,R3855,Delhi,Rohini,Connaught Place,2023-10-29 19:46:00,2023-10-29 20:01:00,2023-10-29 20:12:00,4.6,122,Completed,
T4337,D104,R2630,Delhi,Vasant Kunj,Connaught Place,2023-10-06 14:16:00,2023-10-06 14:25:00,2023-10-06 15:13:00,12.9,254,Completed,
T4338,D134,R3454,Mumbai,Powai,Andheri,2023-10-22 16:27:00,,,0.0,0.0,Cancelled,Driver Cancelled
T4339,D144,R1965,Mumbai,Bandra,Andheri,2023-10-08 22:26:00,2023-10-08 22:33:00,2023-10-09 00:06:00,23.9,501,Completed,
T4340,D207,R4008,Delhi,Connaught Place,Saket,2023-10-23 14:21:00,2023-10-23 14:35:00,2023-10-23 15:46:00,20.9,378,Completed,
T4341,D182,R2637,Bangalore,HSR Layout,Whitefield,2023-10-11 11:39:00,2023-10-11 11:48:00,2023-10-11 12:41:00,13.9,300,Completed,
T4342,D349,R3294,Delhi,Dwarka,Rohini,2023-10-23 07:37:00,2023-10-23 07:50:00,2023-10-23 08:31:00,14.4,320,Completed,
T4343,D255,R1164,Mumbai,Andheri,Juhu,2023-10-25 00:50:00,2023-10-25 00:55:00,2023-10-25 02:05:00,19.7,439,Completed,
T4344,D118,R3159,Bangalore,Indiranagar,Whitefield,2023-10-13 13:25:00,2023-10-13 13:39:00,2023-10-13 14:17:00,12.5,297,Completed,
T4345,D228,R1620,Mumbai,Andheri,Bandra,2023-10-19 15:38:00,2023-10-19 15:43:00,2023-10-19 16:04:00,8.2,220,Completed,
T4346,D279,R2936,Bangalore,HSR Layout,Jayanagar,2023-10-08 19:44:00,2023-10-08 19:55:00,2023-10-08 20:54:00,15.7,374,Completed,
T4347,D334,R3404,Mumbai,Bandra,Colaba,2023-10-29 21:45:00,2023-10-29 21:58:00,2023-10-29 23:09:00,21.3,408,Completed,
T4348,D330,R1047,Delhi,Vasant Kunj,Connaught Place,2023-10-26 14:15:00,2023-10-26 14:27:00,2023-10-26 14:51:00,7.5,224,Completed,
T4349,D184,R3404,Mumbai,Andheri,Colaba,2023-10-27 03:04:00,2023-10-27 03:11:00,2023-10-27 03:27:00,4.2,146,Completed,
T4350,D122,R4505,Bangalore,Koramangala,Whitefield,2023-10-16 16:30:00,2023-10-16 16:35:00,2023-10-16 16:47:00,4.5,157,Completed,
T4351,D315,R2191,Mumbai,Juhu,Bandra,2023-10-24 17:29:00,2023-10-24 17:38:00,2023-10-24 18:09:00,11.1,258,Completed,
T4352,D346,R1669,Bangalore,Koramangala,Jayanagar,2023-10-28 01:19:00,2023-10-28 01:21:00,2023-10-28 01:33:00,3.3,126,Completed,
T4353,D213,R4714,Mumbai,Powai,Bandra,2023-10-27 10:16:00,2023-10-27 10:18:00,2023-10-27 11:06:00,13.2,322,Completed,
T4354,D320,R4186,Mumbai,Bandra,Andheri,2023-10-28 21:49:00,2023-10-28 21:58:00,2023-10-28 23:05:00,24.8,471,Completed,
T4355,D247,R4267,Bangalore,Koramangala,Whitefield,2023-10-26 18:52:00,2023-10-26 19:01:00,2023-10-26 19:52:00,14.1,397,Completed,
T4356,D312,R1625,Delhi,Vasant Kunj,Connaught Place,2023-10-18 03:11:00,2023-10-18 03:15:00,2023-10-18 03:23:00,3.0,117,Completed,
T4357,D109,R2919,Delhi,Saket,Vasant Kunj,2023-10-12 18:25:00,2023-10-12 18:29:00,2023-10-12 19:18:00,19.2,338,Completed,
T4358,D220,R1980,Delhi,Saket,Connaught Place,2023-10-13 17:35:00,2023-10-13 17:47:00,2023-10-13 18:21:00,8.7,220,Completed,
T4359,D135,R3565,Mumbai,Colaba,Powai,2023-10-15 21:51:00,2023-10-15 22:05:00,2023-10-15 22:13:00,2.2,85,Completed,
T4360,D254,R2083,Bangalore,Whitefield,Koramangala,2023-10-17 00:59:00,,,0.0,0.0,Cancelled,Rider Cancelled
T4361,D114,R2529,Bangalore,Indiranagar,Whitefield,2023-10-13 03:18:00,2023-10-13 03:30:00,2023-10-13 04:06:00,12.9,336,Completed,
T4362,D260,R2888,Mumbai,Bandra,Colaba,2023-10-29 21:56:00,2023-10-29 22:06:00,2023-10-29 22:14:00,2.2,102,Completed,
T4363,D200,R3063,Mumbai,Juhu,Andheri,2023-10-04 10:38:00,2023-10-04 10:46:00,2023-10-04 11:37:00,13.9,370,Completed,
T4364,D245,R4138,Bangalore,Whitefield,Indiranagar,2023-10-15 19:54:00,2023-10-15 20:01:00,2023-10-15 20:14:00,3.4,113,Completed,
T4365,D332,R2315,Mumbai,Colaba,Bandra,2023-10-02 13:21:00,2023-10-02 13:32:00,2023-10-02 14:23:00,17.7,415,Completed,
T4366,D191,R2500,Bangalore,Jayanagar,Whitefield,2023-10-27 16:52:00,2023-10-27 17:06:00,2023-10-27 18:01:00,21.5,553,Completed,
T4367,D174,R3851,Mumbai,Juhu,Andheri,2023-10-17 15:25:00,2023-10-17 15:33:00,2023-10-17 15:44:00,3.3,122,Completed,
T4368,D212,R3954,Bangalore,Whitefield,HSR Layout,2023-10-16 00:23:00,2023-10-16 00:35:00,2023-10-16 00:56:00,6.3,145,Completed,
T4369,D272,R3189,Bangalore,Koramangala,Indiranagar,2023-10-30 21:31:00,2023-10-30 21:33:00,2023-10-30 22:20:00,14.8,388,Completed,
T4370,D235,R2015,Delhi,Connaught Place,Saket,2023-10-07 18:55:00,2023-10-07 18:57:00,2023-10-07 19:06:00,3.6,104,Completed,
T4371,D267,R1851,Bangalore,Koramangala,Whitefield,2023-10-12 03:13:00,2023-10-12 03:18:00,2023-10-12 04:10:00,17.0,419,Completed,
T4372,D301,R1149,Delhi,Dwarka,Rohini,2023-10-05 00:21:00,2023-10-05 00:35:00,2023-10-05 01:58:00,22.4,565,Completed,
T4373,D306,R2151,Delhi,Vasant Kunj,Saket,2023-10-24 09:16:00,2023-10-24 09:25:00,2023-10-24 09:40:00,5.3,178,Completed,
T4374,D111,R3328,Delhi,Dwarka,Vasant Kunj,2023-10-30 10:56:00,2023-10-30 11:03:00,2023-10-30 12:13:00,20.9,464,Completed,
T4375,D318,R4715,Bangalore,Jayanagar,Koramangala,2023-10-17 09:25:00,2023-10-17 09:37:00,2023-10-17 10:25:00,17.2,403,Completed,
T4376,D264,R4506,Mumbai,Powai,Bandra,2023-10-28 03:02:00,2023-10-28 03:05:00,2023-10-28 03:46:00,15.9,395,Completed,
T4377,D215,R4801,Delhi,Saket,Dwarka,2023-10-17 21:47:00,2023-10-17 21:55:00,2023-10-17 22:14:00,5.9,183,Completed,
T4378,D302,R2945,Bangalore,Whitefield,Jayanagar,2023-10-17 09:32:00,2023-10-17 09:46:00,2023-10-17 10:45:00,19.0,522,Completed,
T4379,D142,R4923,Mumbai,Andheri,Colaba,2023-10-08 22:30:00,2023-10-08 22:33:00,2023-10-08 23:27:00,19.6,418,Completed,
T4380,D109,R3083,Delhi,Rohini,Vasant Kunj,2023-10-28 07:52:00,2023-10-28 08:05:00,2023-10-28 08:18:00,3.8,136,Completed,
T4381,D219,R2302,Bangalore,Indiranagar,Jayanagar,2023-10-17 23:53:00,2023-10-17 23:58:00,2023-10-18 00:40:00,13.3,321,Completed,
T4382,D187,R4608,Bangalore,Indiranagar,HSR Layout,2023-10-23 14:30:00,2023-10-23 14:44:00,2023-10-23 14:54:00,3.9,136,Completed,
T4383,D288,R4101,Mumbai,Andheri,Bandra,2023-10-30 09:37:00,2023-10-30 09:52:00,2023-10-30 10:56:00,22.4,581,Completed,
T4384,D135,R2740,Mumbai,Powai,Andheri,2023-10-29 15:57:00,2023-10-29 16:04:00,2023-10-29 16:13:00,2.6,100,Completed,
T4385,D137,R1848,Delhi,Vasant Kunj,Saket,2023-10-19 18:26:00,2023-10-19 18:34:00,2023-10-19 19:06:00,9.6,204,Completed,
T4386,D241,R1981,Delhi,Vasant Kunj,Saket,2023-10-25 06:28:00,2023-10-25 06:40:00,2023-10-25 07:01:00,6.9,187,Completed,
T4387,D114,R4908,Bangalore,Indiranagar,Whitefield,2023-10-27 21:42:00,2023-10-27 21:44:00,2023-10-27 22:41:00,18.3,343,Completed,
T4388,D128,R3484,Mumbai,Andheri,Powai,2023-10-16 08:07:00,2023-10-16 08:22:00,2023-10-16 09:25:00,17.4,376,Completed,
T4389,D340,R2161,Mumbai,Powai,Andheri,2023-10-29 10:43:00,,,0.0,0.0,Cancelled,Payment Issue
T4390,D105,R1362,Bangalore,Whitefield,HSR Layout,2023-10-28 00:12:00,2023-10-28 00:23:00,2023-10-28 01:07:00,17.6,340,Completed,
T4391,D228,R3194,Mumbai,Juhu,Powai,2023-10-16 13:47:00,2023-10-16 13:57:00,2023-10-16 14:10:00,3.8,117,Completed,
T4392,D212,R2298,Bangalore,Whitefield,HSR Layout,2023-10-05 19:30:00,,,0.0,0.0,Cancelled,Other
T4393,D152,R2286,Bangalore,HSR Layout,Koramangala,2023-10-05 20:24:00,2023-10-05 20:36:00,2023-10-05 21:47:00,23.9,489,Completed,
T4394,D120,R4164,Delhi,Connaught Place,Rohini,2023-10-08 11:29:00,2023-10-08 11:31:00,2023-10-08 12:49:00,21.7,566,Completed,
T4395,D167,R3387,Bangalore,Jayanagar,Indiranagar,2023-10-15 09:13:00,2023-10-15 09:21:00,2023-10-15 09:59:00,10.1,251,Completed,
T4396,D112,R3491,Bangalore,Koramangala,Whitefield,2023-10-18 06:24:00,,,0.0,0.0,Cancelled,Driver Cancelled
T4397,D151,R2505,Delhi,Vasant Kunj,Rohini,2023-10-10 14:27:00,2023-10-10 14:39:00,2023-10-10 15:22:00,16.2,396,Completed,
T4398,D117,R2008,Delhi,Vasant Kunj,Saket,2023-10-03 09:02:00,2023-10-03 09:10:00,2023-10-03 09:51:00,10.3,261,Completed,
T4399,D314,R1292,Mumbai,Powai,Andheri,2023-10-30 16:57:00,2023-10-30 17:02:00,2023-10-30 17:42:00,13.6,262,Completed,
T4400,D282,R4945,Mumbai,Juhu,Bandra,2023-10-19 14:15:00,2023-10-19 14:25:00,2023-10-19 14:59:00,10.4,240,Completed,
T4401,D330,R3738,Delhi,Connaught Place,Dwarka,2023-10-13 14:39:00,2023-10-13 14:49:00,2023-10-13 15:30:00,14.6,280,Completed,
T4402,D156,R1568,Delhi,Vasant Kunj,Connaught Place,2023-10-25 04:44:00,2023-10-25 04:53:00,2023-10-25 05:33:00,13.0,343,Completed,
T4403,D250,R2342,Mumbai,Powai,Juhu,2023-10-30 11:29:00,2023-10-30 11:33:00,2023-10-30 11:42:00,3.6,128,Completed,
T4404,D202,R1433,Bangalore,Koramangala,Indiranagar,2023-10-07 01:37:00,,,0.0,0.0,Cancelled,Driver Cancelled
T4405,D147,R1870,Bangalore,Indiranagar,Koramangala,2023-10-27 21:57:00,,,0.0,0.0,Cancelled,Rider Cancelled
T4406,D247,R4653,Bangalore,Indiranagar,Whitefield,2023-10-26 12:54:00,2023-10-26 13:06:00,2023-10-26 14:14:00,23.6,558,Completed,
T4407,D350,R1649,Delhi,Rohini,Saket,2023-10-24 06:34:00,2023-10-24 06:41:00,2023-10-24 06:50:00,3.8,109,Completed,
T4408,D304,R1376,Mumbai,Colaba,Powai,2023-10-11 08:42:00,2023-10-11 08:44:00,2023-10-11 08:49:00,2.2,99,Completed,
T4409,D105,R3732,Bangalore,HSR Layout,Whitefield,2023-10-26 05:24:00,2023-10-26 05:31:00,2023-10-26 05:52:00,6.6,187,Completed,
T4410,D349,R4463,Delhi,Vasant Kunj,Rohini,2023-10-04 19:01:00,2023-10-04 19:13:00,2023-10-04 19:24:00,3.9,140,Completed,
T4411,D121,R1880,Bangalore,Indiranagar,Koramangala,2023-10-12 09:25:00,,,0.0,0.0,Cancelled,Driver Not Found
T4412,D165,R3255,Bangalore,Whitefield,Jayanagar,2023-10-26 07:00:00,2023-10-26 07:10:00,2023-10-26 07:20:00,3.3,115,Completed,
T4413,D210,R4308,Mumbai,Colaba,Bandra,2023-10-27 20:38:00,2023-10-27 20:41:00,2023-10-27 21:54:00,19.3,344,Completed,
T4414,D249,R4781,Bangalore,Indiranagar,HSR Layout,2023-10-06 17:15:00,2023-10-06 17:30:00,2023-10-06 18:22:00,15.8,367,Completed,
T4415,D315,R4853,Mumbai,Colaba,Andheri,2023-10-23 16:15:00,2023-10-23 16:30:00,2023-10-23 17:12:00,10.9,258,Completed,
T4416,D267,R1228,Bangalore,Jayanagar,Whitefield,2023-10-30 07:13:00,2023-10-30 07:21:00,2023-10-30 08:22:00,19.6,410,Completed,
T4417,D268,R1251,Delhi,Saket,Rohini,2023-10-18 10:28:00,,,0.0,0.0,Cancelled,Driver Cancelled
T4418,D323,R1358,Bangalore,Indiranagar,HSR Layout,2023-10-06 07:02:00,2023-10-06 07:04:00,2023-10-06 07:46:00,13.0,361,Completed,
T4419,D196,R4608,Delhi,Rohini,Connaught Place,2023-10-27 00:42:00,2023-10-27 00:50:00,2023-10-27 01:00:00,3.1,127,Completed,
T4420,D264,R1934,Mumbai,Juhu,Andheri,2023-10-07 15:31:00,2023-10-07 15:34:00,2023-10-07 16:30:00,16.4,394,Completed,
T4421,D303,R3157,Delhi,Connaught Place,Vasant Kunj,2023-10-13 14:23:00,2023-10-13 14:32:00,2023-10-13 14:54:00,8.5,243,Completed,
T4422,D292,R4068,Bangalore,HSR Layout,Jayanagar,2023-10-02 10:18:00,2023-10-02 10:24:00,2023-10-02 11:17:00,18.3,430,Completed,
T4423,D134,R2625,Mumbai,Powai,Juhu,2023-10-28 03:28:00,2023-10-28 03:30:00,2023-10-28 03:38:00,3.2,114,Completed,
T4424,D321,R1690,Mumbai,Powai,Juhu,2023-10-28 08:50:00,2023-10-28 09:05:00,2023-10-28 09:44:00,10.3,214,Completed,
T4425,D265,R2394,Mumbai,Bandra,Colaba,2023-10-17 03:39:00,2023-10-17 03:48:00,2023-10-17 04:19:00,9.4,255,Completed,
T4426,D313,R2064,Delhi,Dwarka,Connaught Place,2023-10-13 11:01:00,2023-10-13 11:12:00,2023-10-13 11:43:00,9.0,254,Completed,
T4427,D291,R2581,Bangalore,Jayanagar,Indiranagar,2023-10-22 04:08:00,2023-10-22 04:17:00,2023-10-22 04:54:00,9.5,198,Completed,
T4428,D193,R1662,Mumbai,Powai,Colaba,2023-10-07 20:39:00,2023-10-07 20:44:00,2023-10-07 21:33:00,18.1,382,Completed,
T4429,D321,R1812,Mumbai,Powai,Colaba,2023-10-19 04:47:00,2023-10-19 05:00:00,2023-10-19 05:16:00,5.7,181,Completed,
T4430,D122,R2101,Bangalore,Indiranagar,Koramangala,2023-10-05 01:29:00,2023-10-05 01:36:00,2023-10-05 02:12:00,9.5,209,Completed,
T4431,D179,R2496,Bangalore,Koramangala,Whitefield,2023-10-19 17:34:00,2023-10-19 17:46:00,2023-10-19 18:01:00,5.3,144,Completed,
T4432,D332,R2675,Mumbai,Juhu,Andheri,2023-10-01 13:47:00,2023-10-01 13:54:00,2023-10-01 14:03:00,2.6,113,Completed,
T4433,D152,R3363,Bangalore,Jayanagar,Koramangala,2023-10-08 22:20:00,2023-10-08 22:29:00,2023-10-08 23:19:00,16.1,445,Completed,
T4434,D233,R3527,Delhi,Rohini,Connaught Place,2023-10-08 15:12:00,2023-10-08 15:19:00,2023-10-08 16:29:00,21.3,411,Completed,
T4435,D276,R1359,Mumbai,Colaba,Juhu,2023-10-24 16:16:00,2023-10-24 16:30:00,2023-10-24 17:35:00,17.6,364,Completed,
T4436,D160,R4649,Delhi,Saket,Rohini,2023-10-03 01:04:00,,,0.0,0.0,Cancelled,Driver Cancelled
T4437,D238,R1573,Delhi,Connaught Place,Rohini,2023-10-11 12:21:00,2023-10-11 12:30:00,2023-10-11 12:47:00,6.6,193,Completed,
T4438,D110,R2454,Bangalore,Whitefield,Jayanagar,2023-10-24 12:21:00,2023-10-24 12:30:00,2023-10-24 13:46:00,21.8,550,Completed,
T4439,D297,R1362,Delhi,Rohini,Dwarka,2023-10-14 16:29:00,2023-10-14 16:33:00,2023-10-14 17:16:00,13.7,349,Completed,
T4440,D146,R2494,Delhi,Connaught Place,Saket,2023-10-16 19:30:00,2023-10-16 19:35:00,2023-10-16 19:46:00,3.6,117,Completed,
T4441,D116,R3585,Bangalore,HSR Layout,Jayanagar,2023-10-25 09:03:00,2023-10-25 09:11:00,2023-10-25 09:43:00,11.6,287,Completed,
T4442,D263,R1362,Delhi,Connaught Place,Rohini,2023-10-19 23:16:00,2023-10-19 23:25:00,2023-10-19 23:58:00,12.2,259,Completed,
T4443,D166,R1401,Delhi,Saket,Rohini,2023-10-20 13:48:00,2023-10-20 13:56:00,2023-10-20 14:19:00,7.9,247,Completed,
T4444,D344,R3667,Mumbai,Colaba,Powai,2023-10-01 11:11:00,2023-10-01 11:17:00,2023-10-01 12:48:00,24.1,606,Completed,
T4445,D148,R1627,Bangalore,Whitefield,HSR Layout,2023-10-22 14:19:00,2023-10-22 14:26:00,2023-10-22 14:45:00,5.1,170,Completed,
T4446,D136,R2647,Mumbai,Andheri,Colaba,2023-10-28 12:16:00,2023-10-28 12:30:00,2023-10-28 13:37:00,21.3,448,Completed,
T4447,D103,R2072,Mumbai,Bandra,Juhu,2023-10-25 08:10:00,,,0.0,0.0,Cancelled,Rider Cancelled
T4448,D206,R4826,Bangalore,Indiranagar,Koramangala,2023-10-07 19:44:00,2023-10-07 19:50:00,2023-10-07 20:02:00,3.4,122,Completed,
T4449,D156,R1191,Delhi,Saket,Connaught Place,2023-10-30 08:16:00,2023-10-30 08:28:00,2023-10-30 08:57:00,9.0,197,Completed,
T4450,D302,R1863,Bangalore,Jayanagar,Indiranagar,2023-10-13 15:56:00,2023-10-13 16:02:00,2023-10-13 16:57:00,19.9,416,Completed,
T4451,D195,R1352,Delhi,Dwarka,Connaught Place,2023-10-28 20:23:00,2023-10-28 20:30:00,2023-10-28 21:26:00,20.6,414,Completed,
T4452,D319,R2779,Mumbai,Andheri,Colaba,2023-10-03 14:03:00,2023-10-03 14:05:00,2023-10-03 14:58:00,14.8,351,Completed,
T4453,D178,R1497,Mumbai,Andheri,Powai,2023-10-03 08:06:00,2023-10-03 08:13:00,2023-10-03 09:11:00,15.0,407,Completed,
T4454,D160,R2149,Delhi,Dwarka,Connaught Place,2023-10-18 03:41:00,2023-10-18 03:43:00,2023-10-18 04:18:00,13.5,281,Completed,
T4455,D221,R1460,Bangalore,Koramangala,Indiranagar,2023-10-24 12:29:00,2023-10-24 12:35:00,2023-10-24 12:52:00,6.7,217,Completed,
T4456,D242,R3947,Bangalore,Jayanagar,Whitefield,2023-10-19 06:31:00,2023-10-19 06:36:00,2023-10-19 06:45:00,3.2,129,Completed,
T4457,D134,R1069,Mumbai,Andheri,Bandra,2023-10-17 23:21:00,2023-10-17 23:23:00,2023-10-17 23:40:00,6.6,187,Completed,
T4458,D133,R2862,Bangalore,Koramangala,Jayanagar,2023-10-07 00:20:00,,,0.0,0.0,Cancelled,Driver Not Found
T4459,D115,R1478,Bangalore,Whitefield,Indiranagar,2023-10-28 00:29:00,2023-10-28 00:42:00,2023-10-28 01:08:00,8.0,187,Completed,
T4460,D145,R3619,Delhi,Vasant Kunj,Dwarka,2023-10-19 18:08:00,2023-10-19 18:20:00,2023-10-19 18:34:00,4.3,129,Completed,
T4461,D239,R2691,Delhi,Connaught Place,Saket,2023-10-12 02:51:00,2023-10-12 03:03:00,2023-10-12 04:03:00,18.7,492,Completed,
T4462,D305,R1575,Delhi,Vasant Kunj,Dwarka,2023-10-15 09:33:00,2023-10-15 09:48:00,2023-10-15 10:13:00,8.2,225,Completed,
T4463,D110,R3327,Bangalore,HSR Layout,Koramangala,2023-10-30 17:01:00,2023-10-30 17:13:00,2023-10-30 17:55:00,14.5,406,Completed,
T4464,D109,R4276,Delhi,Rohini,Connaught Place,2023-10-27 05:47:00,2023-10-27 05:49:00,2023-10-27 07:23:00,25.0,476,Completed,
T4465,D162,R4352,Delhi,Dwarka,Connaught Place,2023-10-16 04:32:00,2023-10-16 04:40:00,2023-10-16 05:37:00,19.7,454,Completed,
T4466,D320,R4945,Mumbai,Juhu,Colaba,2023-10-07 12:53:00,2023-10-07 12:56:00,2023-10-07 13:56:00,21.0,427,Completed,
T4467,D156,R4209,Delhi,Saket,Rohini,2023-10-14 13:37:00,2023-10-14 13:44:00,2023-10-14 14:32:00,16.7,342,Completed,
T4468,D225,R2620,Mumbai,Andheri,Bandra,2023-10-26 20:02:00,,,0.0,0.0,Cancelled,Payment Issue
T4469,D347,R4220,Bangalore,Jayanagar,Koramangala,2023-10-03 15:09:00,2023-10-03 15:18:00,2023-10-03 16:29:00,23.8,444,Completed,
T4470,D311,R1541,Bangalore,Whitefield,Indiranagar,2023-10-13 22:14:00,2023-10-13 22:20:00,2023-10-13 22:53:00,11.5,252,Completed,
T4471,D115,R1528,Bangalore,HSR Layout,Whitefield,2023-10-10 06:13:00,2023-10-10 06:23:00,2023-10-10 06:37:00,3.7,139,Completed,
T4472,D235,R1165,Delhi,Vasant Kunj,Connaught Place,2023-10-30 09:07:00,2023-10-30 09:21:00,2023-10-30 09:42:00,8.1,219,Completed,
T4473,D158,R4660,Bangalore,Koramangala,Jayanagar,2023-10-16 21:29:00,2023-10-16 21:36:00,2023-10-16 22:14:00,10.7,298,Completed,
T4474,D225,R2723,Mumbai,Powai,Juhu,2023-10-05 23:16:00,2023-10-05 23:22:00,2023-10-06 00:00:00,11.2,314,Completed,
T4475,D166,R3369,Delhi,Vasant Kunj,Rohini,2023-10-20 09:15:00,2023-10-20 09:17:00,2023-10-20 10:14:00,17.5,435,Completed,
T4476,D175,R1344,Mumbai,Colaba,Andheri,2023-10-05 21:49:00,2023-10-05 21:51:00,2023-10-05 22:28:00,12.0,283,Completed,
T4477,D236,R1912,Mumbai,Bandra,Colaba,2023-10-15 02:50:00,2023-10-15 03:03:00,2023-10-15 03:43:00,10.8,272,Completed,
T4478,D191,R3677,Bangalore,Jayanagar,Koramangala,2023-10-15 21:58:00,2023-10-15 22:13:00,2023-10-15 22:52:00,15.5,355,Completed,
T4479,D308,R2533,Delhi,Dwarka,Vasant Kunj,2023-10-21 10:30:00,,,0.0,0.0,Cancelled,Rider Cancelled
T4480,D340,R1470,Mumbai,Colaba,Bandra,2023-10-16 06:31:00,2023-10-16 06:43:00,2023-10-16 07:22:00,10.3,267,Completed,
T4481,D235,R4376,Delhi,Rohini,Dwarka,2023-10-27 23:42:00,2023-10-27 23:49:00,2023-10-28 00:20:00,10.0,263,Completed,
T4482,D290,R1364,Bangalore,HSR Layout,Indiranagar,2023-10-08 08:15:00,2023-10-08 08:30:00,2023-10-08 09:33:00,16.3,426,Completed,
T4483,D260,R4255,Mumbai,Andheri,Bandra,2023-10-01 22:45:00,2023-10-01 22:50:00,2023-10-01 23:18:00,8.2,200,Completed,
T4484,D176,R4567,Delhi,Connaught Place,Dwarka,2023-10-12 10:27:00,2023-10-12 10:29:00,2023-10-12 11:20:00,16.1,378,Completed,
T4485,D213,R1879,Mumbai,Colaba,Bandra,2023-10-27 04:27:00,2023-10-27 04:41:00,2023-10-27 05:37:00,19.0,521,Completed,
T4486,D155,R2402,Mumbai,Juhu,Colaba,2023-10-13 07:44:00,2023-10-13 07:53:00,2023-10-13 08:58:00,20.3,505,Completed,
T4487,D242,R4467,Bangalore,Koramangala,Whitefield,2023-10-07 17:16:00,2023-10-07 17:18:00,2023-10-07 17:37:00,5.9,171,Completed,
T4488,D311,R2177,Bangalore,Koramangala,HSR Layout,2023-10-17 16:26:00,2023-10-17 16:30:00,2023-10-17 17:08:00,12.9,281,Completed,
T4489,D162,R3339,Delhi,Saket,Rohini,2023-10-18 09:50:00,2023-10-18 09:59:00,2023-10-18 10:53:00,20.0,497,Completed,
T4490,D279,R3892,Bangalore,Whitefield,Koramangala,2023-10-14 18:01:00,2023-10-14 18:14:00,2023-10-14 18:23:00,3.9,129,Completed,
T4491,D228,R1642,Mumbai,Andheri,Powai,2023-10-13 03:58:00,2023-10-13 04:01:00,2023-10-13 04:24:00,8.8,205,Completed,
T4492,D192,R3693,Delhi,Saket,Connaught Place,2023-10-09 10:35:00,2023-10-09 10:37:00,2023-10-09 11:08:00,8.7,182,Completed,
T4493,D342,R2443,Delhi,Rohini,Saket,2023-10-25 09:09:00,2023-10-25 09:18:00,2023-10-25 10:19:00,19.5,409,Completed,
T4494,D226,R3078,Delhi,Dwarka,Connaught Place,2023-10-28 21:19:00,2023-10-28 21:26:00,2023-10-28 22:04:00,10.3,305,Completed,
T4495,D181,R2281,Delhi,Rohini,Dwarka,2023-10-10 17:26:00,2023-10-10 17:34:00,2023-10-10 19:07:00,24.4,521,Completed,
T4496,D117,R1866,Delhi,Vasant Kunj,Rohini,2023-10-16 21:45:00,2023-10-16 22:00:00,2023-10-16 22:12:00,3.8,132,Completed,
T4497,D258,R1792,Delhi,Dwarka,Saket,2023-10-08 04:33:00,2023-10-08 04:36:00,2023-10-08 05:46:00,19.1,479,Completed,
T4498,D223,R1590,Delhi,Rohini,Vasant Kunj,2023-10-24 06:33:00,2023-10-24 06:38:00,2023-10-24 07:02:00,7.4,205,Completed,
T4499,D291,R3341,Bangalore,Whitefield,Jayanagar,2023-10-07 23:20:00,,,0.0,0.0,Cancelled,Driver Cancelled
T4500,D292,R3533,Bangalore,Koramangala,Whitefield,2023-10-25 03:25:00,,2023-10-25 04:13:00,18.0,323,Completed,
T4501,D153,R1127,Mumbai,Bandra,Juhu,2023-10-19 17:36:00,2023-10-19 17:46:00,2023-10-19 18:12:00,7.7,185,Completed,
T4502,D133,R4078,Bangalore,HSR Layout,Indiranagar,2023-10-03 12:15:00,2023-10-03 12:21:00,2023-10-03 13:23:00,23.4,433,Completed,
T4503,D155,R3277,Mumbai,Bandra,Andheri,2023-10-24 17:28:00,2023-10-24 17:39:00,2023-10-24 18:40:00,21.2,534,Completed,
T4504,D216,R4372,Mumbai,Powai,Juhu,2023-10-16 06:01:00,2023-10-16 06:12:00,2023-10-16 06:31:00,5.2,179,Completed,
T4505,D152,R2640,Bangalore,Whitefield,HSR Layout,2023-10-06 18:38:00,2023-10-06 18:42:00,2023-10-06 19:25:00,13.6,274,Completed,
T4506,D149,R4098,Mumbai,Andheri,Colaba,2023-10-03 06:17:00,2023-10-03 06:23:00,2023-10-03 07:25:00,21.1,402,Completed,
T4507,D247,R3989,Bangalore,HSR Layout,Jayanagar,2023-10-02 23:20:00,2023-10-02 23:32:00,2023-10-03 00:07:00,14.2,385,Completed,
T4508,D113,R4267,Delhi,Connaught Place,Vasant Kunj,2023-10-04 22:37:00,,,0.0,0.0,Cancelled,Rider Cancelled
T4509,D111,R4540,Delhi,Dwarka,Vasant Kunj,2023-10-18 16:55:00,2023-10-18 17:04:00,2023-10-18 17:43:00,11.7,231,Completed,
T4510,D283,R2057,Bangalore,Koramangala,Jayanagar,2023-10-26 07:23:00,2023-10-26 07:30:00,2023-10-26 08:37:00,19.6,459,Completed,
T4511,D330,R1269,Delhi,Saket,Dwarka,2023-10-16 16:12:00,2023-10-16 16:26:00,2023-10-16 17:06:00,11.4,272,Completed,
T4512,D184,R3573,Mumbai,Powai,Bandra,2023-10-11 04:34:00,2023-10-11 04:46:00,2023-10-11 05:18:00,9.5,204,Completed,
T4513,D203,R2296,Mumbai,Powai,Andheri,2023-10-30 11:28:00,2023-10-30 11:37:00,2023-10-30 12:22:00,11.9,238,Completed,
T4514,D135,R1684,Mumbai,Bandra,Colaba,2023-10-22 19:17:00,2023-10-22 19:26:00,2023-10-22 19:57:00,8.6,238,Completed,
T4515,D112,R4488,Bangalore,Indiranagar,HSR Layout,2023-10-16 02:27:00,2023-10-16 02:42:00,2023-10-16 03:42:00,23.0,556,Completed,
T4516,D342,R1019,Delhi,Dwarka,Vasant Kunj,2023-10-29 11:46:00,,,0.0,0.0,Cancelled,Other
T4517,D329,R3576,Delhi,Dwarka,Saket,2023-10-30 19:49:00,2023-10-30 20:00:00,2023-10-30 20:21:00,7.9,223,Completed,
T4518,D329,R1669,Delhi,Rohini,Dwarka,2023-10-09 00:10:00,2023-10-09 00:14:00,2023-10-09 00:45:00,10.4,289,Completed,
T4519,D241,R1432,Delhi,Saket,Connaught Place,2023-10-05 10:42:00,2023-10-05 10:56:00,2023-10-05 11:50:00,19.7,486,Completed,
T4520,D172,R3385,Bangalore,Whitefield,Indiranagar,2023-10-26 00:50:00,2023-10-26 00:57:00,2023-10-26 01:50:00,20.6,458,Completed,
T4521,D242,R1420,Bangalore,Whitefield,Indiranagar,2023-10-19 08:01:00,2023-10-19 08:03:00,2023-10-19 09:15:00,24.0,609,Completed,
T4522,D109,R1556,Delhi,Dwarka,Rohini,2023-10-16 00:50:00,2023-10-16 00:57:00,2023-10-16 01:12:00,4.4,156,Completed,
T4523,D320,R4048,Mumbai,Andheri,Powai,2023-10-16 13:47:00,2023-10-16 13:51:00,2023-10-16 15:08:00,24.5,552,Completed,
T4524,D277,R1785,Mumbai,Bandra,Powai,2023-10-16 23:56:00,2023-10-16 23:59:00,2023-10-17 01:17:00,22.1,560,Completed,
T4525,D108,R4036,Delhi,Connaught Place,Rohini,2023-10-19 07:26:00,2023-10-19 07:39:00,2023-10-19 08:35:00,16.4,334,Completed,
T4526,D211,R4183,Delhi,Rohini,Dwarka,2023-10-21 21:48:00,2023-10-21 21:52:00,2023-10-21 23:05:00,20.9,406,Completed,
T4527,D132,R3541,Delhi,Dwarka,Saket,2023-10-18 04:00:00,2023-10-18 04:05:00,2023-10-18 04:36:00,9.3,249,Completed,
T4528,D271,R1584,Delhi,Saket,Connaught Place,2023-10-12 22:49:00,2023-10-12 23:04:00,2023-10-12 23:35:00,8.9,246,Completed,
T4529,D332,R3298,Mumbai,Andheri,Colaba,2023-10-23 16:20:00,2023-10-23 16:22:00,2023-10-23 17:38:00,23.0,575,Completed,
T4530,D312,R2746,Delhi,Connaught Place,Vasant Kunj,2023-10-12 17:20:00,2023-10-12 17:30:00,2023-10-12 17:52:00,8.0,250,Completed,
T4531,D253,R1642,Bangalore,Whitefield,Jayanagar,2023-10-17 05:13:00,2023-10-17 05:27:00,2023-10-17 05:51:00,7.8,229,Completed,
T4532,D296,R4422,Bangalore,Whitefield,Koramangala,2023-10-22 09:17:00,,,0.0,0.0,Cancelled,Driver Cancelled
T4533,D207,R4282,Delhi,Dwarka,Saket,2023-10-27 10:36:00,2023-10-27 10:49:00,2023-10-27 11:36:00,12.9,367,Completed,
T4534,D252,R4906,Bangalore,HSR Layout,Jayanagar,2023-10-14 13:13:00,2023-10-14 13:15:00,2023-10-14 13:52:00,14.2,309,Completed,
T4535,D331,R1757,Bangalore,Koramangala,Whitefield,2023-10-20 14:06:00,,,0.0,0.0,Cancelled,Rider Cancelled
T4536,D148,R3286,Bangalore,HSR Layout,Whitefield,2023-10-10 04:26:00,2023-10-10 04:33:00,2023-10-10 05:20:00,12.0,233,Completed,
T4537,D128,R4864,Mumbai,Powai,Andheri,2023-10-13 20:57:00,2023-10-13 21:06:00,2023-10-13 21:46:00,11.7,287,Completed,
T4538,D278,R2887,Delhi,Saket,Rohini,2023-10-08 20:09:00,,,0.0,0.0,Cancelled,Rider Cancelled
T4539,D276,R3597,Mumbai,Powai,Andheri,2023-10-29 15:11:00,2023-10-29 15:17:00,2023-10-29 16:24:00,19.0,496,Completed,
T4540,D270,R1478,Bangalore,Whitefield,Indiranagar,2023-10-08 19:42:00,2023-10-08 19:53:00,2023-10-08 21:29:00,24.8,454,Completed,
T4541,D153,R2309,Mumbai,Powai,Andheri,2023-10-05 10:44:00,2023-10-05 10:55:00,2023-10-05 11:43:00,19.2,352,Completed,
T4542,D317,R3161,Delhi,Rohini,Connaught Place,2023-10-15 02:35:00,2023-10-15 02:50:00,2023-10-15 03:48:00,16.1,316,Completed,
T4543,D237,R2808,Bangalore,Whitefield,Indiranagar,2023-10-17 13:17:00,,,0.0,0.0,Cancelled,Rider Cancelled
T4544,D302,R2499,Bangalore,Indiranagar,Jayanagar,2023-10-04 21:51:00,2023-10-04 22:05:00,2023-10-04 22:25:00,6.2,200,Completed,
T4545,D195,R3890,Delhi,Rohini,Connaught Place,2023-10-10 05:00:00,2023-10-10 05:05:00,2023-10-10 05:28:00,6.8,174,Completed,
T4546,D172,R4341,Bangalore,HSR Layout,Indiranagar,2023-10-30 14:18:00,,,0.0,0.0,Cancelled,Other
T4547,D265,R3148,Mumbai,Bandra,Andheri,2023-10-16 11:42:00,2023-10-16 11:48:00,2023-10-16 12:50:00,19.2,349,Completed,
T4548,D325,R3726,Bangalore,Indiranagar,Whitefield,2023-10-09 23:39:00,2023-10-09 23:49:00,2023-10-10 00:26:00,12.3,293,Completed,
T4549,D337,R2380,Delhi,Rohini,Saket,2023-10-15 04:17:00,2023-10-15 04:26:00,2023-10-15 04:56:00,9.9,223,Completed,
T4550,D160,R1467,Delhi,Saket,Connaught Place,2023-10-30 04:01:00,2023-10-30 04:16:00,2023-10-30 05:36:00,21.4,562,Completed,
T4551,D161,R1785,Bangalore,Indiranagar,HSR Layout,2023-10-24 09:21:00,2023-10-24 09:23:00,2023-10-24 10:17:00,16.2,407,Completed,
T4552,D143,R1668,Mumbai,Juhu,Bandra,2023-10-09 18:52:00,2023-10-09 19:04:00,2023-10-09 19:49:00,14.3,379,Completed,
T4553,D211,R4357,Delhi,Rohini,Connaught Place,2023-10-29 07:07:00,2023-10-29 07:14:00,2023-10-29 07:22:00,2.7,107,Completed,
T4554,D277,R1667,Mumbai,Bandra,Colaba,2023-10-23 11:36:00,2023-10-23 11:38:00,2023-10-23 13:07:00,24.7,590,Completed,
T4555,D256,R4073,Mumbai,Bandra,Juhu,2023-10-29 14:37:00,2023-10-29 14:40:00,2023-10-29 15:40:00,19.0,370,Completed,
T4556,D340,R4402,Mumbai,Colaba,Bandra,2023-10-08 12:46:00,2023-10-08 12:58:00,2023-10-08 13:38:00,10.3,207,Completed,
T4557,D194,R1439,Mumbai,Bandra,Andheri,2023-10-05 18:07:00,2023-10-05 18:18:00,2023-10-05 18:47:00,10.4,309,Completed,
T4558,D210,R4989,Mumbai,Powai,Juhu,2023-10-09 13:15:00,2023-10-09 13:19:00,2023-10-09 13:35:00,5.3,145,Completed,
T4559,D323,R2044,Bangalore,Jayanagar,Whitefield,2023-10-30 13:27:00,2023-10-30 13:31:00,2023-10-30 13:58:00,6.9,166,Completed,
T4560,D198,R1286,Delhi,Connaught Place,Saket,2023-10-26 22:18:00,2023-10-26 22:26:00,2023-10-26 23:05:00,15.2,408,Completed,
T4561,D224,R4775,Mumbai,Powai,Andheri,2023-10-11 05:16:00,2023-10-11 05:19:00,2023-10-11 05:39:00,5.4,136,Completed,
T4562,D120,R3641,Delhi,Vasant Kunj,Rohini,2023-10-27 05:42:00,2023-10-27 05:55:00,2023-10-27 06:26:00,9.8,233,Completed,
T4563,D242,R1209,Bangalore,Whitefield,HSR Layout,2023-10-25 19:50:00,2023-10-25 20:03:00,2023-10-25 20:54:00,14.3,403,Completed,
T4564,D300,R1166,Mumbai,Andheri,Juhu,2023-10-03 07:07:00,2023-10-03 07:17:00,2023-10-03 07:52:00,14.2,315,Completed,
T4565,D215,R1426,Delhi,Vasant Kunj,Dwarka,2023-10-24 03:36:00,2023-10-24 03:38:00,2023-10-24 03:52:00,5.1,147,Completed,
T4566,D268,R4834,Delhi,Dwarka,Saket,2023-10-08 02:16:00,2023-10-08 02:26:00,2023-10-08 03:03:00,12.6,297,Completed,
T4567,D114,R3866,Bangalore,Indiranagar,Koramangala,2023-10-13 23:06:00,2023-10-13 23:08:00,2023-10-14 00:34:00,22.9,519,Completed,
T4568,D121,R2017,Bangalore,Indiranagar,Whitefield,2023-10-15 09:55:00,2023-10-15 10:03:00,2023-10-15 11:04:00,15.4,327,Completed,
T4569,D133,R1215,Bangalore,Whitefield,HSR Layout,2023-10-26 08:20:00,2023-10-26 08:30:00,2023-10-26 09:39:00,23.0,499,Completed,
T4570,D205,R3020,Bangalore,Koramangala,Whitefield,2023-10-02 10:13:00,2023-10-02 10:21:00,2023-10-02 11:14:00,19.7,424,Completed,
T4571,D133,R2584,Bangalore,Indiranagar,HSR Layout,2023-10-12 09:24:00,2023-10-12 09:28:00,2023-10-12 10:06:00,10.7,269,Completed,
T4572,D136,R1737,Mumbai,Andheri,Colaba,2023-10-09 00:47:00,2023-10-09 00:52:00,2023-10-09 01:03:00,3.7,142,Completed,
T4573,D134,R3986,Mumbai,Colaba,Powai,2023-10-21 18:37:00,2023-10-21 18:40:00,2023-10-21 19:00:00,7.8,204,Completed,
T4574,D242,R3823,Bangalore,Indiranagar,HSR Layout,2023-10-25 23:47:00,2023-10-25 23:57:00,2023-10-26 00:15:00,6.2,193,Completed,
T4575,D119,R2733,Mumbai,Juhu,Bandra,2023-10-20 22:20:00,2023-10-20 22:31:00,2023-10-20 23:10:00,15.6,401,Completed,
T4576,D237,R2154,Bangalore,Koramangala,Whitefield,2023-10-06 04:16:00,2023-10-06 04:31:00,2023-10-06 05:43:00,19.7,455,Completed,
T4577,D288,R4404,Mumbai,Colaba,Powai,2023-10-13 13:55:00,2023-10-13 14:01:00,2023-10-13 14:22:00,6.6,176,Completed,
T4578,D166,R2528,Delhi,Rohini,Connaught Place,2023-10-15 03:29:00,2023-10-15 03:44:00,2023-10-15 03:57:00,4.3,148,Completed,
T4579,D254,R1834,Bangalore,Indiranagar,Whitefield,2023-10-04 03:09:00,2023-10-04 03:15:00,2023-10-04 03:38:00,7.0,202,Completed,
T4580,D204,R3109,Bangalore,HSR Layout,Jayanagar,2023-10-05 12:50:00,2023-10-05 12:59:00,2023-10-05 13:04:00,2.2,105,Completed,
T4581,D130,R4508,Delhi,Rohini,Vasant Kunj,2023-10-27 18:24:00,2023-10-27 18:37:00,2023-10-27 19:35:00,20.2,492,Completed,
T4582,D272,R3305,Bangalore,Koramangala,Whitefield,2023-10-15 07:39:00,2023-10-15 07:42:00,2023-10-15 08:01:00,5.0,132,Completed,
T4583,D293,R1611,Bangalore,Whitefield,Koramangala,2023-10-05 16:41:00,2023-10-05 16:44:00,2023-10-05 17:36:00,14.3,308,Completed,
T4584,D126,R2533,Mumbai,Bandra,Andheri,2023-10-10 04:11:00,2023-10-10 04:26:00,2023-10-10 04:45:00,5.8,141,Completed,
T4585,D158,R3939,Bangalore,Koramangala,Indiranagar,2023-10-02 06:51:00,2023-10-02 06:57:00,2023-10-02 07:27:00,11.2,297,Completed,
T4586,D146,R1594,Delhi,Rohini,Vasant Kunj,2023-10-17 20:08:00,2023-10-17 20:17:00,2023-10-17 21:12:00,14.1,373,Completed,
T4587,D317,R4164,Delhi,Connaught Place,Dwarka,2023-10-30 03:33:00,2023-10-30 03:46:00,2023-10-30 04:33:00,12.9,261,Completed,
T4588,D317,R2699,Delhi,Rohini,Connaught Place,2023-10-07 22:49:00,2023-10-07 22:56:00,2023-10-07 23:24:00,8.8,195,Completed,
T4589,D349,R1286,Delhi,Vasant Kunj,Dwarka,2023-10-13 07:45:00,2023-10-13 07:48:00,2023-10-13 08:22:00,11.8,244,Completed,
T4590,D274,R1834,Delhi,Saket,Dwarka,2023-10-06 09:17:00,2023-10-06 09:24:00,2023-10-06 09:30:00,2.4,92,Completed,
T4591,D234,R3579,Delhi,Connaught Place,Dwarka,2023-10-05 06:40:00,2023-10-05 06:53:00,2023-10-05 07:28:00,12.2,297,Completed,
T4592,D243,R2646,Delhi,Connaught Place,Dwarka,2023-10-17 11:56:00,2023-10-17 12:11:00,2023-10-17 12:19:00,2.5,91,Completed,
T4593,D282,R3040,Mumbai,Juhu,Powai,2023-10-24 18:14:00,2023-10-24 18:25:00,2023-10-24 18:59:00,13.9,284,Completed,
T4594,D121,R3028,Bangalore,Jayanagar,Indiranagar,2023-10-19 22:19:00,,,0.0,0.0,Cancelled,Driver Cancelled
T4595,D105,R1678,Bangalore,Whitefield,Jayanagar,2023-10-10 15:18:00,2023-10-10 15:27:00,2023-10-10 16:44:00,21.1,542,Completed,
T4596,D277,R1773,Mumbai,Juhu,Andheri,2023-10-07 21:43:00,2023-10-07 21:56:00,2023-10-07 22:12:00,4.4,121,Completed,
T4597,D173,R3182,Mumbai,Juhu,Bandra,2023-10-07 18:43:00,2023-10-07 18:52:00,2023-10-07 19:03:00,3.4,120,Completed,
T4598,D269,R2854,Mumbai,Bandra,Andheri,2023-10-27 13:33:00,2023-10-27 13:48:00,2023-10-27 14:26:00,11.4,257,Completed,
T4599,D274,R2581,Delhi,Saket,Dwarka,2023-10-12 20:45:00,2023-10-12 20:50:00,2023-10-12 21:43:00,19.3,426,Completed,
T4600,D171,R4254,Delhi,Dwarka,Rohini,2023-10-16 21:01:00,2023-10-16 21:11:00,2023-10-16 21:49:00,9.8,275,Completed,
T4601,D258,R2356,Delhi,Vasant Kunj,Dwarka,2023-10-15 23:42:00,2023-10-15 23:44:00,2023-10-15 23:58:00,5.3,157,Completed,
T4602,D155,R1762,Mumbai,Juhu,Colaba,2023-10-03 12:38:00,2023-10-03 12:45:00,2023-10-03 13:23:00,10.6,292,Completed,
T4603,D223,R1729,Delhi,Vasant Kunj,Rohini,2023-10-07 17:46:00,2023-10-07 17:55:00,2023-10-07 18:20:00,6.7,205,Completed,
T4604,D120,R4901,Delhi,Rohini,Saket,2023-10-29 04:29:00,2023-10-29 04:31:00,2023-10-29 05:24:00,19.3,525,Completed,
T4605,D246,R4523,Bangalore,Indiranagar,HSR Layout,2023-10-13 08:04:00,2023-10-13 08:12:00,2023-10-13 08:25:00,3.4,103,Completed,
T4606,D305,R3331,Delhi,Vasant Kunj,Connaught Place,2023-10-27 13:54:00,2023-10-27 14:04:00,2023-10-27 14:45:00,15.1,336,Completed,
T4607,D244,R3364,Mumbai,Andheri,Juhu,2023-10-07 13:41:00,2023-10-07 13:50:00,2023-10-07 14:25:00,11.9,262,Completed,
T4608,D197,R3976,Delhi,Rohini,Saket,2023-10-09 08:15:00,2023-10-09 08:23:00,2023-10-09 09:29:00,21.8,382,Completed,
T4609,D156,R3090,Delhi,Rohini,Vasant Kunj,2023-10-28 15:14:00,2023-10-28 15:21:00,2023-10-28 15:50:00,9.3,245,Completed,
T4610,D288,R2160,Mumbai,Andheri,Powai,2023-10-02 20:52:00,2023-10-02 20:55:00,2023-10-02 22:11:00,22.2,600,Completed,
T4611,D243,R4564,Delhi,Saket,Connaught Place,2023-10-17 10:11:00,2023-10-17 10:19:00,2023-10-17 11:28:00,20.2,406,Completed,
T4612,D264,R4708,Mumbai,Juhu,Bandra,2023-10-14 07:58:00,2023-10-14 08:03:00,2023-10-14 08:26:00,8.0,246,Completed,
T4613,D249,R1185,Bangalore,Jayanagar,HSR Layout,2023-10-04 02:54:00,2023-10-04 03:01:00,2023-10-04 03:40:00,10.9,321,Completed,
T4614,D289,R1300,Delhi,Connaught Place,Saket,2023-10-02 17:05:00,2023-10-02 17:13:00,2023-10-02 18:31:00,21.3,543,Completed,
T4615,D124,R3710,Delhi,Connaught Place,Dwarka,2023-10-17 17:15:00,2023-10-17 17:19:00,2023-10-17 17:27:00,3.0,124,Completed,
T4616,D214,R3089,Mumbai,Powai,Juhu,2023-10-07 19:18:00,2023-10-07 19:32:00,2023-10-07 19:41:00,3.3,111,Completed,
T4617,D283,R4435,Bangalore,Whitefield,Koramangala,2023-10-29 14:29:00,2023-10-29 14:41:00,2023-10-29 15:10:00,10.5,280,Completed,
T4618,D344,R2036,Mumbai,Juhu,Powai,2023-10-01 18:57:00,2023-10-01 19:12:00,2023-10-01 20:09:00,21.1,566,Completed,
T4619,D223,R2915,Delhi,Dwarka,Vasant Kunj,2023-10-12 20:52:00,2023-10-12 20:59:00,2023-10-12 22:05:00,18.0,395,Completed,
T4620,D195,R3401,Delhi,Saket,Rohini,2023-10-29 19:22:00,2023-10-29 19:29:00,2023-10-29 20:20:00,20.4,533,Completed,
T4621,D172,R4951,Bangalore,Indiranagar,HSR Layout,2023-10-18 02:58:00,2023-10-18 03:01:00,2023-10-18 04:00:00,15.2,360,Completed,
T4622,D172,R2521,Bangalore,Jayanagar,Indiranagar,2023-10-06 06:24:00,2023-10-06 06:27:00,2023-10-06 06:41:00,4.6,121,Completed,
T4623,D194,R1465,Mumbai,Juhu,Andheri,2023-10-06 11:51:00,2023-10-06 12:04:00,2023-10-06 13:00:00,21.4,556,Completed,
T4624,D292,R3802,Bangalore,Koramangala,HSR Layout,2023-10-21 13:17:00,,,0.0,0.0,Cancelled,Rider Cancelled
T4625,D311,R2972,Bangalore,Whitefield,Koramangala,2023-10-03 01:37:00,2023-10-03 01:43:00,2023-10-03 02:19:00,10.0,269,Completed,
T4626,D193,R1804,Mumbai,Bandra,Powai,2023-10-09 03:36:00,2023-10-09 03:45:00,2023-10-09 05:07:00,24.4,509,Completed,
T4627,D233,R3214,Delhi,Rohini,Vasant Kunj,2023-10-04 18:05:00,2023-10-04 18:11:00,2023-10-04 19:29:00,21.0,417,Completed,
T4628,D325,R3302,Bangalore,Indiranagar,Koramangala,2023-10-12 04:07:00,2023-10-12 04:13:00,2023-10-12 05:08:00,19.9,357,Completed,
T4629,D172,R1127,Bangalore,HSR Layout,Indiranagar,2023-10-09 00:52:00,2023-10-09 00:57:00,2023-10-09 01:31:00,10.4,217,Completed,
T4630,D328,R3328,Delhi,Rohini,Saket,2023-10-10 00:31:00,2023-10-10 00:40:00,2023-10-10 01:15:00,10.9,244,Completed,
T4631,D223,R4080,Delhi,Saket,Vasant Kunj,2023-10-24 14:14:00,2023-10-24 14:28:00,2023-10-24 15:10:00,10.7,249,Completed,
T4632,D303,R2079,Delhi,Saket,Dwarka,2023-10-15 01:29:00,2023-10-15 01:35:00,2023-10-15 02:21:00,11.9,285,Completed,
T4633,D282,R3302,Mumbai,Andheri,Powai,2023-10-10 10:59:00,2023-10-10 11:02:00,2023-10-10 11:44:00,11.1,278,Completed,
T4634,D125,R3505,Delhi,Saket,Rohini,2023-10-07 23:47:00,2023-10-07 23:51:00,2023-10-08 00:15:00,8.3,255,Completed,
T4635,D268,R2906,Delhi,Saket,Vasant Kunj,2023-10-01 11:43:00,2023-10-01 11:45:00,2023-10-01 12:47:00,22.8,443,Completed,
T4636,D217,R1790,Delhi,Saket,Dwarka,2023-10-15 07:16:00,,,0.0,0.0,Cancelled,Other
T4637,D335,R2899,Delhi,Saket,Rohini,2023-10-13 12:27:00,2023-10-13 12:35:00,2023-10-13 12:47:00,4.5,152,Completed,
T4638,D149,R1425,Mumbai,Juhu,Colaba,2023-10-24 03:05:00,2023-10-24 03:10:00,2023-10-24 04:13:00,17.4,462,Completed,
T4639,D321,R4523,Mumbai,Andheri,Powai,2023-10-28 07:45:00,2023-10-28 07:58:00,2023-10-28 08:27:00,10.2,239,Completed,
T4640,D112,R2476,Bangalore,Jayanagar,Whitefield,2023-10-12 19:04:00,2023-10-12 19:18:00,2023-10-12 19:48:00,8.9,241,Completed,
T4641,D306,R2277,Delhi,Dwarka,Vasant Kunj,2023-10-16 21:38:00,2023-10-16 21:46:00,2023-10-16 22:38:00,13.1,261,Completed,
T4642,D321,R1630,Mumbai,Andheri,Powai,2023-10-05 02:46:00,2023-10-05 03:01:00,2023-10-05 04:07:00,22.6,465,Completed,
T4643,D115,R4125,Bangalore,HSR Layout,Whitefield,2023-10-28 22:16:00,2023-10-28 22:27:00,2023-10-28 23:00:00,8.6,263,Completed,
T4644,D308,R4066,Delhi,Vasant Kunj,Rohini,2023-10-03 14:12:00,,,0.0,0.0,Cancelled,Driver Cancelled
T4645,D310,R3167,Delhi,Dwarka,Saket,2023-10-24 00:49:00,2023-10-24 01:03:00,2023-10-24 01:50:00,13.0,373,Completed,
T4646,D269,R4631,Mumbai,Bandra,Colaba,2023-10-23 08:08:00,2023-10-23 08:23:00,2023-10-23 09:12:00,12.9,274,Completed,
T4647,D167,R2461,Bangalore,HSR Layout,Koramangala,2023-10-27 03:37:00,2023-10-27 03:40:00,2023-10-27 03:58:00,5.8,182,Completed,
T4648,D103,R1912,Mumbai,Powai,Colaba,2023-10-04 12:22:00,2023-10-04 12:27:00,2023-10-04 12:49:00,6.0,173,Completed,
T4649,D137,R1867,Delhi,Vasant Kunj,Dwarka,2023-10-11 16:03:00,2023-10-11 16:10:00,2023-10-11 16:59:00,18.6,477,Completed,
T4650,D278,R1008,Delhi,Saket,Connaught Place,2023-10-23 23:30:00,2023-10-23 23:33:00,2023-10-24 00:31:00,22.0,582,Completed,
T4651,D125,R1156,Delhi,Connaught Place,Dwarka,2023-10-05 20:18:00,2023-10-05 20:20:00,2023-10-05 20:31:00,3.7,139,Completed,
T4652,D119,R2860,Mumbai,Powai,Andheri,2023-10-03 12:23:00,2023-10-03 12:34:00,2023-10-03 12:53:00,5.5,176,Completed,
T4653,D315,R3917,Mumbai,Colaba,Powai,2023-10-14 04:00:00,2023-10-14 04:02:00,2023-10-14 04:18:00,4.2,126,Completed,
T4654,D299,R1316,Mumbai,Juhu,Powai,2023-10-24 12:50:00,2023-10-24 13:03:00,2023-10-24 14:40:00,24.7,425,Completed,
T4655,D102,R2165,Bangalore,HSR Layout,Indiranagar,2023-10-21 15:16:00,2023-10-21 15:24:00,2023-10-21 16:37:00,20.1,496,Completed,
T4656,D110,R3492,Bangalore,HSR Layout,Indiranagar,2023-10-25 15:18:00,2023-10-25 15:29:00,2023-10-25 16:18:00,17.9,454,Completed,
T4657,D128,R1919,Mumbai,Bandra,Andheri,2023-10-09 21:50:00,2023-10-09 22:05:00,2023-10-09 22:45:00,13.4,326,Completed,
T4658,D173,R2773,Mumbai,Powai,Andheri,2023-10-06 02:17:00,2023-10-06 02:26:00,2023-10-06 03:22:00,18.4,355,Completed,
T4659,D318,R2874,Bangalore,Indiranagar,HSR Layout,2023-10-29 17:22:00,2023-10-29 17:34:00,2023-10-29 18:06:00,12.7,352,Completed,
T4660,D224,R3459,Mumbai,Colaba,Bandra,2023-10-08 07:00:00,2023-10-08 07:07:00,2023-10-08 08:22:00,22.0,475,Completed,
T4661,D350,R4463,Delhi,Rohini,Connaught Place,2023-10-04 13:49:00,2023-10-04 13:52:00,2023-10-04 15:11:00,20.1,440,Completed,
T4662,D249,R2676,Bangalore,HSR Layout,Indiranagar,2023-10-15 11:27:00,2023-10-15 11:29:00,2023-10-15 11:48:00,5.4,160,Completed,
T4663,D295,R3576,Mumbai,Colaba,Juhu,2023-10-09 13:18:00,2023-10-09 13:23:00,2023-10-09 13:51:00,7.5,232,Completed,
T4664,D216,R2786,Mumbai,Andheri,Colaba,2023-10-19 21:13:00,2023-10-19 21:28:00,2023-10-19 22:26:00,20.6,417,Completed,
T4665,D186,R4195,Delhi,Connaught Place,Rohini,2023-10-13 08:43:00,2023-10-13 08:48:00,2023-10-13 09:55:00,19.8,435,Completed,
T4666,D195,R2480,Delhi,Vasant Kunj,Dwarka,2023-10-06 03:12:00,,,0.0,0.0,Cancelled,Driver Cancelled
T4667,D277,R4988,Mumbai,Colaba,Andheri,2023-10-24 02:02:00,2023-10-24 02:13:00,2023-10-24 02:38:00,9.0,201,Completed,
T4668,D142,R3479,Mumbai,Juhu,Andheri,2023-10-23 10:27:00,2023-10-23 10:35:00,2023-10-23 11:03:00,8.2,208,Completed,
T4669,D204,R2450,Bangalore,Indiranagar,Whitefield,2023-10-19 02:40:00,2023-10-19 02:46:00,2023-10-19 03:17:00,11.0,286,Completed,
T4670,D346,R2379,Bangalore,Jayanagar,Koramangala,2023-10-23 01:40:00,,,0.0,0.0,Cancelled,Driver Cancelled
T4671,D292,R3413,Bangalore,Indiranagar,Whitefield,2023-10-02 06:39:00,2023-10-02 06:46:00,2023-10-02 08:09:00,23.4,412,Completed,
T4672,D167,R3986,Bangalore,Jayanagar,Whitefield,2023-10-04 12:35:00,2023-10-04 12:37:00,2023-10-04 13:15:00,11.0,238,Completed,
T4673,D153,R1741,Mumbai,Colaba,Powai,2023-10-30 04:45:00,2023-10-30 04:54:00,2023-10-30 06:13:00,20.6,365,Completed,
T4674,D326,R1197,Mumbai,Colaba,Andheri,2023-10-20 17:41:00,2023-10-20 17:45:00,2023-10-20 18:40:00,20.5,456,Completed,
T4675,D105,R3248,Bangalore,Jayanagar,Whitefield,2023-10-08 07:57:00,2023-10-08 08:11:00,2023-10-08 09:40:00,23.4,621,Completed,
T4676,D229,R2092,Delhi,Vasant Kunj,Rohini,2023-10-27 13:50:00,2023-10-27 13:57:00,2023-10-27 14:19:00,8.1,231,Completed,
T4677,D160,R3452,Delhi,Rohini,Saket,2023-10-23 21:37:00,2023-10-23 21:41:00,2023-10-23 22:03:00,8.1,212,Completed,
T4678,D175,R3386,Mumbai,Andheri,Colaba,2023-10-25 16:09:00,2023-10-25 16:14:00,2023-10-25 16:29:00,5.7,174,Completed,
T4679,D202,R1617,Bangalore,Koramangala,Jayanagar,2023-10-20 16:14:00,2023-10-20 16:19:00,2023-10-20 17:14:00,20.8,531,Completed,
T4680,D330,R1613,Delhi,Rohini,Vasant Kunj,2023-10-12 17:07:00,,,0.0,0.0,Cancelled,Driver Cancelled
T4681,D278,R4576,Delhi,Rohini,Connaught Place,2023-10-07 15:19:00,2023-10-07 15:23:00,2023-10-07 16:10:00,13.6,379,Completed,
T4682,D230,R1160,Bangalore,Whitefield,Koramangala,2023-10-16 04:39:00,2023-10-16 04:52:00,2023-10-16 06:01:00,24.0,540,Completed,
T4683,D271,R4652,Delhi,Connaught Place,Rohini,2023-10-27 14:03:00,2023-10-27 14:16:00,2023-10-27 14:54:00,15.0,363,Completed,
T4684,D190,R2597,Mumbai,Colaba,Andheri,2023-10-28 14:27:00,2023-10-28 14:33:00,2023-10-28 15:25:00,18.2,362,Completed,
T4685,D205,R2799,Bangalore,Indiranagar,Whitefield,2023-10-23 09:33:00,2023-10-23 09:47:00,2023-10-23 10:58:00,18.5,456,Completed,
T4686,D162,R4857,Delhi,Vasant Kunj,Rohini,2023-10-19 02:47:00,2023-10-19 02:56:00,2023-10-19 04:21:00,24.1,590,Completed,
T4687,D185,R2862,Bangalore,Koramangala,HSR Layout,2023-10-27 02:50:00,2023-10-27 03:05:00,2023-10-27 04:04:00,19.2,515,Completed,
T4688,D166,R3950,Delhi,Rohini,Vasant Kunj,2023-10-14 09:31:00,2023-10-14 09:36:00,2023-10-14 10:35:00,20.9,557,Completed,
T4689,D215,R2037,Delhi,Connaught Place,Rohini,2023-10-23 10:03:00,2023-10-23 10:16:00,2023-10-23 10:45:00,10.4,249,Completed,
T4690,D319,R2654,Mumbai,Andheri,Powai,2023-10-27 21:27:00,2023-10-27 21:35:00,2023-10-27 22:45:00,25.0,558,Completed,
T4691,D301,R3614,Delhi,Connaught Place,Rohini,2023-10-26 07:26:00,2023-10-26 07:40:00,2023-10-26 08:02:00,6.2,204,Completed,
T4692,D316,R2752,Bangalore,Jayanagar,Koramangala,2023-10-17 23:58:00,2023-10-18 00:11:00,2023-10-18 01:12:00,23.4,453,Completed,
T4693,D104,R3530,Delhi,Dwarka,Saket,2023-10-13 12:34:00,2023-10-13 12:44:00,2023-10-13 13:59:00,23.5,528,Completed,
T4694,D260,R4918,Mumbai,Bandra,Colaba,2023-10-02 21:34:00,2023-10-02 21:37:00,2023-10-02 22:32:00,21.5,390,Completed,
T4695,D207,R4894,Delhi,Rohini,Dwarka,2023-10-04 08:26:00,2023-10-04 08:39:00,2023-10-04 09:47:00,22.4,448,Completed,
T4696,D185,R1452,Bangalore,Indiranagar,Whitefield,2023-10-23 13:42:00,2023-10-23 13:53:00,2023-10-23 14:25:00,9.0,219,Completed,
T4697,D280,R4814,Mumbai,Colaba,Powai,2023-10-01 23:58:00,2023-10-02 00:03:00,2023-10-02 00:10:00,2.4,100,Completed,
T4698,D146,R1197,Delhi,Connaught Place,Dwarka,2023-10-26 07:14:00,2023-10-26 07:25:00,2023-10-26 08:31:00,19.4,397,Completed,
T4699,D262,R4080,Delhi,Vasant Kunj,Saket,2023-10-25 07:21:00,2023-10-25 07:29:00,2023-10-25 08:23:00,18.0,396,Completed,
T4700,D225,R3907,Mumbai,Juhu,Colaba,2023-10-24 20:29:00,,,0.0,0.0,Cancelled,Rider Cancelled
T4701,D216,R3964,Mumbai,Bandra,Juhu,2023-10-14 10:53:00,2023-10-14 10:58:00,2023-10-14 12:10:00,21.4,522,Completed,
T4702,D120,R1590,Delhi,Vasant Kunj,Saket,2023-10-18 23:05:00,2023-10-18 23:19:00,2023-10-18 23:38:00,5.8,192,Completed,
T4703,D297,R3515,Delhi,Vasant Kunj,Dwarka,2023-10-30 21:04:00,2023-10-30 21:10:00,2023-10-30 21:25:00,5.1,155,Completed,
T4704,D259,R4498,Mumbai,Juhu,Colaba,2023-10-07 07:13:00,2023-10-07 07:25:00,2023-10-07 08:32:00,17.0,329,Completed,
T4705,D139,R1075,Mumbai,Juhu,Powai,2023-10-01 08:55:00,2023-10-01 09:02:00,2023-10-01 09:41:00,11.8,327,Completed,
T4706,D299,R4718,Mumbai,Colaba,Bandra,2023-10-06 11:52:00,2023-10-06 11:55:00,2023-10-06 12:12:00,4.3,148,Completed,
T4707,D132,R1220,Delhi,Vasant Kunj,Saket,2023-10-11 01:27:00,,,0.0,0.0,Cancelled,Rider Cancelled
T4708,D192,R1304,Delhi,Connaught Place,Vasant Kunj,2023-10-19 23:50:00,2023-10-19 23:57:00,2023-10-20 00:33:00,9.5,244,Completed,
T4709,D169,R4635,Delhi,Vasant Kunj,Rohini,2023-10-23 03:27:00,2023-10-23 03:41:00,2023-10-23 04:21:00,11.3,241,Completed,
T4710,D143,R3812,Mumbai,Juhu,Bandra,2023-10-17 23:16:00,2023-10-17 23:30:00,2023-10-17 23:41:00,2.9,96,Completed,
T4711,D291,R1629,Bangalore,Whitefield,Jayanagar,2023-10-24 02:27:00,2023-10-24 02:37:00,2023-10-24 02:54:00,4.6,157,Completed,
T4712,D192,R1369,Delhi,Saket,Rohini,2023-10-04 19:13:00,,,0.0,0.0,Cancelled,Driver Not Found
T4713,D287,R3750,Bangalore,Indiranagar,Jayanagar,2023-10-06 21:53:00,2023-10-06 22:03:00,2023-10-06 22:15:00,3.4,124,Completed,
T4714,D194,R3244,Mumbai,Colaba,Juhu,2023-10-26 20:14:00,2023-10-26 20:20:00,2023-10-26 20:52:00,12.9,300,Completed,
T4715,D236,R4061,Mumbai,Bandra,Juhu,2023-10-20 11:03:00,,,0.0,0.0,Cancelled,Driver Cancelled
T4716,D234,R5000,Delhi,Vasant Kunj,Rohini,2023-10-16 10:38:00,2023-10-16 10:40:00,2023-10-16 11:53:00,20.7,513,Completed,
T4717,D185,R1094,Bangalore,Jayanagar,HSR Layout,2023-10-21 04:59:00,2023-10-21 05:09:00,2023-10-21 05:32:00,6.1,196,Completed,
T4718,D341,R3670,Delhi,Saket,Rohini,2023-10-03 20:04:00,2023-10-03 20:19:00,2023-10-03 21:19:00,23.1,495,Completed,
T4719,D114,R1525,Bangalore,Whitefield,Indiranagar,2023-10-20 01:49:00,2023-10-20 01:53:00,2023-10-20 02:18:00,8.9,237,Completed,
T4720,D179,R2970,Bangalore,Jayanagar,Indiranagar,2023-10-02 23:28:00,2023-10-02 23:42:00,2023-10-03 00:28:00,14.3,342,Completed,
T4721,D175,R4491,Mumbai,Andheri,Juhu,2023-10-22 06:50:00,2023-10-22 06:54:00,2023-10-22 07:32:00,11.9,274,Completed,
T4722,D119,R4895,Mumbai,Colaba,Bandra,2023-10-08 12:49:00,2023-10-08 13:01:00,2023-10-08 13:44:00,11.5,287,Completed,
T4723,D200,R1221,Mumbai,Powai,Bandra,2023-10-07 12:55:00,2023-10-07 13:09:00,2023-10-07 14:20:00,18.3,468,Completed,
T4724,D156,R2454,Delhi,Vasant Kunj,Saket,2023-10-26 08:11:00,2023-10-26 08:25:00,2023-10-26 09:51:00,23.7,631,Completed,
T4725,D126,R4705,Mumbai,Bandra,Powai,2023-10-13 07:09:00,2023-10-13 07:13:00,2023-10-13 08:33:00,24.4,455,Completed,
T4726,D234,R3564,Delhi,Vasant Kunj,Saket,2023-10-07 13:32:00,2023-10-07 13:39:00,2023-10-07 14:58:00,22.0,461,Completed,
T4727,D293,R1457,Bangalore,Whitefield,Jayanagar,2023-10-09 17:18:00,2023-10-09 17:26:00,2023-10-09 17:51:00,6.6,181,Completed,
T4728,D127,R4152,Mumbai,Andheri,Juhu,2023-10-21 13:25:00,2023-10-21 13:27:00,2023-10-21 13:39:00,3.2,106,Completed,
T4729,D290,R2591,Bangalore,Indiranagar,Koramangala,2023-10-11 19:26:00,2023-10-11 19:39:00,2023-10-11 20:37:00,19.3,390,Completed,
T4730,D184,R3075,Mumbai,Andheri,Juhu,2023-10-14 08:21:00,2023-10-14 08:30:00,2023-10-14 09:09:00,11.8,285,Completed,
T4731,D265,R1561,Mumbai,Colaba,Juhu,2023-10-20 16:22:00,2023-10-20 16:35:00,2023-10-20 17:21:00,11.8,329,Completed,
T4732,D237,R1077,Bangalore,Jayanagar,Indiranagar,2023-10-08 05:23:00,2023-10-08 05:36:00,2023-10-08 05:49:00,3.6,111,Completed,
T4733,D177,R1223,Mumbai,Colaba,Andheri,2023-10-15 23:40:00,,,0.0,0.0,Cancelled,Driver Cancelled
T4734,D273,R2371,Delhi,Connaught Place,Rohini,2023-10-17 05:21:00,2023-10-17 05:24:00,2023-10-17 06:57:00,24.8,433,Completed,
T4735,D213,R2510,Mumbai,Juhu,Colaba,2023-10-17 08:26:00,2023-10-17 08:36:00,2023-10-17 10:01:00,24.3,440,Completed,
T4736,D256,R4169,Mumbai,Colaba,Powai,2023-10-06 16:34:00,2023-10-06 16:49:00,2023-10-06 17:06:00,6.0,198,Completed,
T4737,D227,R3228,Mumbai,Powai,Bandra,2023-10-20 21:42:00,2023-10-20 21:54:00,2023-10-20 22:11:00,5.5,135,Completed,
T4738,D242,R1566,Bangalore,Whitefield,Jayanagar,2023-10-10 10:12:00,2023-10-10 10:26:00,2023-10-10 10:46:00,5.3,132,Completed,
T4739,D273,R3708,Delhi,Connaught Place,Vasant Kunj,2023-10-10 04:56:00,2023-10-10 05:07:00,2023-10-10 05:53:00,12.7,337,Completed,
T4740,D299,R4066,Mumbai,Andheri,Colaba,2023-10-04 07:36:00,2023-10-04 07:42:00,2023-10-04 08:15:00,9.3,243,Completed,
T4741,D154,R3155,Delhi,Dwarka,Rohini,2023-10-21 18:22:00,2023-10-21 18:27:00,2023-10-21 19:12:00,15.7,362,Completed,
T4742,D196,R4746,Delhi,Connaught Place,Vasant Kunj,2023-10-26 13:14:00,,,0.0,0.0,Cancelled,Rider Cancelled
T4743,D258,R2158,Delhi,Rohini,Saket,2023-10-07 04:33:00,2023-10-07 04:45:00,2023-10-07 05:23:00,12.6,288,Completed,
T4744,D128,R3823,Mumbai,Bandra,Andheri,2023-10-08 16:39:00,2023-10-08 16:50:00,2023-10-08 17:39:00,18.7,456,Completed,
T4745,D300,R3661,Mumbai,Colaba,Juhu,2023-10-08 13:41:00,2023-10-08 13:43:00,2023-10-08 14:52:00,18.6,450,Completed,
T4746,D348,R3038,Mumbai,Andheri,Juhu,2023-10-07 09:11:00,2023-10-07 09:14:00,2023-10-07 09:23:00,3.1,97,Completed,
T4747,D132,R1282,Delhi,Dwarka,Rohini,2023-10-02 07:05:00,2023-10-02 07:20:00,2023-10-02 08:03:00,11.1,316,Completed,
T4748,D133,R3675,Bangalore,Indiranagar,Whitefield,2023-10-27 00:39:00,,,0.0,0.0,Cancelled,Driver Cancelled
T4749,D227,R3594,Mumbai,Colaba,Juhu,2023-10-22 10:39:00,,,0.0,0.0,Cancelled,Payment Issue
T4750,D346,R3480,Bangalore,Whitefield,Jayanagar,2023-10-02 06:59:00,,2023-10-02 07:54:00,15.6,402,Completed,
T4751,D262,R4870,Delhi,Saket,Connaught Place,2023-10-05 16:24:00,2023-10-05 16:30:00,2023-10-05 17:09:00,11.4,281,Completed,
T4752,D314,R3185,Mumbai,Powai,Juhu,2023-10-26 13:56:00,2023-10-26 14:05:00,2023-10-26 14:55:00,16.0,293,Completed,
T4753,D125,R2682,Delhi,Connaught Place,Vasant Kunj,2023-10-23 17:55:00,2023-10-23 17:59:00,2023-10-23 19:09:00,23.7,480,Completed,
T4754,D220,R4121,Delhi,Connaught Place,Saket,2023-10-27 21:59:00,2023-10-27 22:03:00,2023-10-27 23:03:00,20.7,543,Completed,
T4755,D290,R2323,Bangalore,HSR Layout,Jayanagar,2023-10-28 00:51:00,2023-10-28 00:59:00,2023-10-28 01:12:00,4.5,142,Completed,
T4756,D342,R3779,Delhi,Connaught Place,Rohini,2023-10-14 13:18:00,2023-10-14 13:23:00,2023-10-14 14:17:00,21.8,410,Completed,
T4757,D217,R1314,Delhi,Saket,Connaught Place,2023-10-08 23:34:00,2023-10-08 23:36:00,2023-10-08 23:57:00,6.6,170,Completed,
T4758,D110,R2731,Bangalore,Jayanagar,Whitefield,2023-10-13 00:22:00,2023-10-13 00:26:00,2023-10-13 01:33:00,22.5,402,Completed,
T4759,D270,R2693,Bangalore,Indiranagar,Koramangala,2023-10-20 16:23:00,2023-10-20 16:38:00,2023-10-20 17:35:00,15.1,302,Completed,
T4760,D251,R1039,Bangalore,Indiranagar,Jayanagar,2023-10-01 19:01:00,2023-10-01 19:14:00,2023-10-01 19:37:00,6.5,169,Completed,
T4761,D350,R1415,Delhi,Vasant Kunj,Rohini,2023-10-19 19:02:00,2023-10-19 19:08:00,2023-10-19 19:35:00,8.2,203,Completed,
T4762,D132,R1137,Delhi,Connaught Place,Vasant Kunj,2023-10-28 23:29:00,,,0.0,0.0,Cancelled,Other
T4763,D156,R3314,Delhi,Saket,Dwarka,2023-10-08 00:35:00,2023-10-08 00:42:00,2023-10-08 01:50:00,19.7,443,Completed,
T4764,D282,R4680,Mumbai,Colaba,Andheri,2023-10-11 10:11:00,2023-10-11 10:17:00,2023-10-11 10:33:00,4.9,168,Completed,
T4765,D186,R2807,Delhi,Rohini,Dwarka,2023-10-28 01:28:00,2023-10-28 01:33:00,2023-10-28 01:39:00,2.0,94,Completed,
T4766,D250,R2666,Mumbai,Juhu,Andheri,2023-10-24 19:37:00,2023-10-24 19:43:00,2023-10-24 20:18:00,14.1,315,Completed,
T4767,D325,R2991,Bangalore,Jayanagar,Indiranagar,2023-10-19 01:41:00,2023-10-19 01:49:00,2023-10-19 02:36:00,15.2,376,Completed,
T4768,D243,R4792,Delhi,Saket,Dwarka,2023-10-30 14:43:00,2023-10-30 14:46:00,2023-10-30 14:53:00,2.9,109,Completed,
T4769,D210,R2572,Mumbai,Juhu,Bandra,2023-10-18 20:49:00,2023-10-18 20:57:00,2023-10-18 21:14:00,6.0,153,Completed,
T4770,D141,R3313,Mumbai,Bandra,Colaba,2023-10-20 20:09:00,2023-10-20 20:15:00,2023-10-20 21:02:00,18.6,501,Completed,
T4771,D287,R3704,Bangalore,Indiranagar,Jayanagar,2023-10-16 08:34:00,2023-10-16 08:37:00,2023-10-16 09:00:00,8.4,247,Completed,
T4772,D203,R2264,Mumbai,Colaba,Bandra,2023-10-18 06:57:00,,,0.0,0.0,Cancelled,Other
T4773,D263,R2206,Delhi,Connaught Place,Dwarka,2023-10-26 06:41:00,2023-10-26 06:45:00,2023-10-26 07:54:00,19.5,348,Completed,
T4774,D339,R1289,Bangalore,Koramangala,Indiranagar,2023-10-01 00:22:00,,,0.0,0.0,Cancelled,Driver Not Found
T4775,D143,R3496,Mumbai,Bandra,Juhu,2023-10-11 05:21:00,2023-10-11 05:31:00,2023-10-11 07:02:00,23.2,403,Completed,
T4776,D277,R4309,Mumbai,Juhu,Powai,2023-10-29 15:51:00,2023-10-29 16:05:00,2023-10-29 16:17:00,3.8,113,Completed,
T4777,D274,R3112,Delhi,Vasant Kunj,Connaught Place,2023-10-25 14:18:00,2023-10-25 14:25:00,2023-10-25 14:30:00,2.2,100,Completed,
T4778,D328,R4180,Delhi,Rohini,Dwarka,2023-10-29 19:28:00,2023-10-29 19:32:00,2023-10-29 20:55:00,24.9,567,Completed,
T4779,D205,R1111,Bangalore,Koramangala,HSR Layout,2023-10-17 13:38:00,2023-10-17 13:47:00,2023-10-17 14:50:00,16.4,337,Completed,
T4780,D133,R1740,Bangalore,Whitefield,HSR Layout,2023-10-10 00:01:00,2023-10-10 00:15:00,2023-10-10 00:40:00,10.1,271,Completed,
T4781,D249,R3253,Bangalore,Jayanagar,Indiranagar,2023-10-01 07:47:00,2023-10-01 08:02:00,2023-10-01 09:31:00,24.1,519,Completed,
T4782,D317,R1093,Delhi,Saket,Vasant Kunj,2023-10-17 09:08:00,2023-10-17 09:21:00,2023-10-17 10:14:00,20.7,476,Completed,
T4783,D164,R1186,Mumbai,Bandra,Colaba,2023-10-14 15:23:00,2023-10-14 15:30:00,2023-10-14 16:04:00,12.2,245,Completed,
T4784,D330,R3381,Delhi,Dwarka,Connaught Place,2023-10-25 08:55:00,2023-10-25 09:07:00,2023-10-25 09:47:00,12.5,343,Completed,
T4785,D279,R4494,Bangalore,Indiranagar,Jayanagar,2023-10-10 16:36:00,2023-10-10 16:44:00,2023-10-10 17:26:00,13.3,329,Completed,
T4786,D333,R2556,Delhi,Connaught Place,Rohini,2023-10-21 12:15:00,2023-10-21 12:21:00,2023-10-21 13:49:00,23.3,510,Completed,
T4787,D184,R4994,Mumbai,Powai,Andheri,2023-10-06 04:04:00,2023-10-06 04:19:00,2023-10-06 05:19:00,22.0,462,Completed,
T4788,D148,R1178,Bangalore,Indiranagar,Jayanagar,2023-10-13 23:39:00,2023-10-13 23:49:00,2023-10-14 00:38:00,15.6,431,Completed,
T4789,D187,R4918,Bangalore,Indiranagar,Jayanagar,2023-10-03 15:26:00,2023-10-03 15:36:00,2023-10-03 16:17:00,13.4,268,Completed,
T4790,D243,R4612,Delhi,Rohini,Vasant Kunj,2023-10-16 11:41:00,2023-10-16 11:49:00,2023-10-16 12:37:00,18.1,362,Completed,
T4791,D113,R4523,Delhi,Rohini,Dwarka,2023-10-27 08:45:00,2023-10-27 08:56:00,2023-10-27 09:25:00,8.0,220,Completed,
T4792,D253,R4863,Bangalore,Koramangala,HSR Layout,2023-10-03 00:45:00,2023-10-03 00:54:00,2023-10-03 01:40:00,14.8,387,Completed,
T4793,D303,R3236,Delhi,Connaught Place,Vasant Kunj,2023-10-02 23:02:00,2023-10-02 23:07:00,2023-10-03 00:00:00,14.4,378,Completed,
T4794,D138,R1449,Bangalore,Indiranagar,HSR Layout,2023-10-07 03:35:00,,,0.0,0.0,Cancelled,Payment Issue
T4795,D168,R2839,Delhi,Vasant Kunj,Dwarka,2023-10-13 10:33:00,2023-10-13 10:46:00,2023-10-13 11:57:00,19.2,439,Completed,
T4796,D317,R4775,Delhi,Vasant Kunj,Dwarka,2023-10-08 07:16:00,2023-10-08 07:31:00,2023-10-08 08:32:00,20.8,387,Completed,
T4797,D161,R2695,Bangalore,Whitefield,Koramangala,2023-10-17 03:25:00,,,0.0,0.0,Cancelled,Rider Cancelled
T4798,D267,R1765,Bangalore,Whitefield,Jayanagar,2023-10-20 11:14:00,2023-10-20 11:20:00,2023-10-20 12:01:00,14.4,363,Completed,
T4799,D173,R4386,Mumbai,Andheri,Bandra,2023-10-20 03:29:00,2023-10-20 03:40:00,2023-10-20 04:26:00,17.9,321,Completed,
T4800,D335,R3074,Delhi,Rohini,Dwarka,2023-10-12 10:08:00,2023-10-12 10:22:00,2023-10-12 10:53:00,9.2,219,Completed,
T4801,D330,R4273,Delhi,Dwarka,Saket,2023-10-03 06:04:00,2023-10-03 06:14:00,2023-10-03 06:43:00,9.9,282,Completed,
T4802,D299,R1846,Mumbai,Juhu,Colaba,2023-10-18 07:56:00,2023-10-18 08:01:00,2023-10-18 08:37:00,10.0,239,Completed,
T4803,D178,R3941,Mumbai,Andheri,Bandra,2023-10-15 05:38:00,2023-10-15 05:40:00,2023-10-15 06:17:00,11.2,233,Completed,
T4804,D117,R1654,Delhi,Dwarka,Rohini,2023-10-01 17:00:00,2023-10-01 17:07:00,2023-10-01 17:20:00,5.2,143,Completed,
T4805,D292,R3882,Bangalore,Koramangala,Jayanagar,2023-10-12 00:00:00,2023-10-12 00:13:00,2023-10-12 01:09:00,14.3,366,Completed,
T4806,D206,R4038,Bangalore,Indiranagar,Koramangala,2023-10-19 00:24:00,2023-10-19 00:31:00,2023-10-19 01:08:00,11.9,285,Completed,
T4807,D277,R2996,Mumbai,Juhu,Andheri,2023-10-30 16:26:00,2023-10-30 16:36:00,2023-10-30 16:59:00,8.4,192,Completed,
T4808,D293,R4181,Bangalore,Jayanagar,Whitefield,2023-10-11 21:00:00,2023-10-11 21:08:00,2023-10-11 21:20:00,4.6,155,Completed,
T4809,D205,R2022,Bangalore,Whitefield,Koramangala,2023-10-29 16:32:00,2023-10-29 16:42:00,2023-10-29 17:29:00,13.3,338,Completed,
T4810,D249,R2167,Bangalore,Jayanagar,Koramangala,2023-10-20 12:11:00,2023-10-20 12:22:00,2023-10-20 13:31:00,20.2,509,Completed,
T4811,D183,R1784,Mumbai,Juhu,Colaba,2023-10-07 08:55:00,2023-10-07 09:10:00,2023-10-07 09:51:00,14.4,280,Completed,
T4812,D348,R4909,Mumbai,Juhu,Colaba,2023-10-03 22:48:00,2023-10-03 22:57:00,2023-10-03 23:12:00,5.6,148,Completed,
T4813,D317,R1132,Delhi,Saket,Dwarka,2023-10-06 13:25:00,2023-10-06 13:40:00,2023-10-06 14:42:00,22.1,482,Completed,
T4814,D184,R3480,Mumbai,Juhu,Bandra,2023-10-29 11:44:00,2023-10-29 11:52:00,2023-10-29 12:07:00,4.1,149,Completed,
T4815,D238,R2001,Delhi,Vasant Kunj,Dwarka,2023-10-07 09:16:00,,,0.0,0.0,Cancelled,Payment Issue
T4816,D168,R2673,Delhi,Saket,Rohini,2023-10-14 03:47:00,,,0.0,0.0,Cancelled,Driver Cancelled
T4817,D279,R2364,Bangalore,Whitefield,Jayanagar,2023-10-11 19:12:00,2023-10-11 19:25:00,2023-10-11 19:52:00,6.8,208,Completed,
T4818,D295,R1111,Mumbai,Andheri,Juhu,2023-10-27 15:40:00,2023-10-27 15:44:00,2023-10-27 16:19:00,10.2,253,Completed,
T4819,D247,R1666,Bangalore,HSR Layout,Indiranagar,2023-10-16 22:46:00,2023-10-16 22:49:00,2023-10-16 23:19:00,11.3,255,Completed,
T4820,D110,R4175,Bangalore,Indiranagar,Whitefield,2023-10-26 12:54:00,2023-10-26 13:01:00,2023-10-26 13:07:00,2.7,113,Completed,
T4821,D170,R3446,Delhi,Vasant Kunj,Connaught Place,2023-10-06 03:40:00,2023-10-06 03:49:00,2023-10-06 04:19:00,10.5,291,Completed,
T4822,D294,R2790,Delhi,Vasant Kunj,Rohini,2023-10-19 03:55:00,2023-10-19 04:07:00,2023-10-19 05:20:00,21.5,480,Completed,
T4823,D177,R3819,Mumbai,Bandra,Juhu,2023-10-26 14:48:00,2023-10-26 14:57:00,2023-10-26 15:23:00,7.0,204,Completed,
T4824,D263,R1475,Delhi,Saket,Vasant Kunj,2023-10-30 20:59:00,2023-10-30 21:12:00,2023-10-30 21:27:00,5.7,173,Completed,
T4825,D350,R4008,Delhi,Rohini,Vasant Kunj,2023-10-18 00:54:00,2023-10-18 00:56:00,2023-10-18 02:20:00,23.5,579,Completed,
T4826,D325,R1933,Bangalore,HSR Layout,Jayanagar,2023-10-01 17:48:00,2023-10-01 17:53:00,2023-10-01 18:35:00,14.9,297,Completed,
T4827,D212,R3805,Bangalore,Whitefield,Koramangala,2023-10-18 05:46:00,2023-10-18 05:49:00,2023-10-18 07:00:00,24.6,651,Completed,
T4828,D271,R3750,Delhi,Saket,Dwarka,2023-10-03 22:19:00,2023-10-03 22:27:00,2023-10-03 23:24:00,19.6,484,Completed,
T4829,D339,R3367,Bangalore,Whitefield,Koramangala,2023-10-21 04:44:00,2023-10-21 04:55:00,2023-10-21 06:13:00,23.1,615,Completed,
T4830,D165,R1169,Bangalore,Indiranagar,HSR Layout,2023-10-27 01:49:00,2023-10-27 01:52:00,2023-10-27 02:11:00,7.6,197,Completed,
T4831,D142,R3137,Mumbai,Juhu,Bandra,2023-10-27 12:44:00,2023-10-27 12:46:00,2023-10-27 13:23:00,13.8,297,Completed,
T4832,D205,R3102,Bangalore,HSR Layout,Whitefield,2023-10-03 08:03:00,2023-10-03 08:09:00,2023-10-03 08:14:00,2.2,105,Completed,
T4833,D103,R3460,Mumbai,Colaba,Andheri,2023-10-07 09:02:00,2023-10-07 09:12:00,2023-10-07 10:23:00,19.9,421,Completed,
T4834,D177,R1822,Mumbai,Andheri,Colaba,2023-10-25 08:47:00,2023-10-25 08:49:00,2023-10-25 10:08:00,23.3,424,Completed,
T4835,D228,R3818,Mumbai,Powai,Colaba,2023-10-08 00:56:00,2023-10-08 01:00:00,2023-10-08 01:36:00,10.4,209,Completed,
T4836,D322,R4177,Bangalore,Jayanagar,HSR Layout,2023-10-20 03:31:00,2023-10-20 03:37:00,2023-10-20 04:00:00,8.3,180,Completed,
T4837,D304,R1898,Mumbai,Powai,Juhu,2023-10-13 20:51:00,2023-10-13 21:03:00,2023-10-13 22:30:00,24.3,571,Completed,
T4838,D127,R1212,Mumbai,Andheri,Powai,2023-10-07 12:10:00,2023-10-07 12:20:00,2023-10-07 12:35:00,4.1,122,Completed,
T4839,D251,R1167,Bangalore,HSR Layout,Whitefield,2023-10-20 22:42:00,2023-10-20 22:55:00,2023-10-20 23:27:00,8.3,249,Completed,
T4840,D325,R3162,Bangalore,Indiranagar,Jayanagar,2023-10-09 19:04:00,2023-10-09 19:16:00,2023-10-09 19:26:00,3.7,122,Completed,
T4841,D311,R4518,Bangalore,Koramangala,Jayanagar,2023-10-09 21:04:00,2023-10-09 21:07:00,2023-10-09 21:30:00,7.2,194,Completed,
T4842,D276,R4490,Mumbai,Colaba,Juhu,2023-10-12 02:28:00,2023-10-12 02:30:00,2023-10-12 03:26:00,16.4,423,Completed,
T4843,D205,R3365,Bangalore,Indiranagar,HSR Layout,2023-10-26 06:36:00,2023-10-26 06:49:00,2023-10-26 07:35:00,12.3,330,Completed,
T4844,D107,R2161,Mumbai,Powai,Andheri,2023-10-20 09:52:00,2023-10-20 10:01:00,2023-10-20 10:28:00,9.2,212,Completed,
T4845,D284,R1810,Bangalore,Koramangala,Indiranagar,2023-10-26 20:30:00,2023-10-26 20:38:00,2023-10-26 21:29:00,13.6,377,Completed,
T4846,D204,R2447,Bangalore,Whitefield,Koramangala,2023-10-27 13:17:00,2023-10-27 13:22:00,2023-10-27 13:36:00,5.5,137,Completed,
T4847,D322,R1400,Bangalore,Jayanagar,Whitefield,2023-10-02 03:56:00,2023-10-02 04:00:00,2023-10-02 04:09:00,3.7,121,Completed,
T4848,D255,R2326,Mumbai,Powai,Bandra,2023-10-18 06:54:00,,,0.0,0.0,Cancelled,Driver Not Found
T4849,D126,R3652,Mumbai,Juhu,Andheri,2023-10-18 09:53:00,,,0.0,0.0,Cancelled,Driver Cancelled
T4850,D126,R4915,Mumbai,Andheri,Bandra,2023-10-29 00:08:00,2023-10-29 00:16:00,2023-10-29 00:40:00,8.2,223,Completed,
T4851,D229,R4415,Delhi,Connaught Place,Rohini,2023-10-26 23:21:00,2023-10-26 23:30:00,2023-10-27 00:33:00,19.7,466,Completed,
T4852,D177,R2529,Mumbai,Colaba,Powai,2023-10-12 01:41:00,2023-10-12 01:55:00,2023-10-12 02:32:00,12.2,246,Completed,
T4853,D214,R2560,Mumbai,Colaba,Andheri,2023-10-21 02:15:00,2023-10-21 02:29:00,2023-10-21 03:20:00,20.4,441,Completed,
T4854,D200,R1466,Mumbai,Bandra,Colaba,2023-10-03 16:42:00,2023-10-03 16:47:00,2023-10-03 16:52:00,2.2,104,Completed,
T4855,D137,R3423,Delhi,Vasant Kunj,Connaught Place,2023-10-02 15:46:00,,,0.0,0.0,Cancelled,Payment Issue
T4856,D222,R3516,Bangalore,HSR Layout,Whitefield,2023-10-05 06:37:00,2023-10-05 06:46:00,2023-10-05 07:59:00,18.5,384,Completed,
T4857,D235,R2444,Delhi,Dwarka,Rohini,2023-10-27 11:33:00,2023-10-27 11:39:00,2023-10-27 11:53:00,4.3,136,Completed,
T4858,D109,R1308,Delhi,Connaught Place,Saket,2023-10-26 21:13:00,,,0.0,0.0,Cancelled,Rider Cancelled
T4859,D253,R4993,Bangalore,Indiranagar,Jayanagar,2023-10-19 06:41:00,2023-10-19 06:47:00,2023-10-19 07:16:00,9.9,275,Completed,
T4860,D350,R3699,Delhi,Rohini,Connaught Place,2023-10-19 16:06:00,2023-10-19 16:15:00,2023-10-19 16:25:00,2.9,106,Completed,
T4861,D346,R4576,Bangalore,Indiranagar,Whitefield,2023-10-28 11:54:00,2023-10-28 12:07:00,2023-10-28 13:16:00,19.9,409,Completed,
T4862,D270,R4227,Bangalore,Whitefield,Jayanagar,2023-10-25 15:31:00,2023-10-25 15:46:00,2023-10-25 15:56:00,3.8,139,Completed,
T4863,D241,R4350,Delhi,Saket,Connaught Place,2023-10-16 01:33:00,2023-10-16 01:38:00,2023-10-16 02:28:00,13.1,265,Completed,
T4864,D169,R1133,Delhi,Vasant Kunj,Dwarka,2023-10-23 03:12:00,2023-10-23 03:27:00,2023-10-23 04:28:00,16.1,367,Completed,
T4865,D349,R2662,Delhi,Vasant Kunj,Dwarka,2023-10-11 22:52:00,2023-10-11 23:04:00,2023-10-12 00:33:00,24.1,456,Completed,
T4866,D174,R2992,Mumbai,Bandra,Andheri,2023-10-01 14:40:00,,,0.0,0.0,Cancelled,Other
T4867,D212,R1904,Bangalore,Indiranagar,Koramangala,2023-10-16 02:58:00,2023-10-16 03:05:00,2023-10-16 04:12:00,18.1,335,Completed,
T4868,D151,R1413,Delhi,Saket,Rohini,2023-10-30 08:48:00,2023-10-30 09:00:00,2023-10-30 09:32:00,8.4,204,Completed,
T4869,D310,R3724,Delhi,Dwarka,Rohini,2023-10-05 17:19:00,2023-10-05 17:34:00,2023-10-05 18:34:00,24.1,650,Completed,
T4870,D290,R3168,Bangalore,Indiranagar,Koramangala,2023-10-14 18:17:00,2023-10-14 18:27:00,2023-10-14 19:29:00,19.8,405,Completed,
T4871,D159,R1649,Delhi,Saket,Dwarka,2023-10-02 08:54:00,,,0.0,0.0,Cancelled,Rider Cancelled
T4872,D282,R3612,Mumbai,Powai,Colaba,2023-10-23 09:04:00,2023-10-23 09:15:00,2023-10-23 10:22:00,23.4,490,Completed,
T4873,D304,R3171,Mumbai,Juhu,Colaba,2023-10-20 13:46:00,2023-10-20 13:53:00,2023-10-20 14:46:00,14.8,313,Completed,
T4874,D160,R3754,Delhi,Saket,Vasant Kunj,2023-10-21 03:56:00,,,0.0,0.0,Cancelled,Driver Cancelled
T4875,D192,R2692,Delhi,Dwarka,Rohini,2023-10-27 14:37:00,2023-10-27 14:44:00,2023-10-27 15:42:00,18.2,499,Completed,
T4876,D299,R1438,Mumbai,Andheri,Powai,2023-10-06 03:46:00,2023-10-06 03:53:00,2023-10-06 04:08:00,4.0,114,Completed,
T4877,D324,R4599,Mumbai,Bandra,Powai,2023-10-08 08:58:00,2023-10-08 09:06:00,2023-10-08 09:30:00,9.8,256,Completed,
T4878,D194,R3061,Mumbai,Bandra,Colaba,2023-10-05 15:55:00,2023-10-05 16:04:00,2023-10-05 16:40:00,13.9,388,Completed,
T4879,D183,R2829,Mumbai,Andheri,Bandra,2023-10-10 11:40:00,2023-10-10 11:49:00,2023-10-10 12:08:00,7.2,194,Completed,
T4880,D184,R3254,Mumbai,Andheri,Colaba,2023-10-23 21:52:00,,,0.0,0.0,Cancelled,Driver Cancelled
T4881,D174,R1540,Mumbai,Juhu,Bandra,2023-10-23 21:52:00,2023-10-23 22:06:00,2023-10-23 22:49:00,12.1,311,Completed,
T4882,D291,R4896,Bangalore,Indiranagar,HSR Layout,2023-10-15 05:15:00,2023-10-15 05:30:00,2023-10-15 06:06:00,14.1,380,Completed,
T4883,D321,R1112,Mumbai,Colaba,Powai,2023-10-25 11:24:00,,,0.0,0.0,Cancelled,Driver Cancelled
T4884,D139,R1333,Mumbai,Colaba,Andheri,2023-10-16 02:32:00,2023-10-16 02:40:00,2023-10-16 03:39:00,17.5,350,Completed,
T4885,D307,R4853,Mumbai,Powai,Colaba,2023-10-06 15:52:00,2023-10-06 16:02:00,2023-10-06 16:54:00,13.9,375,Completed,
T4886,D309,R4540,Mumbai,Powai,Andheri,2023-10-17 09:46:00,2023-10-17 09:55:00,2023-10-17 10:17:00,8.1,185,Completed,
T4887,D109,R1822,Delhi,Saket,Dwarka,2023-10-13 10:34:00,2023-10-13 10:36:00,2023-10-13 11:35:00,18.5,411,Completed,
T4888,D199,R1190,Bangalore,Whitefield,Indiranagar,2023-10-01 00:05:00,2023-10-01 00:09:00,2023-10-01 01:05:00,18.8,450,Completed,
T4889,D144,R3281,Mumbai,Colaba,Bandra,2023-10-12 03:20:00,2023-10-12 03:34:00,2023-10-12 04:40:00,24.6,495,Completed,
T4890,D203,R2602,Mumbai,Juhu,Andheri,2023-10-18 23:28:00,,,0.0,0.0,Cancelled,Driver Not Found
T4891,D283,R1051,Bangalore,Jayanagar,Whitefield,2023-10-28 06:51:00,2023-10-28 06:55:00,2023-10-28 08:00:00,17.9,378,Completed,
T4892,D227,R2326,Mumbai,Bandra,Colaba,2023-10-23 03:29:00,2023-10-23 03:37:00,2023-10-23 04:03:00,7.5,221,Completed,
T4893,D155,R3126,Mumbai,Juhu,Colaba,2023-10-28 02:37:00,2023-10-28 02:40:00,2023-10-28 03:55:00,22.1,564,Completed,
T4894,D135,R4419,Mumbai,Powai,Juhu,2023-10-13 20:43:00,2023-10-13 20:54:00,2023-10-13 21:50:00,22.6,507,Completed,
T4895,D344,R4951,Mumbai,Juhu,Andheri,2023-10-01 06:55:00,2023-10-01 07:02:00,2023-10-01 07:24:00,6.2,146,Completed,
T4896,D232,R4093,Delhi,Connaught Place,Dwarka,2023-10-09 06:11:00,2023-10-09 06:23:00,2023-10-09 07:08:00,17.3,326,Completed,
T4897,D262,R3962,Delhi,Dwarka,Connaught Place,2023-10-28 01:59:00,2023-10-28 02:05:00,2023-10-28 02:12:00,2.7,102,Completed,
T4898,D338,R3996,Delhi,Rohini,Connaught Place,2023-10-11 14:42:00,2023-10-11 14:52:00,2023-10-11 15:28:00,14.1,392,Completed,
T4899,D319,R2876,Mumbai,Colaba,Powai,2023-10-13 00:45:00,,,0.0,0.0,Cancelled,Payment Issue
T4900,D350,R2771,Delhi,Rohini,Dwarka,2023-10-27 18:50:00,2023-10-27 19:05:00,2023-10-27 19:37:00,10.4,288,Completed,
T4901,D112,R2666,Bangalore,HSR Layout,Koramangala,2023-10-12 09:24:00,2023-10-12 09:30:00,2023-10-12 10:12:00,12.5,298,Completed,
T4902,D233,R2052,Delhi,Connaught Place,Vasant Kunj,2023-10-01 07:57:00,2023-10-01 08:10:00,2023-10-01 09:19:00,22.4,450,Completed,
T4903,D281,R4440,Mumbai,Juhu,Powai,2023-10-09 19:56:00,2023-10-09 20:01:00,2023-10-09 20:40:00,10.0,205,Completed,
T4904,D199,R4088,Bangalore,Indiranagar,Whitefield,2023-10-25 20:17:00,2023-10-25 20:30:00,2023-10-25 21:29:00,19.7,480,Completed,
T4905,D238,R1038,Delhi,Connaught Place,Rohini,2023-10-28 18:48:00,2023-10-28 18:56:00,2023-10-28 19:03:00,3.1,113,Completed,
T4906,D287,R3965,Bangalore,HSR Layout,Jayanagar,2023-10-10 20:48:00,2023-10-10 20:53:00,2023-10-10 21:27:00,12.4,356,Completed,
T4907,D165,R1880,Bangalore,Whitefield,HSR Layout,2023-10-15 11:38:00,2023-10-15 11:46:00,2023-10-15 12:16:00,9.9,281,Completed,
T4908,D243,R4578,Delhi,Dwarka,Saket,2023-10-09 17:17:00,2023-10-09 17:22:00,2023-10-09 18:22:00,15.8,319,Completed,
T4909,D343,R4588,Mumbai,Bandra,Juhu,2023-10-24 13:47:00,2023-10-24 14:02:00,2023-10-24 14:59:00,22.8,467,Completed,
T4910,D331,R1676,Bangalore,Indiranagar,HSR Layout,2023-10-16 16:43:00,,,0.0,0.0,Cancelled,Driver Not Found
T4911,D106,R4046,Delhi,Rohini,Vasant Kunj,2023-10-05 10:07:00,,,0.0,0.0,Cancelled,Rider Cancelled
T4912,D250,R4506,Mumbai,Powai,Colaba,2023-10-05 05:40:00,2023-10-05 05:45:00,2023-10-05 06:11:00,7.5,187,Completed,
T4913,D339,R4689,Bangalore,Koramangala,HSR Layout,2023-10-21 18:14:00,2023-10-21 18:27:00,2023-10-21 18:56:00,8.7,227,Completed,
T4914,D332,R1837,Mumbai,Colaba,Powai,2023-10-20 11:41:00,2023-10-20 11:56:00,2023-10-20 12:06:00,3.1,121,Completed,
T4915,D188,R3381,Delhi,Connaught Place,Dwarka,2023-10-16 18:54:00,2023-10-16 19:06:00,2023-10-16 19:48:00,12.8,293,Completed,
T4916,D254,R4016,Bangalore,HSR Layout,Jayanagar,2023-10-22 08:33:00,2023-10-22 08:38:00,2023-10-22 09:40:00,18.4,332,Completed,
T4917,D341,R1491,Delhi,Vasant Kunj,Connaught Place,2023-10-14 17:12:00,2023-10-14 17:25:00,2023-10-14 18:35:00,21.9,503,Completed,
T4918,D154,R1315,Delhi,Rohini,Dwarka,2023-10-25 13:43:00,2023-10-25 13:50:00,2023-10-25 14:24:00,8.7,187,Completed,
T4919,D240,R3895,Bangalore,Whitefield,Koramangala,2023-10-05 09:20:00,2023-10-05 09:25:00,2023-10-05 10:49:00,23.0,424,Completed,
T4920,D106,R3946,Delhi,Vasant Kunj,Connaught Place,2023-10-03 15:44:00,2023-10-03 15:54:00,2023-10-03 16:08:00,5.7,189,Completed,
T4921,D236,R2477,Mumbai,Powai,Colaba,2023-10-15 01:13:00,2023-10-15 01:22:00,2023-10-15 01:56:00,11.2,288,Completed,
T4922,D239,R4420,Delhi,Connaught Place,Vasant Kunj,2023-10-25 23:23:00,2023-10-25 23:35:00,2023-10-26 00:35:00,15.2,398,Completed,
T4923,D290,R3657,Bangalore,Koramangala,Whitefield,2023-10-25 11:49:00,2023-10-25 12:02:00,2023-10-25 12:40:00,9.9,289,Completed,
T4924,D159,R3332,Delhi,Rohini,Dwarka,2023-10-10 18:24:00,2023-10-10 18:29:00,2023-10-10 19:15:00,11.9,297,Completed,
T4925,D184,R3542,Mumbai,Bandra,Juhu,2023-10-11 17:41:00,2023-10-11 17:53:00,2023-10-11 18:41:00,13.4,254,Completed,
T4926,D245,R1220,Bangalore,Koramangala,Whitefield,2023-10-26 17:37:00,2023-10-26 17:43:00,2023-10-26 18:33:00,19.3,403,Completed,
T4927,D332,R2337,Mumbai,Juhu,Bandra,2023-10-04 00:57:00,2023-10-04 01:02:00,2023-10-04 01:22:00,6.9,199,Completed,
T4928,D246,R2542,Bangalore,Koramangala,Jayanagar,2023-10-08 11:28:00,2023-10-08 11:35:00,2023-10-08 12:59:00,21.5,484,Completed,
T4929,D133,R4819,Bangalore,HSR Layout,Indiranagar,2023-10-30 22:05:00,2023-10-30 22:19:00,2023-10-30 22:44:00,6.5,189,Completed,
T4930,D341,R4686,Delhi,Vasant Kunj,Connaught Place,2023-10-30 01:59:00,2023-10-30 02:13:00,2023-10-30 03:36:00,23.2,533,Completed,
T4931,D193,R2975,Mumbai,Colaba,Juhu,2023-10-28 09:18:00,2023-10-28 09:21:00,2023-10-28 09:30:00,2.6,99,Completed,
T4932,D302,R3275,Bangalore,Jayanagar,HSR Layout,2023-10-17 14:49:00,2023-10-17 14:53:00,2023-10-17 15:54:00,21.9,433,Completed,
T4933,D337,R3899,Delhi,Dwarka,Vasant Kunj,2023-10-22 15:06:00,2023-10-22 15:13:00,2023-10-22 15:50:00,14.5,307,Completed,
T4934,D160,R4694,Delhi,Dwarka,Rohini,2023-10-06 00:44:00,2023-10-06 00:58:00,2023-10-06 01:10:00,3.2,124,Completed,
T4935,D242,R1317,Bangalore,Indiranagar,Koramangala,2023-10-17 07:43:00,2023-10-17 07:54:00,2023-10-17 09:10:00,19.8,359,Completed,
T4936,D234,R4163,Delhi,Dwarka,Vasant Kunj,2023-10-17 01:05:00,2023-10-17 01:14:00,2023-10-17 01:35:00,8.2,217,Completed,
T4937,D298,R3280,Mumbai,Juhu,Powai,2023-10-21 10:47:00,2023-10-21 10:53:00,2023-10-21 11:45:00,16.6,326,Completed,
T4938,D205,R1160,Bangalore,Whitefield,Indiranagar,2023-10-21 05:39:00,2023-10-21 05:54:00,2023-10-21 06:11:00,4.7,156,Completed,
T4939,D259,R3757,Mumbai,Andheri,Colaba,2023-10-26 13:50:00,2023-10-26 13:53:00,2023-10-26 14:53:00,23.4,459,Completed,
T4940,D318,R1177,Bangalore,Koramangala,HSR Layout,2023-10-24 10:42:00,2023-10-24 10:52:00,2023-10-24 11:27:00,9.0,218,Completed,
T4941,D178,R3232,Mumbai,Juhu,Colaba,2023-10-30 15:44:00,2023-10-30 15:51:00,2023-10-30 16:16:00,6.8,207,Completed,
T4942,D135,R2280,Mumbai,Bandra,Juhu,2023-10-10 09:54:00,2023-10-10 09:57:00,2023-10-10 10:52:00,15.4,363,Completed,
T4943,D284,R4799,Bangalore,Whitefield,Koramangala,2023-10-03 13:55:00,2023-10-03 13:59:00,2023-10-03 14:23:00,8.6,258,Completed,
T4944,D226,R2245,Delhi,Vasant Kunj,Dwarka,2023-10-23 16:22:00,2023-10-23 16:26:00,2023-10-23 16:35:00,3.5,112,Completed,
T4945,D254,R4953,Bangalore,Indiranagar,Jayanagar,2023-10-07 05:23:00,2023-10-07 05:34:00,2023-10-07 06:06:00,10.6,304,Completed,
T4946,D320,R4212,Mumbai,Powai,Colaba,2023-10-12 12:09:00,2023-10-12 12:20:00,2023-10-12 12:55:00,11.9,346,Completed,
T4947,D311,R4192,Bangalore,HSR Layout,Whitefield,2023-10-19 19:57:00,2023-10-19 19:59:00,2023-10-19 21:27:00,22.6,490,Completed,
T4948,D249,R1380,Bangalore,Indiranagar,Whitefield,2023-10-12 07:33:00,2023-10-12 07:38:00,2023-10-12 08:35:00,17.5,417,Completed,
T4949,D176,R2445,Delhi,Rohini,Connaught Place,2023-10-19 15:10:00,2023-10-19 15:12:00,2023-10-19 16:24:00,19.1,372,Completed,
T4950,D149,R1873,Mumbai,Bandra,Andheri,2023-10-28 09:21:00,2023-10-28 09:30:00,2023-10-28 10:33:00,20.8,478,Completed,
T4951,D222,R4827,Bangalore,Whitefield,HSR Layout,2023-10-27 20:31:00,2023-10-27 20:43:00,2023-10-27 21:48:00,19.9,526,Completed,
T4952,D194,R3407,Mumbai,Juhu,Colaba,2023-10-05 20:44:00,2023-10-05 20:52:00,2023-10-05 22:13:00,24.4,624,Completed,
T4953,D258,R3979,Delhi,Vasant Kunj,Rohini,2023-10-17 12:23:00,2023-10-17 12:29:00,2023-10-17 13:19:00,13.7,290,Completed,
T4954,D314,R1866,Mumbai,Bandra,Powai,2023-10-04 18:30:00,2023-10-04 18:41:00,2023-10-04 19:41:00,20.3,394,Completed,
T4955,D129,R1751,Delhi,Connaught Place,Vasant Kunj,2023-10-05 23:39:00,2023-10-05 23:47:00,2023-10-06 00:56:00,24.3,418,Completed,
T4956,D337,R2877,Delhi,Vasant Kunj,Rohini,2023-10-09 11:09:00,2023-10-09 11:14:00,2023-10-09 11:20:00,2.4,103,Completed,
T4957,D269,R1291,Mumbai,Bandra,Juhu,2023-10-30 20:52:00,,,0.0,0.0,Cancelled,Driver Not Found
T4958,D222,R1153,Bangalore,HSR Layout,Jayanagar,2023-10-22 11:13:00,2023-10-22 11:22:00,2023-10-22 12:32:00,20.9,480,Completed,
T4959,D161,R4416,Bangalore,HSR Layout,Koramangala,2023-10-25 14:53:00,2023-10-25 15:03:00,2023-10-25 15:21:00,6.8,218,Completed,
T4960,D269,R1952,Mumbai,Andheri,Bandra,2023-10-28 03:17:00,2023-10-28 03:30:00,2023-10-28 04:16:00,11.7,308,Completed,
T4961,D337,R1209,Delhi,Connaught Place,Dwarka,2023-10-03 00:48:00,2023-10-03 00:54:00,2023-10-03 01:26:00,9.2,258,Completed,
T4962,D133,R1301,Bangalore,Jayanagar,Whitefield,2023-10-25 17:48:00,,,0.0,0.0,Cancelled,Driver Not Found
T4963,D318,R4708,Bangalore,Whitefield,HSR Layout,2023-10-04 17:00:00,2023-10-04 17:04:00,2023-10-04 18:13:00,24.3,646,Completed,
T4964,D333,R4305,Delhi,Saket,Connaught Place,2023-10-11 10:37:00,2023-10-11 10:42:00,2023-10-11 11:47:00,21.5,556,Completed,
T4965,D308,R4958,Delhi,Vasant Kunj,Rohini,2023-10-23 09:09:00,2023-10-23 09:11:00,2023-10-23 09:21:00,3.0,100,Completed,
T4966,D297,R1422,Delhi,Rohini,Connaught Place,2023-10-04 21:21:00,2023-10-04 21:28:00,2023-10-04 22:19:00,14.2,334,Completed,
T4967,D187,R4350,Bangalore,Jayanagar,HSR Layout,2023-10-05 07:47:00,2023-10-05 07:58:00,2023-10-05 08:28:00,11.0,246,Completed,
T4968,D206,R2319,Bangalore,Koramangala,HSR Layout,2023-10-14 16:04:00,2023-10-14 16:07:00,2023-10-14 16:22:00,4.3,122,Completed,
T4969,D337,R4788,Delhi,Saket,Rohini,2023-10-07 12:29:00,2023-10-07 12:43:00,2023-10-07 13:33:00,13.4,379,Completed,
T4970,D192,R1011,Delhi,Saket,Dwarka,2023-10-10 12:40:00,2023-10-10 12:48:00,2023-10-10 13:31:00,16.9,396,Completed,
T4971,D214,R2150,Mumbai,Juhu,Powai,2023-10-19 23:23:00,2023-10-19 23:35:00,2023-10-19 23:49:00,3.7,120,Completed,
T4972,D215,R4519,Delhi,Vasant Kunj,Dwarka,2023-10-27 14:55:00,2023-10-27 15:05:00,2023-10-27 15:27:00,5.8,169,Completed,
T4973,D121,R4208,Bangalore,Whitefield,Koramangala,2023-10-27 17:43:00,2023-10-27 17:45:00,2023-10-27 18:21:00,11.0,295,Completed,
T4974,D181,R1767,Delhi,Connaught Place,Saket,2023-10-21 17:49:00,2023-10-21 17:51:00,2023-10-21 18:42:00,13.8,279,Completed,
T4975,D339,R1774,Bangalore,Whitefield,Koramangala,2023-10-07 07:26:00,2023-10-07 07:34:00,2023-10-07 07:46:00,3.7,109,Completed,
T4976,D133,R4328,Bangalore,HSR Layout,Koramangala,2023-10-07 03:31:00,2023-10-07 03:46:00,2023-10-07 04:14:00,9.3,240,Completed,
T4977,D147,R3616,Bangalore,Jayanagar,Whitefield,2023-10-24 04:43:00,2023-10-24 04:51:00,2023-10-24 05:21:00,12.1,305,Completed,
T4978,D349,R2246,Delhi,Connaught Place,Saket,2023-10-29 05:04:00,2023-10-29 05:17:00,2023-10-29 06:01:00,12.8,273,Completed,
T4979,D197,R4020,Delhi,Vasant Kunj,Saket,2023-10-11 20:44:00,2023-10-11 20:53:00,2023-10-11 21:35:00,13.4,311,Completed,
T4980,D178,R4132,Mumbai,Andheri,Bandra,2023-10-09 21:23:00,2023-10-09 21:25:00,2023-10-09 21:34:00,2.6,107,Completed,
T4981,D344,R1489,Mumbai,Powai,Juhu,2023-10-06 20:27:00,2023-10-06 20:40:00,2023-10-06 21:27:00,12.1,302,Completed,
T4982,D214,R4458,Mumbai,Bandra,Juhu,2023-10-17 20:56:00,,,0.0,0.0,Cancelled,Rider Cancelled
T4983,D161,R3441,Bangalore,Indiranagar,Whitefield,2023-10-03 09:41:00,2023-10-03 09:49:00,2023-10-03 11:11:00,22.4,397,Completed,
T4984,D284,R2093,Bangalore,Jayanagar,Indiranagar,2023-10-12 02:05:00,2023-10-12 02:11:00,2023-10-12 03:10:00,18.4,411,Completed,
T4985,D181,R2617,Delhi,Vasant Kunj,Dwarka,2023-10-28 19:35:00,2023-10-28 19:44:00,2023-10-28 21:09:00,22.4,563,Completed,
T4986,D330,R2389,Delhi,Saket,Vasant Kunj,2023-10-26 14:34:00,2023-10-26 14:44:00,2023-10-26 15:57:00,19.0,445,Completed,
T4987,D138,R4221,Bangalore,Whitefield,Indiranagar,2023-10-16 13:03:00,2023-10-16 13:07:00,2023-10-16 14:30:00,24.8,566,Completed,
T4988,D148,R1222,Bangalore,Whitefield,HSR Layout,2023-10-04 19:11:00,2023-10-04 19:19:00,2023-10-04 20:02:00,14.4,320,Completed,
T4989,D304,R1448,Mumbai,Juhu,Colaba,2023-10-06 22:48:00,,,0.0,0.0,Cancelled,Driver Cancelled
T4990,D346,R1640,Bangalore,Indiranagar,Whitefield,2023-10-07 04:23:00,2023-10-07 04:25:00,2023-10-07 04:41:00,5.6,187,Completed,
T4991,D257,R1375,Delhi,Vasant Kunj,Saket,2023-10-07 16:14:00,2023-10-07 16:28:00,2023-10-07 17:41:00,18.6,459,Completed,
T4992,D173,R4596,Mumbai,Bandra,Andheri,2023-10-12 07:00:00,2023-10-12 07:10:00,2023-10-12 08:31:00,23.0,436,Completed,
T4993,D148,R4554,Bangalore,Koramangala,Indiranagar,2023-10-17 14:54:00,,,0.0,0.0,Cancelled,Rider Cancelled
T4994,D260,R4625,Mumbai,Colaba,Andheri,2023-10-15 21:04:00,2023-10-15 21:12:00,2023-10-15 21:49:00,13.4,323,Completed,
T4995,D209,R2652,Bangalore,Indiranagar,Whitefield,2023-10-21 06:10:00,2023-10-21 06:20:00,2023-10-21 06:47:00,6.9,180,Completed,
T4996,D288,R1226,Mumbai,Bandra,Colaba,2023-10-15 18:12:00,2023-10-15 18:19:00,2023-10-15 18:42:00,7.5,212,Completed,
T4997,D175,R4579,Mumbai,Juhu,Bandra,2023-10-29 10:52:00,2023-10-29 11:04:00,2023-10-29 12:01:00,15.4,352,Completed,
T4998,D245,R1288,Bangalore,HSR Layout,Whitefield,2023-10-17 11:10:00,,,0.0,0.0,Cancelled,Rider Cancelled
T4999,D204,R1188,Bangalore,Whitefield,Jayanagar,2023-10-18 13:33:00,2023-10-18 13:40:00,2023-10-18 13:48:00,2.3,96,Completed,
T5000,D209,R1837,Bangalore,HSR Layout,Koramangala,2023-10-12 13:26:00,,2023-10-12 13:51:00,4.0,148,Completed,
T5001,D291,R1370,Bangalore,HSR Layout,Jayanagar,2023-10-03 14:24:00,2023-10-03 14:34:00,2023-10-03 15:29:00,22.1,572,Completed,
T5002,D211,R1998,Delhi,Vasant Kunj,Connaught Place,2023-10-30 10:36:00,2023-10-30 10:39:00,2023-10-30 11:45:00,19.4,512,Completed,
T5003,D107,R1314,Mumbai,Andheri,Bandra,2023-10-20 21:12:00,2023-10-20 21:21:00,2023-10-20 21:52:00,8.1,241,Completed,
T5004,D179,R2100,Bangalore,Koramangala,Jayanagar,2023-10-14 01:26:00,2023-10-14 01:41:00,2023-10-14 02:41:00,21.1,430,Completed,
T5005,D270,R4145,Bangalore,Indiranagar,HSR Layout,2023-10-18 15:38:00,2023-10-18 15:53:00,2023-10-18 16:15:00,7.4,184,Completed,
T5006,D341,R3258,Delhi,Vasant Kunj,Rohini,2023-10-05 15:19:00,2023-10-05 15:33:00,2023-10-05 15:48:00,5.9,162,Completed,
T5007,D164,R4001,Mumbai,Andheri,Colaba,2023-10-25 21:10:00,2023-10-25 21:12:00,2023-10-25 22:02:00,17.0,472,Completed,
T5008,D311,R4871,Bangalore,Koramangala,Indiranagar,2023-10-20 09:02:00,,,0.0,0.0,Cancelled,Payment Issue
T5009,D122,R3938,Bangalore,HSR Layout,Jayanagar,2023-10-08 09:04:00,2023-10-08 09:12:00,2023-10-08 10:04:00,17.0,456,Completed,
T5010,D119,R1226,Mumbai,Andheri,Powai,2023-10-09 11:56:00,2023-10-09 12:01:00,2023-10-09 12:33:00,9.9,239,Completed,
T5011,D306,R3851,Delhi,Vasant Kunj,Saket,2023-10-01 13:56:00,2023-10-01 13:58:00,2023-10-01 14:37:00,14.5,351,Completed,
T5012,D199,R4316,Bangalore,HSR Layout,Indiranagar,2023-10-04 06:53:00,2023-10-04 06:58:00,2023-10-04 08:08:00,21.7,454,Completed,
T5013,D176,R3623,Delhi,Dwarka,Rohini,2023-10-26 08:04:00,,,0.0,0.0,Cancelled,Driver Cancelled
T5014,D293,R3405,Bangalore,Indiranagar,Jayanagar,2023-10-08 22:07:00,2023-10-08 22:11:00,2023-10-08 22:48:00,10.2,216,Completed,
T5015,D254,R3038,Bangalore,Whitefield,Koramangala,2023-10-03 23:27:00,2023-10-03 23:41:00,2023-10-04 00:47:00,19.4,474,Completed,
T5016,D297,R1073,Delhi,Dwarka,Saket,2023-10-25 03:27:00,2023-10-25 03:40:00,2023-10-25 04:42:00,18.4,476,Completed,
T5017,D182,R3824,Bangalore,Koramangala,Indiranagar,2023-10-11 20:38:00,2023-10-11 20:49:00,2023-10-11 21:48:00,22.0,390,Completed,
T5018,D231,R1027,Mumbai,Juhu,Bandra,2023-10-09 00:19:00,2023-10-09 00:29:00,2023-10-09 01:09:00,14.0,358,Completed,
T5019,D161,R4992,Bangalore,Jayanagar,Koramangala,2023-10-22 08:26:00,,,0.0,0.0,Cancelled,Rider Cancelled
T5020,D235,R2022,Delhi,Connaught Place,Vasant Kunj,2023-10-20 08:03:00,2023-10-20 08:08:00,2023-10-20 08:59:00,15.9,373,Completed,
T5021,D165,R4914,Bangalore,Koramangala,Indiranagar,2023-10-10 07:46:00,2023-10-10 07:55:00,2023-10-10 08:06:00,4.6,120,Completed,
T5022,D288,R4032,Mumbai,Juhu,Powai,2023-10-11 04:41:00,2023-10-11 04:43:00,2023-10-11 05:37:00,19.9,360,Completed,
T5023,D264,R3047,Mumbai,Bandra,Powai,2023-10-16 03:00:00,2023-10-16 03:13:00,2023-10-16 03:40:00,9.5,283,Completed,
T5024,D101,R2124,Delhi,Saket,Connaught Place,2023-10-22 04:48:00,2023-10-22 04:56:00,2023-10-22 05:23:00,9.6,279,Completed,
T5025,D216,R1549,Mumbai,Juhu,Andheri,2023-10-07 04:24:00,2023-10-07 04:35:00,2023-10-07 05:20:00,15.3,348,Completed,
T5026,D301,R1160,Delhi,Rohini,Dwarka,2023-10-07 18:22:00,,,0.0,0.0,Cancelled,Driver Cancelled
T5027,D258,R1325,Delhi,Rohini,Saket,2023-10-19 04:26:00,2023-10-19 04:28:00,2023-10-19 05:55:00,23.9,515,Completed,
T5028,D272,R3444,Bangalore,Whitefield,Indiranagar,2023-10-22 12:07:00,2023-10-22 12:10:00,2023-10-22 12:33:00,7.4,167,Completed,
T5029,D186,R3366,Delhi,Connaught Place,Vasant Kunj,2023-10-17 10:03:00,2023-10-17 10:13:00,2023-10-17 10:49:00,12.8,311,Completed,
T5030,D248,R2321,Bangalore,HSR Layout,Indiranagar,2023-10-10 19:48:00,2023-10-10 20:01:00,2023-10-10 20:11:00,2.7,91,Completed,
T5031,D271,R3330,Delhi,Rohini,Saket,2023-10-05 21:20:00,2023-10-05 21:30:00,2023-10-05 22:32:00,19.6,518,Completed,
T5032,D109,R1685,Delhi,Connaught Place,Rohini,2023-10-27 04:43:00,2023-10-27 04:50:00,2023-10-27 05:07:00,5.0,166,Completed,
T5033,D308,R4068,Delhi,Connaught Place,Vasant Kunj,2023-10-13 13:35:00,2023-10-13 13:50:00,2023-10-13 14:58:00,21.9,437,Completed,
T5034,D308,R1222,Delhi,Dwarka,Connaught Place,2023-10-06 02:40:00,,,0.0,0.0,Cancelled,Other
T5035,D315,R3045,Mumbai,Juhu,Andheri,2023-10-30 11:13:00,2023-10-30 11:24:00,2023-10-30 12:36:00,20.9,491,Completed,
T5036,D342,R1057,Delhi,Saket,Vasant Kunj,2023-10-10 10:37:00,2023-10-10 10:47:00,2023-10-10 10:59:00,4.2,130,Completed,
T5037,D152,R4045,Bangalore,Koramangala,Indiranagar,2023-10-25 14:12:00,2023-10-25 14:26:00,2023-10-25 15:52:00,24.5,568,Completed,
T5038,D158,R1125,Bangalore,Indiranagar,Whitefield,2023-10-20 16:29:00,2023-10-20 16:36:00,2023-10-20 16:54:00,4.8,158,Completed,
T5039,D147,R4710,Bangalore,Whitefield,Indiranagar,2023-10-24 01:50:00,2023-10-24 02:01:00,2023-10-24 02:32:00,8.7,228,Completed,
T5040,D182,R3377,Bangalore,Jayanagar,Koramangala,2023-10-22 04:27:00,2023-10-22 04:33:00,2023-10-22 05:28:00,15.2,340,Completed,
T5041,D274,R4022,Delhi,Dwarka,Rohini,2023-10-17 11:26:00,2023-10-17 11:30:00,2023-10-17 12:39:00,17.4,457,Completed,
T5042,D110,R1300,Bangalore,Koramangala,Whitefield,2023-10-09 22:39:00,2023-10-09 22:43:00,2023-10-09 23:08:00,8.2,215,Completed,
T5043,D221,R4464,Bangalore,HSR Layout,Indiranagar,2023-10-22 22:20:00,2023-10-22 22:30:00,2023-10-22 23:03:00,12.2,325,Completed,
T5044,D241,R1974,Delhi,Saket,Connaught Place,2023-10-11 13:52:00,2023-10-11 14:05:00,2023-10-11 15:05:00,16.7,424,Completed,
T5045,D305,R4976,Delhi,Vasant Kunj,Rohini,2023-10-18 02:25:00,2023-10-18 02:33:00,2023-10-18 03:24:00,13.0,254,Completed,
T5046,D124,R4772,Delhi,Rohini,Vasant Kunj,2023-10-02 10:57:00,2023-10-02 11:12:00,2023-10-02 12:20:00,23.4,595,Completed,
T5047,D208,R1670,Mumbai,Juhu,Andheri,2023-10-25 09:02:00,2023-10-25 09:14:00,2023-10-25 10:26:00,24.0,474,Completed,
T5048,D106,R1190,Delhi,Connaught Place,Vasant Kunj,2023-10-30 23:08:00,,,0.0,0.0,Cancelled,Driver Not Found
T5049,D102,R4588,Bangalore,Indiranagar,Whitefield,2023-10-19 07:05:00,2023-10-19 07:08:00,2023-10-19 07:26:00,6.0,196,Completed,
T5050,D323,R2098,Bangalore,Koramangala,Indiranagar,2023-10-11 03:15:00,2023-10-11 03:21:00,2023-10-11 03:48:00,10.7,301,Completed,
T5051,D250,R4364,Mumbai,Andheri,Juhu,2023-10-26 02:02:00,2023-10-26 02:06:00,2023-10-26 03:09:00,17.1,345,Completed,
T5052,D103,R3751,Mumbai,Andheri,Juhu,2023-10-29 21:40:00,2023-10-29 21:50:00,2023-10-29 22:30:00,10.3,249,Completed,
T5053,D331,R2925,Bangalore,HSR Layout,Indiranagar,2023-10-19 18:49:00,2023-10-19 18:53:00,2023-10-19 20:15:00,21.6,553,Completed,
T5054,D185,R1559,Bangalore,Koramangala,HSR Layout,2023-10-19 10:15:00,2023-10-19 10:22:00,2023-10-19 11:15:00,16.0,409,Completed,
T5055,D115,R3340,Bangalore,Koramangala,Jayanagar,2023-10-07 21:58:00,2023-10-07 22:05:00,2023-10-07 22:30:00,8.6,196,Completed,
T5056,D161,R4189,Bangalore,HSR Layout,Whitefield,2023-10-21 11:22:00,2023-10-21 11:36:00,2023-10-21 12:55:00,22.4,552,Completed,
T5057,D243,R2125,Delhi,Connaught Place,Vasant Kunj,2023-10-21 21:17:00,,,0.0,0.0,Cancelled,Payment Issue
T5058,D200,R3465,Mumbai,Colaba,Juhu,2023-10-16 13:50:00,,,0.0,0.0,Cancelled,Driver Not Found
T5059,D342,R4918,Delhi,Connaught Place,Rohini,2023-10-26 22:03:00,2023-10-26 22:18:00,2023-10-26 23:10:00,16.6,356,Completed,
T5060,D196,R1690,Delhi,Dwarka,Saket,2023-10-07 06:12:00,2023-10-07 06:23:00,2023-10-07 07:18:00,21.2,557,Completed,
T5061,D257,R1272,Delhi,Dwarka,Rohini,2023-10-15 01:51:00,,,0.0,0.0,Cancelled,Driver Cancelled
T5062,D205,R2917,Bangalore,Koramangala,Jayanagar,2023-10-25 00:53:00,2023-10-25 00:59:00,2023-10-25 01:42:00,14.2,277,Completed,
T5063,D337,R1927,Delhi,Vasant Kunj,Saket,2023-10-09 03:40:00,2023-10-09 03:47:00,2023-10-09 04:16:00,11.0,278,Completed,
T5064,D315,R4706,Mumbai,Bandra,Colaba,2023-10-06 12:35:00,2023-10-06 12:46:00,2023-10-06 12:58:00,3.7,138,Completed,
T5065,D251,R4726,Bangalore,Indiranagar,Jayanagar,2023-10-17 03:14:00,2023-10-17 03:27:00,2023-10-17 04:00:00,8.6,184,Completed,
T5066,D340,R2487,Mumbai,Juhu,Bandra,2023-10-22 06:50:00,2023-10-22 06:54:00,2023-10-22 07:48:00,13.7,320,Completed,
T5067,D277,R3493,Mumbai,Andheri,Juhu,2023-10-28 22:29:00,2023-10-28 22:34:00,2023-10-28 23:51:00,22.3,570,Completed,
T5068,D282,R4715,Mumbai,Powai,Juhu,2023-10-24 20:00:00,2023-10-24 20:08:00,2023-10-24 21:13:00,17.2,318,Completed,
T5069,D151,R2525,Delhi,Connaught Place,Vasant Kunj,2023-10-18 23:39:00,2023-10-18 23:54:00,2023-10-19 01:03:00,23.7,411,Completed,
T5070,D185,R1240,Bangalore,HSR Layout,Whitefield,2023-10-16 03:11:00,2023-10-16 03:25:00,2023-10-16 03:56:00,10.6,288,Completed,
T5071,D302,R3837,Bangalore,Whitefield,Jayanagar,2023-10-03 06:34:00,2023-10-03 06:44:00,2023-10-03 07:12:00,7.6,181,Completed,
T5072,D194,R2282,Mumbai,Powai,Bandra,2023-10-19 12:15:00,2023-10-19 12:24:00,2023-10-19 12:53:00,10.1,294,Completed,
T5073,D246,R2083,Bangalore,Indiranagar,Koramangala,2023-10-01 19:08:00,2023-10-01 19:11:00,2023-10-01 19:30:00,5.0,155,Completed,
T5074,D224,R4856,Mumbai,Powai,Andheri,2023-10-10 01:12:00,2023-10-10 01:27:00,2023-10-10 02:39:00,23.3,402,Completed,
T5075,D195,R3610,Delhi,Rohini,Saket,2023-10-30 00:31:00,2023-10-30 00:39:00,2023-10-30 01:53:00,19.5,508,Completed,
T5076,D228,R4612,Mumbai,Bandra,Andheri,2023-10-01 11:43:00,2023-10-01 11:47:00,2023-10-01 12:15:00,10.6,228,Completed,
T5077,D259,R3840,Mumbai,Powai,Juhu,2023-10-02 19:58:00,2023-10-02 20:06:00,2023-10-02 20:17:00,3.7,140,Completed,
T5078,D173,R3473,Mumbai,Andheri,Juhu,2023-10-18 03:13:00,2023-10-18 03:15:00,2023-10-18 04:11:00,18.0,321,Completed,
T5079,D206,R3021,Bangalore,HSR Layout,Koramangala,2023-10-22 07:38:00,2023-10-22 07:52:00,2023-10-22 08:14:00,6.0,156,Completed,
T5080,D186,R4765,Delhi,Dwarka,Saket,2023-10-25 11:51:00,2023-10-25 12:01:00,2023-10-25 12:41:00,12.4,335,Completed,
T5081,D171,R3376,Delhi,Dwarka,Saket,2023-10-03 09:10:00,2023-10-03 09:15:00,2023-10-03 09:31:00,5.7,151,Completed,
T5082,D248,R2237,Bangalore,HSR Layout,Jayanagar,2023-10-30 09:03:00,2023-10-30 09:17:00,2023-10-30 09:24:00,2.4,91,Completed,
T5083,D238,R2279,Delhi,Connaught Place,Saket,2023-10-24 11:55:00,2023-10-24 11:58:00,2023-10-24 13:16:00,22.9,410,Completed,
T5084,D207,R3182,Delhi,Connaught Place,Saket,2023-10-09 18:32:00,2023-10-09 18:45:00,2023-10-09 19:56:00,19.9,515,Completed,
T5085,D112,R2286,Bangalore,Jayanagar,Koramangala,2023-10-26 04:39:00,2023-10-26 04:52:00,2023-10-26 05:21:00,11.0,318,Completed,
T5086,D223,R1321,Delhi,Dwarka,Connaught Place,2023-10-30 03:07:00,2023-10-30 03:19:00,2023-10-30 04:12:00,14.0,314,Completed,
T5087,D238,R3421,Delhi,Dwarka,Saket,2023-10-27 08:29:00,2023-10-27 08:33:00,2023-10-27 08:46:00,4.0,138,Completed,
T5088,D200,R3562,Mumbai,Bandra,Juhu,2023-10-07 13:32:00,2023-10-07 13:37:00,2023-10-07 14:02:00,9.2,228,Completed,
T5089,D175,R4939,Mumbai,Bandra,Juhu,2023-10-14 10:59:00,2023-10-14 11:08:00,2023-10-14 12:21:00,22.5,515,Completed,
T5090,D322,R1923,Bangalore,Jayanagar,Whitefield,2023-10-21 10:37:00,2023-10-21 10:46:00,2023-10-21 10:56:00,2.8,120,Completed,
T5091,D334,R1367,Mumbai,Colaba,Andheri,2023-10-07 19:08:00,2023-10-07 19:16:00,2023-10-07 20:06:00,17.6,448,Completed,
T5092,D168,R2937,Delhi,Dwarka,Connaught Place,2023-10-04 00:34:00,2023-10-04 00:46:00,2023-10-04 01:26:00,12.1,329,Completed,
T5093,D131,R2208,Delhi,Connaught Place,Rohini,2023-10-10 15:22:00,2023-10-10 15:33:00,2023-10-10 16:51:00,24.3,418,Completed,
T5094,D334,R4945,Mumbai,Andheri,Juhu,2023-10-26 13:15:00,,,0.0,0.0,Cancelled,Rider Cancelled
T5095,D166,R2028,Delhi,Rohini,Saket,2023-10-30 04:32:00,2023-10-30 04:42:00,2023-10-30 05:16:00,10.4,283,Completed,
T5096,D275,R3351,Delhi,Saket,Dwarka,2023-10-19 03:11:00,2023-10-19 03:14:00,2023-10-19 03:28:00,4.6,150,Completed,
T5097,D135,R1391,Mumbai,Powai,Juhu,2023-10-10 17:37:00,2023-10-10 17:40:00,2023-10-10 18:50:00,24.4,538,Completed,
T5098,D123,R4694,Bangalore,Indiranagar,Koramangala,2023-10-23 22:20:00,2023-10-23 22:27:00,2023-10-23 23:30:00,19.0,379,Completed,
T5099,D132,R4391,Delhi,Vasant Kunj,Rohini,2023-10-18 12:03:00,2023-10-18 12:06:00,2023-10-18 13:25:00,20.8,566,Completed,
T5100,D249,R2230,Bangalore,Indiranagar,Koramangala,2023-10-19 05:31:00,2023-10-19 05:45:00,2023-10-19 07:14:00,22.7,495,Completed,
T5101,D238,R3951,Delhi,Dwarka,Rohini,2023-10-29 21:08:00,2023-10-29 21:17:00,2023-10-29 21:43:00,8.0,227,Completed,
T5102,D199,R4399,Bangalore,Indiranagar,HSR Layout,2023-10-14 20:17:00,2023-10-14 20:30:00,2023-10-14 22:03:00,24.5,590,Completed,
T5103,D125,R2126,Delhi,Connaught Place,Saket,2023-10-22 22:46:00,,,0.0,0.0,Cancelled,Driver Not Found
T5104,D202,R3648,Bangalore,Whitefield,Jayanagar,2023-10-06 04:13:00,2023-10-06 04:25:00,2023-10-06 05:22:00,14.5,343,Completed,
T5105,D289,R4953,Delhi,Saket,Vasant Kunj,2023-10-17 04:05:00,2023-10-17 04:13:00,2023-10-17 04:59:00,15.1,348,Completed,
T5106,D238,R4165,Delhi,Dwarka,Saket,2023-10-22 13:33:00,2023-10-22 13:35:00,2023-10-22 14:34:00,23.8,566,Completed,
T5107,D194,R3168,Mumbai,Andheri,Powai,2023-10-25 17:51:00,2023-10-25 18:04:00,2023-10-25 18:28:00,6.3,177,Completed,
T5108,D281,R1951,Mumbai,Andheri,Colaba,2023-10-15 23:37:00,2023-10-15 23:47:00,2023-10-16 00:43:00,21.9,433,Completed,
T5109,D283,R3148,Bangalore,Koramangala,Jayanagar,2023-10-01 08:04:00,2023-10-01 08:08:00,2023-10-01 09:29:00,21.2,521,Completed,
T5110,D196,R4149,Delhi,Rohini,Connaught Place,2023-10-03 05:56:00,2023-10-03 06:00:00,2023-10-03 06:10:00,3.3,107,Completed,
T5111,D309,R2651,Mumbai,Colaba,Andheri,2023-10-08 09:04:00,2023-10-08 09:08:00,2023-10-08 09:43:00,13.5,297,Completed,
T5112,D208,R3071,Mumbai,Colaba,Powai,2023-10-23 05:47:00,2023-10-23 05:49:00,2023-10-23 06:21:00,8.5,239,Completed,
T5113,D211,R2979,Delhi,Rohini,Dwarka,2023-10-17 09:52:00,2023-10-17 10:03:00,2023-10-17 10:21:00,5.1,157,Completed,
T5114,D175,R2674,Mumbai,Colaba,Juhu,2023-10-16 03:24:00,2023-10-16 03:39:00,2023-10-16 04:11:00,12.2,242,Completed,
T5115,D251,R4401,Bangalore,Whitefield,HSR Layout,2023-10-07 08:42:00,2023-10-07 08:54:00,2023-10-07 09:49:00,14.4,298,Completed,
T5116,D160,R3633,Delhi,Dwarka,Rohini,2023-10-16 11:20:00,2023-10-16 11:22:00,2023-10-16 11:31:00,3.3,126,Completed,
T5117,D203,R2841,Mumbai,Andheri,Juhu,2023-10-08 21:24:00,2023-10-08 21:34:00,2023-10-08 21:47:00,3.8,125,Completed,
T5118,D340,R3465,Mumbai,Andheri,Bandra,2023-10-20 01:09:00,2023-10-20 01:23:00,2023-10-20 02:33:00,21.5,424,Completed,
T5119,D233,R3918,Delhi,Saket,Dwarka,2023-10-17 14:56:00,2023-10-17 15:05:00,2023-10-17 15:29:00,6.5,163,Completed,
T5120,D286,R2216,Delhi,Dwarka,Vasant Kunj,2023-10-01 17:11:00,2023-10-01 17:13:00,2023-10-01 18:17:00,19.8,391,Completed,
T5121,D325,R1407,Bangalore,Jayanagar,HSR Layout,2023-10-02 01:40:00,2023-10-02 01:51:00,2023-10-02 02:57:00,17.5,336,Completed,
T5122,D109,R2178,Delhi,Rohini,Dwarka,2023-10-13 02:32:00,2023-10-13 02:45:00,2023-10-13 03:12:00,10.9,302,Completed,
T5123,D330,R1192,Delhi,Rohini,Connaught Place,2023-10-25 18:00:00,2023-10-25 18:08:00,2023-10-25 18:17:00,3.8,126,Completed,
T5124,D242,R3867,Bangalore,Jayanagar,Koramangala,2023-10-23 03:52:00,2023-10-23 04:04:00,2023-10-23 04:58:00,19.9,373,Completed,
T5125,D207,R4756,Delhi,Vasant Kunj,Rohini,2023-10-13 10:56:00,2023-10-13 11:10:00,2023-10-13 11:32:00,6.7,177,Completed,
T5126,D112,R4488,Bangalore,Jayanagar,Indiranagar,2023-10-13 00:56:00,2023-10-13 01:05:00,2023-10-13 02:10:00,17.2,310,Completed,
T5127,D336,R2908,Delhi,Dwarka,Rohini,2023-10-10 05:03:00,,,0.0,0.0,Cancelled,Driver Not Found
T5128,D161,R2539,Bangalore,HSR Layout,Jayanagar,2023-10-29 19:52:00,2023-10-29 20:00:00,2023-10-29 20:34:00,9.0,206,Completed,
T5129,D214,R3613,Mumbai,Andheri,Powai,2023-10-02 19:29:00,2023-10-02 19:39:00,2023-10-02 20:27:00,14.6,385,Completed,
T5130,D193,R1350,Mumbai,Juhu,Powai,2023-10-12 11:36:00,2023-10-12 11:43:00,2023-10-12 12:02:00,7.2,197,Completed,
T5131,D125,R1045,Delhi,Connaught Place,Dwarka,2023-10-28 01:51:00,2023-10-28 01:56:00,2023-10-28 02:08:00,3.4,109,Completed,
T5132,D248,R3197,Bangalore,Indiranagar,Koramangala,2023-10-01 03:53:00,2023-10-01 03:58:00,2023-10-01 05:23:00,22.8,617,Completed,
T5133,D181,R1734,Delhi,Saket,Dwarka,2023-10-01 14:16:00,2023-10-01 14:29:00,2023-10-01 15:06:00,13.3,283,Completed,
T5134,D255,R4651,Mumbai,Juhu,Colaba,2023-10-01 13:00:00,,,0.0,0.0,Cancelled,Driver Cancelled
T5135,D210,R2036,Mumbai,Colaba,Juhu,2023-10-30 20:54:00,2023-10-30 21:02:00,2023-10-30 21:18:00,6.2,177,Completed,
T5136,D287,R1988,Bangalore,Indiranagar,Jayanagar,2023-10-28 08:53:00,2023-10-28 09:05:00,2023-10-28 10:24:00,22.0,412,Completed,
T5137,D333,R4999,Delhi,Connaught Place,Dwarka,2023-10-21 10:22:00,2023-10-21 10:26:00,2023-10-21 10:46:00,7.4,196,Completed,
T5138,D152,R4035,Bangalore,Whitefield,Jayanagar,2023-10-06 20:52:00,2023-10-06 21:01:00,2023-10-06 22:10:00,21.5,391,Completed,
T5139,D125,R2679,Delhi,Rohini,Connaught Place,2023-10-24 12:18:00,2023-10-24 12:27:00,2023-10-24 13:00:00,12.3,293,Completed,
T5140,D205,R3463,Bangalore,Koramangala,Whitefield,2023-10-21 01:46:00,2023-10-21 01:58:00,2023-10-21 03:23:00,24.6,636,Completed,
T5141,D156,R4044,Delhi,Dwarka,Saket,2023-10-04 00:35:00,,,0.0,0.0,Cancelled,Rider Cancelled
T5142,D178,R2293,Mumbai,Juhu,Andheri,2023-10-20 13:38:00,2023-10-20 13:43:00,2023-10-20 14:48:00,17.2,352,Completed,
T5143,D279,R4339,Bangalore,Jayanagar,Koramangala,2023-10-06 07:02:00,2023-10-06 07:06:00,2023-10-06 07:33:00,7.0,212,Completed,
T5144,D244,R4710,Mumbai,Bandra,Powai,2023-10-04 05:17:00,2023-10-04 05:24:00,2023-10-04 05:47:00,8.4,198,Completed,
T5145,D350,R2789,Delhi,Vasant Kunj,Connaught Place,2023-10-18 20:30:00,2023-10-18 20:33:00,2023-10-18 21:24:00,17.7,318,Completed,
T5146,D222,R1302,Bangalore,Koramangala,HSR Layout,2023-10-22 13:48:00,2023-10-22 13:58:00,2023-10-22 14:45:00,12.6,313,Completed,
T5147,D216,R2246,Mumbai,Bandra,Colaba,2023-10-29 19:49:00,2023-10-29 20:04:00,2023-10-29 21:31:00,22.0,469,Completed,
T5148,D110,R4412,Bangalore,Jayanagar,HSR Layout,2023-10-29 13:16:00,,,0.0,0.0,Cancelled,Driver Cancelled
T5149,D329,R2033,Delhi,Rohini,Saket,2023-10-07 15:41:00,2023-10-07 15:46:00,2023-10-07 16:34:00,12.3,253,Completed,
T5150,D271,R1342,Delhi,Dwarka,Rohini,2023-10-01 17:09:00,2023-10-01 17:13:00,2023-10-01 18:26:00,18.8,462,Completed,
T5151,D233,R4837,Delhi,Dwarka,Saket,2023-10-13 17:03:00,,,0.0,0.0,Cancelled,Driver Cancelled
T5152,D197,R3027,Delhi,Saket,Rohini,2023-10-14 10:22:00,2023-10-14 10:27:00,2023-10-14 11:22:00,21.6,541,Completed,
T5153,D262,R4511,Delhi,Saket,Dwarka,2023-10-18 19:55:00,2023-10-18 20:09:00,2023-10-18 20:57:00,14.6,298,Completed,
T5154,D164,R2417,Mumbai,Colaba,Powai,2023-10-26 21:16:00,2023-10-26 21:29:00,2023-10-26 22:34:00,19.2,477,Completed,
T5155,D200,R1592,Mumbai,Colaba,Andheri,2023-10-01 17:40:00,2023-10-01 17:42:00,2023-10-01 18:57:00,21.8,463,Completed,
T5156,D223,R2186,Delhi,Connaught Place,Saket,2023-10-12 23:57:00,2023-10-13 00:03:00,2023-10-13 00:57:00,17.3,400,Completed,
T5157,D239,R4982,Delhi,Vasant Kunj,Rohini,2023-10-14 10:22:00,2023-10-14 10:28:00,2023-10-14 11:10:00,16.8,407,Completed,
T5158,D157,R3066,Bangalore,Koramangala,Whitefield,2023-10-20 22:33:00,2023-10-20 22:48:00,2023-10-20 23:11:00,6.6,209,Completed,
T5159,D110,R3065,Bangalore,Indiranagar,Jayanagar,2023-10-21 15:06:00,,,0.0,0.0,Cancelled,Driver Cancelled
T5160,D349,R2071,Delhi,Dwarka,Saket,2023-10-19 16:17:00,2023-10-19 16:27:00,2023-10-19 17:26:00,18.3,363,Completed,
T5161,D308,R2832,Delhi,Rohini,Dwarka,2023-10-18 19:13:00,2023-10-18 19:15:00,2023-10-18 19:26:00,4.3,141,Completed,
T5162,D340,R4319,Mumbai,Powai,Juhu,2023-10-17 08:28:00,2023-10-17 08:43:00,2023-10-17 09:28:00,13.2,275,Completed,
T5163,D258,R2705,Delhi,Connaught Place,Saket,2023-10-17 19:23:00,2023-10-17 19:28:00,2023-10-17 19:43:00,5.7,143,Completed,
T5164,D196,R1951,Delhi,Vasant Kunj,Dwarka,2023-10-28 05:20:00,2023-10-28 05:30:00,2023-10-28 05:49:00,6.0,144,Completed,
T5165,D169,R2513,Delhi,Connaught Place,Vasant Kunj,2023-10-27 18:08:00,2023-10-27 18:13:00,2023-10-27 18:34:00,6.3,146,Completed,
T5166,D302,R2891,Bangalore,Jayanagar,Koramangala,2023-10-05 09:53:00,2023-10-05 10:01:00,2023-10-05 10:42:00,13.2,324,Completed,
T5167,D169,R1265,Delhi,Saket,Connaught Place,2023-10-29 17:46:00,2023-10-29 17:51:00,2023-10-29 18:36:00,11.9,273,Completed,
T5168,D150,R3784,Mumbai,Powai,Bandra,2023-10-06 03:43:00,2023-10-06 03:45:00,2023-10-06 04:42:00,16.3,442,Completed,
T5169,D174,R2903,Mumbai,Andheri,Bandra,2023-10-15 04:43:00,,,0.0,0.0,Cancelled,Driver Cancelled
T5170,D183,R3599,Mumbai,Powai,Colaba,2023-10-28 05:11:00,2023-10-28 05:19:00,2023-10-28 05:55:00,9.5,277,Completed,
T5171,D106,R3068,Delhi,Dwarka,Vasant Kunj,2023-10-29 15:42:00,2023-10-29 15:52:00,2023-10-29 17:07:00,23.4,473,Completed,
T5172,D140,R4069,Mumbai,Powai,Bandra,2023-10-26 04:31:00,2023-10-26 04:46:00,2023-10-26 06:01:00,21.5,468,Completed,
T5173,D129,R3833,Delhi,Rohini,Dwarka,2023-10-17 18:19:00,2023-10-17 18:23:00,2023-10-17 18:48:00,6.9,216,Completed,
T5174,D310,R3819,Delhi,Rohini,Connaught Place,2023-10-09 16:51:00,2023-10-09 17:01:00,2023-10-09 17:26:00,6.5,190,Completed,
T5175,D230,R2050,Bangalore,Indiranagar,Koramangala,2023-10-29 16:04:00,2023-10-29 16:08:00,2023-10-29 16:26:00,6.0,200,Completed,
T5176,D230,R4253,Bangalore,Whitefield,HSR Layout,2023-10-16 10:05:00,2023-10-16 10:08:00,2023-10-16 10:19:00,2.9,107,Completed,
T5177,D350,R4650,Delhi,Dwarka,Connaught Place,2023-10-15 01:18:00,2023-10-15 01:23:00,2023-10-15 02:39:00,21.8,525,Completed,
T5178,D174,R4566,Mumbai,Bandra,Andheri,2023-10-24 19:22:00,2023-10-24 19:35:00,2023-10-24 20:20:00,11.8,238,Completed,
T5179,D324,R3035,Mumbai,Colaba,Powai,2023-10-04 17:50:00,2023-10-04 18:03:00,2023-10-04 18:25:00,5.7,143,Completed,
T5180,D234,R3943,Delhi,Rohini,Saket,2023-10-28 15:00:00,2023-10-28 15:08:00,2023-10-28 15:44:00,10.0,262,Completed,
T5181,D140,R4821,Mumbai,Juhu,Bandra,2023-10-08 15:49:00,2023-10-08 15:55:00,2023-10-08 16:52:00,17.1,438,Completed,
T5182,D186,R3072,Delhi,Saket,Rohini,2023-10-02 07:53:00,2023-10-02 08:02:00,2023-10-02 08:59:00,22.3,486,Completed,
T5183,D216,R2342,Mumbai,Colaba,Powai,2023-10-17 08:31:00,2023-10-17 08:33:00,2023-10-17 09:45:00,24.4,576,Completed,
T5184,D131,R3811,Delhi,Saket,Dwarka,2023-10-29 07:17:00,2023-10-29 07:32:00,2023-10-29 07:38:00,2.1,94,Completed,
T5185,D335,R2902,Delhi,Saket,Connaught Place,2023-10-29 22:40:00,2023-10-29 22:54:00,2023-10-29 23:50:00,15.9,431,Completed,
T5186,D194,R3164,Mumbai,Bandra,Powai,2023-10-26 04:11:00,,,0.0,0.0,Cancelled,Driver Not Found
T5187,D221,R3620,Bangalore,Whitefield,Indiranagar,2023-10-10 12:49:00,,,0.0,0.0,Cancelled,Driver Cancelled
T5188,D202,R1050,Bangalore,Jayanagar,Whitefield,2023-10-06 23:26:00,2023-10-06 23:38:00,2023-10-06 23:59:00,7.8,169,Completed,
T5189,D253,R1048,Bangalore,Indiranagar,HSR Layout,2023-10-22 19:46:00,2023-10-22 19:49:00,2023-10-22 20:47:00,18.9,469,Completed,
T5190,D151,R3492,Delhi,Rohini,Vasant Kunj,2023-10-14 16:47:00,,,0.0,0.0,Cancelled,Driver Not Found
T5191,D252,R3469,Bangalore,Jayanagar,HSR Layout,2023-10-17 05:21:00,2023-10-17 05:28:00,2023-10-17 06:30:00,24.1,572,Completed,
T5192,D171,R3611,Delhi,Dwarka,Vasant Kunj,2023-10-21 22:40:00,2023-10-21 22:43:00,2023-10-21 23:34:00,20.5,385,Completed,
T5193,D176,R4429,Delhi,Dwarka,Saket,2023-10-10 17:32:00,2023-10-10 17:36:00,2023-10-10 18:34:00,14.8,343,Completed,
T5194,D290,R3669,Bangalore,HSR Layout,Jayanagar,2023-10-12 22:46:00,2023-10-12 23:00:00,2023-10-12 23:36:00,12.6,326,Completed,
T5195,D181,R1467,Delhi,Vasant Kunj,Saket,2023-10-12 00:03:00,,,0.0,0.0,Cancelled,Driver Cancelled
T5196,D254,R1665,Bangalore,Jayanagar,Indiranagar,2023-10-15 08:18:00,2023-10-15 08:20:00,2023-10-15 09:23:00,20.5,412,Completed,
T5197,D109,R3238,Delhi,Saket,Rohini,2023-10-06 09:20:00,,,0.0,0.0,Cancelled,Other
T5198,D261,R1675,Delhi,Dwarka,Saket,2023-10-15 15:44:00,2023-10-15 15:49:00,2023-10-15 15:58:00,2.7,111,Completed,
T5199,D235,R2494,Delhi,Connaught Place,Dwarka,2023-10-13 01:14:00,,,0.0,0.0,Cancelled,Driver Cancelled
T5200,D295,R4790,Mumbai,Juhu,Bandra,2023-10-22 02:45:00,2023-10-22 02:48:00,2023-10-22 03:10:00,8.3,177,Completed,
T5201,D247,R4155,Bangalore,Indiranagar,HSR Layout,2023-10-13 12:32:00,2023-10-13 12:44:00,2023-10-13 13:36:00,15.4,353,Completed,
T5202,D204,R4996,Bangalore,HSR Layout,Indiranagar,2023-10-19 08:30:00,,,0.0,0.0,Cancelled,Driver Cancelled
T5203,D242,R1668,Bangalore,HSR Layout,Jayanagar,2023-10-28 10:21:00,2023-10-28 10:33:00,2023-10-28 10:53:00,5.8,142,Completed,
T5204,D217,R2901,Delhi,Vasant Kunj,Rohini,2023-10-24 18:28:00,2023-10-24 18:40:00,2023-10-24 19:27:00,14.0,262,Completed,
T5205,D276,R2967,Mumbai,Juhu,Bandra,2023-10-13 00:11:00,2023-10-13 00:15:00,2023-10-13 00:55:00,12.9,336,Completed,
T5206,D323,R2258,Bangalore,Indiranagar,Whitefield,2023-10-18 17:05:00,2023-10-18 17:12:00,2023-10-18 17:43:00,9.9,228,Completed,
T5207,D236,R1549,Mumbai,Powai,Colaba,2023-10-05 12:46:00,2023-10-05 13:00:00,2023-10-05 13:35:00,12.1,303,Completed,
T5208,D241,R4161,Delhi,Connaught Place,Rohini,2023-10-16 04:09:00,2023-10-16 04:20:00,2023-10-16 04:39:00,7.0,180,Completed,
T5209,D169,R2201,Delhi,Rohini,Dwarka,2023-10-22 13:18:00,2023-10-22 13:22:00,2023-10-22 13:45:00,7.3,212,Completed,
T5210,D154,R4803,Delhi,Dwarka,Rohini,2023-10-23 19:41:00,2023-10-23 19:49:00,2023-10-23 20:51:00,23.8,509,Completed,
T5211,D262,R4801,Delhi,Connaught Place,Dwarka,2023-10-10 19:07:00,2023-10-10 19:21:00,2023-10-10 20:31:00,22.8,582,Completed,
T5212,D321,R2012,Mumbai,Colaba,Bandra,2023-10-04 22:41:00,2023-10-04 22:46:00,2023-10-04 23:51:00,21.2,526,Completed,
T5213,D184,R3271,Mumbai,Juhu,Andheri,2023-10-03 23:43:00,2023-10-03 23:55:00,2023-10-04 00:13:00,6.7,155,Completed,
T5214,D269,R4854,Mumbai,Bandra,Andheri,2023-10-11 21:11:00,,,0.0,0.0,Cancelled,Rider Cancelled
T5215,D309,R3813,Mumbai,Andheri,Juhu,2023-10-26 09:13:00,2023-10-26 09:15:00,2023-10-26 10:18:00,22.9,463,Completed,
T5216,D324,R2740,Mumbai,Colaba,Andheri,2023-10-05 18:42:00,2023-10-05 18:55:00,2023-10-05 20:22:00,23.4,523,Completed,
T5217,D187,R2678,Bangalore,Indiranagar,Whitefield,2023-10-29 03:45:00,2023-10-29 03:51:00,2023-10-29 05:07:00,24.9,598,Completed,
T5218,D287,R2276,Bangalore,Whitefield,Jayanagar,2023-10-13 06:44:00,2023-10-13 06:59:00,2023-10-13 07:46:00,18.7,411,Completed,
T5219,D171,R3912,Delhi,Vasant Kunj,Saket,2023-10-04 22:16:00,2023-10-04 22:29:00,2023-10-04 22:56:00,8.7,199,Completed,
T5220,D217,R2365,Delhi,Dwarka,Rohini,2023-10-09 19:07:00,2023-10-09 19:20:00,2023-10-09 19:48:00,10.5,270,Completed,
T5221,D132,R1248,Delhi,Vasant Kunj,Dwarka,2023-10-22 23:12:00,2023-10-22 23:15:00,2023-10-23 00:38:00,23.5,580,Completed,
T5222,D148,R2174,Bangalore,Whitefield,HSR Layout,2023-10-23 23:56:00,2023-10-24 00:08:00,2023-10-24 00:46:00,11.5,283,Completed,
T5223,D155,R1729,Mumbai,Powai,Juhu,2023-10-06 16:09:00,2023-10-06 16:16:00,2023-10-06 16:53:00,10.2,288,Completed,
T5224,D294,R3189,Delhi,Dwarka,Saket,2023-10-04 23:48:00,2023-10-04 23:54:00,2023-10-05 00:48:00,18.5,471,Completed,
T5225,D151,R2864,Delhi,Vasant Kunj,Dwarka,2023-10-07 03:53:00,,,0.0,0.0,Cancelled,Driver Cancelled
T5226,D108,R3723,Delhi,Rohini,Saket,2023-10-03 17:26:00,,,0.0,0.0,Cancelled,Driver Not Found
T5227,D126,R2520,Mumbai,Colaba,Andheri,2023-10-24 22:26:00,2023-10-24 22:32:00,2023-10-24 23:42:00,24.0,532,Completed,
T5228,D202,R1007,Bangalore,Jayanagar,HSR Layout,2023-10-11 13:15:00,,,0.0,0.0,Cancelled,Driver Not Found
T5229,D235,R4866,Delhi,Connaught Place,Saket,2023-10-09 13:23:00,2023-10-09 13:38:00,2023-10-09 14:33:00,15.3,341,Completed,
T5230,D338,R4297,Delhi,Rohini,Dwarka,2023-10-03 20:10:00,2023-10-03 20:16:00,2023-10-03 21:11:00,20.3,456,Completed,
T5231,D342,R4556,Delhi,Saket,Connaught Place,2023-10-23 21:59:00,2023-10-23 22:02:00,2023-10-23 22:12:00,2.9,102,Completed,
T5232,D116,R3671,Bangalore,Whitefield,Koramangala,2023-10-03 11:13:00,2023-10-03 11:26:00,2023-10-03 11:37:00,3.7,120,Completed,
T5233,D255,R4064,Mumbai,Andheri,Colaba,2023-10-05 03:05:00,2023-10-05 03:18:00,2023-10-05 03:28:00,3.9,133,Completed,
T5234,D322,R2559,Bangalore,HSR Layout,Whitefield,2023-10-27 04:59:00,2023-10-27 05:02:00,2023-10-27 06:04:00,24.3,438,Completed,
T5235,D186,R1426,Delhi,Dwarka,Connaught Place,2023-10-12 19:52:00,,,0.0,0.0,Cancelled,Driver Cancelled
T5236,D249,R1309,Bangalore,Whitefield,Jayanagar,2023-10-03 09:51:00,2023-10-03 10:06:00,2023-10-03 11:13:00,24.8,584,Completed,
T5237,D232,R3603,Delhi,Saket,Rohini,2023-10-27 02:31:00,2023-10-27 02:43:00,2023-10-27 03:54:00,21.3,503,Completed,
T5238,D157,R3064,Bangalore,HSR Layout,Koramangala,2023-10-28 08:42:00,2023-10-28 08:55:00,2023-10-28 10:17:00,23.4,413,Completed,
T5239,D125,R2036,Delhi,Connaught Place,Rohini,2023-10-23 16:08:00,2023-10-23 16:16:00,2023-10-23 16:42:00,7.6,229,Completed,
T5240,D221,R2421,Bangalore,Koramangala,Whitefield,2023-10-11 05:43:00,2023-10-11 05:52:00,2023-10-11 06:45:00,20.4,423,Completed,
T5241,D158,R4510,Bangalore,HSR Layout,Whitefield,2023-10-11 07:06:00,2023-10-11 07:18:00,2023-10-11 07:29:00,4.1,136,Completed,
T5242,D282,R3728,Mumbai,Bandra,Powai,2023-10-17 03:50:00,2023-10-17 03:55:00,2023-10-17 04:57:00,24.3,551,Completed,
T5243,D107,R3125,Mumbai,Andheri,Bandra,2023-10-08 08:02:00,2023-10-08 08:07:00,2023-10-08 08:18:00,4.2,133,Completed,
T5244,D236,R2641,Mumbai,Andheri,Juhu,2023-10-26 03:39:00,2023-10-26 03:53:00,2023-10-26 04:55:00,15.7,440,Completed,
T5245,D101,R2082,Delhi,Rohini,Connaught Place,2023-10-15 17:44:00,2023-10-15 17:46:00,2023-10-15 18:24:00,10.3,265,Completed,
T5246,D254,R3899,Bangalore,Koramangala,Indiranagar,2023-10-13 07:23:00,2023-10-13 07:34:00,2023-10-13 08:27:00,16.0,345,Completed,
T5247,D104,R4877,Delhi,Dwarka,Saket,2023-10-02 23:19:00,2023-10-02 23:21:00,2023-10-02 23:32:00,3.5,123,Completed,
T5248,D289,R3933,Delhi,Rohini,Connaught Place,2023-10-15 09:35:00,,,0.0,0.0,Cancelled,Driver Not Found
T5249,D199,R1821,Bangalore,Indiranagar,HSR Layout,2023-10-22 06:14:00,2023-10-22 06:25:00,2023-10-22 07:06:00,16.4,308,Completed,
T5250,D271,R4492,Delhi,Connaught Place,Rohini,2023-10-26 21:49:00,,2023-10-26 22:05:00,2.4,100,Completed,
T5251,D241,R2410,Delhi,Vasant Kunj,Rohini,2023-10-30 23:05:00,2023-10-30 23:13:00,2023-10-30 23:36:00,7.9,203,Completed,
T5252,D294,R3827,Delhi,Vasant Kunj,Saket,2023-10-25 05:21:00,2023-10-25 05:29:00,2023-10-25 06:26:00,16.5,382,Completed,
T5253,D220,R2079,Delhi,Rohini,Vasant Kunj,2023-10-19 06:18:00,2023-10-19 06:23:00,2023-10-19 06:58:00,11.7,254,Completed,
T5254,D248,R3494,Bangalore,Whitefield,HSR Layout,2023-10-10 16:39:00,2023-10-10 16:50:00,2023-10-10 17:04:00,5.8,144,Completed,
T5255,D213,R1987,Mumbai,Juhu,Andheri,2023-10-11 18:37:00,,,0.0,0.0,Cancelled,Rider Cancelled
T5256,D290,R2666,Bangalore,Indiranagar,Koramangala,2023-10-19 08:11:00,2023-10-19 08:14:00,2023-10-19 09:41:00,24.1,591,Completed,
T5257,D250,R3475,Mumbai,Colaba,Bandra,2023-10-07 09:30:00,2023-10-07 09:38:00,2023-10-07 10:22:00,14.1,367,Completed,
T5258,D144,R3314,Mumbai,Andheri,Colaba,2023-10-06 05:37:00,2023-10-06 05:49:00,2023-10-06 06:30:00,12.0,271,Completed,
T5259,D207,R3288,Delhi,Rohini,Saket,2023-10-03 15:04:00,2023-10-03 15:06:00,2023-10-03 15:56:00,14.5,280,Completed,
T5260,D332,R1868,Mumbai,Andheri,Powai,2023-10-11 00:10:00,2023-10-11 00:21:00,2023-10-11 00:48:00,10.9,267,Completed,
T5261,D283,R3211,Bangalore,Whitefield,Indiranagar,2023-10-03 17:55:00,2023-10-03 18:01:00,2023-10-03 18:55:00,15.6,368,Completed,
T5262,D266,R3335,Mumbai,Andheri,Powai,2023-10-13 05:55:00,2023-10-13 05:59:00,2023-10-13 07:05:00,24.4,621,Completed,
T5263,D113,R4812,Delhi,Saket,Connaught Place,2023-10-11 22:14:00,2023-10-11 22:28:00,2023-10-11 23:15:00,17.4,401,Completed,
T5264,D328,R3011,Delhi,Connaught Place,Saket,2023-10-03 00:14:00,2023-10-03 00:25:00,2023-10-03 01:37:00,21.2,468,Completed,
T5265,D224,R2189,Mumbai,Colaba,Bandra,2023-10-13 05:18:00,2023-10-13 05:20:00,2023-10-13 05:58:00,13.6,385,Completed,
T5266,D127,R1523,Mumbai,Andheri,Powai,2023-10-10 16:16:00,,,0.0,0.0,Cancelled,Payment Issue
T5267,D151,R1065,Delhi,Saket,Connaught Place,2023-10-26 22:19:00,2023-10-26 22:29:00,2023-10-26 23:10:00,14.3,272,Completed,
T5268,D227,R4472,Mumbai,Juhu,Colaba,2023-10-15 04:58:00,2023-10-15 05:09:00,2023-10-15 05:19:00,3.6,126,Completed,
T5269,D349,R2572,Delhi,Saket,Dwarka,2023-10-10 07:22:00,2023-10-10 07:35:00,2023-10-10 08:32:00,20.2,467,Completed,
T5270,D241,R4246,Delhi,Saket,Vasant Kunj,2023-10-23 10:36:00,2023-10-23 10:50:00,2023-10-23 12:10:00,24.3,646,Completed,
T5271,D247,R3803,Bangalore,HSR Layout,Whitefield,2023-10-28 02:13:00,2023-10-28 02:15:00,2023-10-28 03:30:00,20.3,419,Completed,
T5272,D129,R2162,Delhi,Rohini,Vasant Kunj,2023-10-29 22:13:00,2023-10-29 22:28:00,2023-10-29 23:09:00,11.2,265,Completed,
T5273,D334,R1790,Mumbai,Colaba,Bandra,2023-10-10 09:45:00,2023-10-10 09:53:00,2023-10-10 10:01:00,3.2,128,Completed,
T5274,D147,R3919,Bangalore,HSR Layout,Whitefield,2023-10-01 19:49:00,2023-10-01 19:51:00,2023-10-01 19:59:00,3.4,133,Completed,
T5275,D238,R4961,Delhi,Rohini,Saket,2023-10-19 13:02:00,2023-10-19 13:15:00,2023-10-19 14:26:00,24.5,645,Completed,
T5276,D332,R4182,Mumbai,Bandra,Andheri,2023-10-08 02:52:00,2023-10-08 03:02:00,2023-10-08 03:40:00,13.9,290,Completed,
T5277,D125,R1786,Delhi,Dwarka,Connaught Place,2023-10-30 16:59:00,2023-10-30 17:09:00,2023-10-30 18:02:00,20.1,377,Completed,
T5278,D304,R1587,Mumbai,Colaba,Bandra,2023-10-20 00:35:00,2023-10-20 00:42:00,2023-10-20 01:43:00,22.9,421,Completed,
T5279,D299,R2687,Mumbai,Bandra,Powai,2023-10-14 20:08:00,2023-10-14 20:21:00,2023-10-14 21:50:00,24.9,450,Completed,
T5280,D192,R3652,Delhi,Connaught Place,Dwarka,2023-10-01 03:52:00,2023-10-01 03:58:00,2023-10-01 04:33:00,12.7,333,Completed,
T5281,D236,R4237,Mumbai,Bandra,Powai,2023-10-30 12:03:00,2023-10-30 12:17:00,2023-10-30 13:26:00,19.8,420,Completed,
T5282,D180,R3942,Bangalore,Indiranagar,Koramangala,2023-10-20 16:34:00,2023-10-20 16:41:00,2023-10-20 17:38:00,20.2,464,Completed,
T5283,D316,R4666,Bangalore,Jayanagar,HSR Layout,2023-10-29 07:27:00,2023-10-29 07:40:00,2023-10-29 08:24:00,15.3,305,Completed,
T5284,D186,R3092,Delhi,Vasant Kunj,Dwarka,2023-10-02 04:41:00,2023-10-02 04:51:00,2023-10-02 05:16:00,8.0,187,Completed,
T5285,D332,R2442,Mumbai,Bandra,Juhu,2023-10-04 03:14:00,2023-10-04 03:18:00,2023-10-04 03:33:00,4.4,117,Completed,
T5286,D142,R4492,Mumbai,Colaba,Powai,2023-10-06 00:35:00,2023-10-06 00:48:00,2023-10-06 01:04:00,4.8,163,Completed,
T5287,D189,R4960,Delhi,Saket,Rohini,2023-10-04 12:18:00,2023-10-04 12:25:00,2023-10-04 13:27:00,23.6,454,Completed,
T5288,D296,R2185,Bangalore,Jayanagar,Koramangala,2023-10-24 10:00:00,2023-10-24 10:11:00,2023-10-24 11:18:00,17.8,491,Completed,
T5289,D243,R3661,Delhi,Dwarka,Connaught Place,2023-10-10 18:47:00,2023-10-10 18:55:00,2023-10-10 19:46:00,17.1,459,Completed,
T5290,D334,R4696,Mumbai,Bandra,Colaba,2023-10-03 13:07:00,2023-10-03 13:22:00,2023-10-03 13:48:00,6.7,165,Completed,
T5291,D247,R3902,Bangalore,Indiranagar,Jayanagar,2023-10-09 15:40:00,2023-10-09 15:48:00,2023-10-09 16:28:00,11.5,317,Completed,
T5292,D102,R4283,Bangalore,Koramangala,Whitefield,2023-10-16 07:42:00,2023-10-16 07:44:00,2023-10-16 07:59:00,5.3,152,Completed,
T5293,D296,R1363,Bangalore,Whitefield,HSR Layout,2023-10-14 17:45:00,2023-10-14 17:54:00,2023-10-14 19:13:00,20.3,518,Completed,
T5294,D305,R3859,Delhi,Rohini,Connaught Place,2023-10-08 01:08:00,2023-10-08 01:14:00,2023-10-08 01:56:00,14.6,296,Completed,
T5295,D294,R3042,Delhi,Dwarka,Vasant Kunj,2023-10-06 16:28:00,2023-10-06 16:40:00,2023-10-06 17:56:00,21.7,384,Completed,
T5296,D103,R4913,Mumbai,Bandra,Powai,2023-10-10 11:20:00,2023-10-10 11:23:00,2023-10-10 11:38:00,5.1,131,Completed,
T5297,D103,R3552,Mumbai,Juhu,Bandra,2023-10-10 01:35:00,2023-10-10 01:37:00,2023-10-10 03:04:00,22.9,585,Completed,
T5298,D254,R3749,Bangalore,Koramangala,Indiranagar,2023-10-23 00:46:00,2023-10-23 00:49:00,2023-10-23 02:00:00,23.5,459,Completed,
T5299,D316,R4538,Bangalore,HSR Layout,Whitefield,2023-10-28 21:34:00,2023-10-28 21:49:00,2023-10-28 22:32:00,14.2,277,Completed,
T5300,D237,R3556,Bangalore,Indiranagar,HSR Layout,2023-10-14 03:43:00,2023-10-14 03:48:00,2023-10-14 04:49:00,20.4,486,Completed,
T5301,D172,R1631,Bangalore,Koramangala,Jayanagar,2023-10-04 01:46:00,2023-10-04 01:49:00,2023-10-04 02:31:00,13.0,343,Completed,
T5302,D231,R3019,Mumbai,Juhu,Powai,2023-10-16 08:51:00,2023-10-16 08:57:00,2023-10-16 09:15:00,5.0,162,Completed,
T5303,D148,R3407,Bangalore,Whitefield,Koramangala,2023-10-23 03:03:00,2023-10-23 03:06:00,2023-10-23 04:10:00,24.5,489,Completed,
T5304,D316,R4064,Bangalore,Indiranagar,HSR Layout,2023-10-06 04:48:00,2023-10-06 04:54:00,2023-10-06 05:53:00,23.2,481,Completed,
T5305,D249,R4901,Bangalore,Koramangala,HSR Layout,2023-10-18 06:03:00,,,0.0,0.0,Cancelled,Driver Cancelled
T5306,D111,R1571,Delhi,Vasant Kunj,Rohini,2023-10-30 07:09:00,2023-10-30 07:19:00,2023-10-30 07:33:00,5.2,155,Completed,
T5307,D217,R3721,Delhi,Connaught Place,Vasant Kunj,2023-10-29 10:31:00,2023-10-29 10:38:00,2023-10-29 11:16:00,10.4,278,Completed,
T5308,D213,R4820,Mumbai,Andheri,Juhu,2023-10-10 20:13:00,2023-10-10 20:18:00,2023-10-10 21:24:00,23.2,619,Completed,
T5309,D144,R2968,Mumbai,Colaba,Powai,2023-10-04 18:17:00,2023-10-04 18:20:00,2023-10-04 18:34:00,3.7,120,Completed,
T5310,D145,R4095,Delhi,Connaught Place,Dwarka,2023-10-21 22:40:00,2023-10-21 22:49:00,2023-10-21 23:45:00,22.3,442,Completed,
T5311,D245,R2168,Bangalore,Koramangala,HSR Layout,2023-10-22 08:25:00,2023-10-22 08:37:00,2023-10-22 09:37:00,17.4,416,Completed,
T5312,D344,R3358,Mumbai,Colaba,Juhu,2023-10-14 21:34:00,,,0.0,0.0,Cancelled,Rider Cancelled
T5313,D104,R2548,Delhi,Rohini,Connaught Place,2023-10-12 19:17:00,2023-10-12 19:30:00,2023-10-12 20:05:00,9.3,206,Completed,
T5314,D183,R3912,Mumbai,Andheri,Juhu,2023-10-21 12:16:00,2023-10-21 12:23:00,2023-10-21 12:41:00,5.7,188,Completed,
T5315,D135,R4582,Mumbai,Juhu,Colaba,2023-10-28 04:21:00,2023-10-28 04:24:00,2023-10-28 05:08:00,13.9,372,Completed,
T5316,D350,R1087,Delhi,Saket,Connaught Place,2023-10-27 07:11:00,,,0.0,0.0,Cancelled,Rider Cancelled
T5317,D172,R2791,Bangalore,Koramangala,Indiranagar,2023-10-18 21:44:00,2023-10-18 21:54:00,2023-10-18 22:55:00,18.1,379,Completed,
T5318,D149,R4705,Mumbai,Andheri,Powai,2023-10-14 11:12:00,2023-10-14 11:21:00,2023-10-14 12:12:00,14.1,393,Completed,
T5319,D241,R3842,Delhi,Saket,Rohini,2023-10-29 12:24:00,2023-10-29 12:33:00,2023-10-29 13:23:00,13.1,323,Completed,
T5320,D324,R2075,Mumbai,Powai,Colaba,2023-10-15 13:08:00,,,0.0,0.0,Cancelled,Other
T5321,D156,R4037,Delhi,Vasant Kunj,Connaught Place,2023-10-29 02:20:00,2023-10-29 02:25:00,2023-10-29 03:42:00,24.9,447,Completed,
T5322,D337,R3272,Delhi,Dwarka,Saket,2023-10-30 11:48:00,2023-10-30 11:58:00,2023-10-30 12:29:00,11.2,301,Completed,
T5323,D283,R2296,Bangalore,Whitefield,HSR Layout,2023-10-06 14:14:00,2023-10-06 14:17:00,2023-10-06 14:26:00,2.9,99,Completed,
T5324,D112,R3164,Bangalore,Jayanagar,HSR Layout,2023-10-05 11:12:00,2023-10-05 11:19:00,2023-10-05 11:53:00,12.6,355,Completed,
T5325,D189,R2289,Delhi,Dwarka,Connaught Place,2023-10-17 03:20:00,2023-10-17 03:33:00,2023-10-17 03:49:00,5.2,140,Completed,
T5326,D163,R3772,Mumbai,Colaba,Juhu,2023-10-08 19:02:00,2023-10-08 19:10:00,2023-10-08 19:18:00,3.3,108,Completed,
T5327,D189,R3030,Delhi,Rohini,Saket,2023-10-01 01:08:00,2023-10-01 01:13:00,2023-10-01 02:31:00,23.9,536,Completed,
T5328,D333,R2586,Delhi,Connaught Place,Rohini,2023-10-05 17:29:00,2023-10-05 17:31:00,2023-10-05 18:54:00,22.1,511,Completed,
T5329,D310,R1978,Delhi,Vasant Kunj,Dwarka,2023-10-09 11:13:00,2023-10-09 11:21:00,2023-10-09 12:20:00,16.0,295,Completed,
T5330,D208,R3381,Mumbai,Colaba,Andheri,2023-10-18 01:11:00,2023-10-18 01:22:00,2023-10-18 02:35:00,21.9,573,Completed,
T5331,D306,R3792,Delhi,Rohini,Vasant Kunj,2023-10-27 17:47:00,,,0.0,0.0,Cancelled,Payment Issue
T5332,D180,R2543,Bangalore,Jayanagar,Koramangala,2023-10-16 14:37:00,2023-10-16 14:43:00,2023-10-16 16:16:00,24.4,631,Completed,
T5333,D232,R2035,Delhi,Connaught Place,Rohini,2023-10-18 07:57:00,2023-10-18 08:06:00,2023-10-18 09:37:00,23.4,431,Completed,
T5334,D292,R3975,Bangalore,HSR Layout,Koramangala,2023-10-05 05:26:00,2023-10-05 05:31:00,2023-10-05 06:22:00,17.1,462,Completed,
T5335,D226,R1694,Delhi,Saket,Vasant Kunj,2023-10-03 07:05:00,,,0.0,0.0,Cancelled,Driver Not Found
T5336,D344,R4156,Mumbai,Andheri,Colaba,2023-10-21 00:16:00,2023-10-21 00:31:00,2023-10-21 00:36:00,2.1,100,Completed,
T5337,D252,R2624,Bangalore,Jayanagar,Whitefield,2023-10-13 15:46:00,2023-10-13 15:51:00,2023-10-13 16:01:00,3.7,119,Completed,
T5338,D236,R1635,Mumbai,Andheri,Bandra,2023-10-09 14:52:00,2023-10-09 14:55:00,2023-10-09 15:52:00,22.3,558,Completed,
T5339,D155,R4501,Mumbai,Juhu,Andheri,2023-10-19 23:41:00,2023-10-19 23:54:00,2023-10-20 01:07:00,19.2,378,Completed,
T5340,D298,R1051,Mumbai,Bandra,Juhu,2023-10-07 19:10:00,2023-10-07 19:16:00,2023-10-07 20:09:00,16.5,313,Completed,
T5341,D281,R1266,Mumbai,Andheri,Juhu,2023-10-19 13:11:00,2023-10-19 13:16:00,2023-10-19 14:02:00,16.3,295,Completed,
T5342,D197,R3481,Delhi,Saket,Connaught Place,2023-10-11 17:00:00,,,0.0,0.0,Cancelled,Driver Not Found
T5343,D280,R1051,Mumbai,Powai,Bandra,2023-10-06 13:04:00,2023-10-06 13:10:00,2023-10-06 13:41:00,9.2,221,Completed,
T5344,D306,R4201,Delhi,Vasant Kunj,Saket,2023-10-03 20:13:00,,,0.0,0.0,Cancelled,Rider Cancelled
T5345,D183,R3020,Mumbai,Juhu,Bandra,2023-10-14 00:43:00,2023-10-14 00:53:00,2023-10-14 02:05:00,19.9,469,Completed,
T5346,D142,R1475,Mumbai,Bandra,Powai,2023-10-16 09:55:00,2023-10-16 09:59:00,2023-10-16 10:28:00,9.8,201,Completed,
T5347,D165,R2762,Bangalore,HSR Layout,Jayanagar,2023-10-23 22:05:00,2023-10-23 22:15:00,2023-10-23 22:49:00,12.8,282,Completed,
T5348,D215,R4144,Delhi,Vasant Kunj,Connaught Place,2023-10-05 13:22:00,2023-10-05 13:36:00,2023-10-05 14:34:00,20.1,515,Completed,
T5349,D213,R2864,Mumbai,Andheri,Bandra,2023-10-14 09:56:00,2023-10-14 10:05:00,2023-10-14 10:37:00,9.7,222,Completed,
T5350,D165,R1461,Bangalore,Koramangala,Jayanagar,2023-10-09 12:05:00,2023-10-09 12:14:00,2023-10-09 12:43:00,10.4,211,Completed,
T5351,D238,R3318,Delhi,Dwarka,Connaught Place,2023-10-02 20:27:00,2023-10-02 20:39:00,2023-10-02 20:56:00,6.1,176,Completed,
T5352,D120,R3541,Delhi,Rohini,Dwarka,2023-10-04 22:10:00,2023-10-04 22:20:00,2023-10-04 23:08:00,16.3,401,Completed,
T5353,D329,R2248,Delhi,Vasant Kunj,Rohini,2023-10-30 00:49:00,,,0.0,0.0,Cancelled,Other
T5354,D322,R2170,Bangalore,Koramangala,HSR Layout,2023-10-11 19:55:00,,,0.0,0.0,Cancelled,Driver Cancelled
T5355,D235,R2398,Delhi,Saket,Vasant Kunj,2023-10-01 15:37:00,2023-10-01 15:39:00,2023-10-01 16:48:00,17.5,402,Completed,
T5356,D217,R2131,Delhi,Rohini,Vasant Kunj,2023-10-22 00:10:00,,,0.0,0.0,Cancelled,Driver Cancelled
T5357,D163,R2931,Mumbai,Powai,Juhu,2023-10-23 02:40:00,,,0.0,0.0,Cancelled,Payment Issue
T5358,D266,R1837,Mumbai,Andheri,Colaba,2023-10-12 00:11:00,2023-10-12 00:25:00,2023-10-12 00:44:00,5.1,153,Completed,
T5359,D336,R2296,Delhi,Connaught Place,Saket,2023-10-26 20:13:00,2023-10-26 20:16:00,2023-10-26 21:22:00,19.9,496,Completed,
T5360,D281,R2253,Mumbai,Juhu,Colaba,2023-10-15 17:29:00,2023-10-15 17:34:00,2023-10-15 17:44:00,2.9,115,Completed,
T5361,D265,R2812,Mumbai,Bandra,Andheri,2023-10-05 19:56:00,2023-10-05 20:00:00,2023-10-05 20:21:00,6.4,187,Completed,
T5362,D200,R2649,Mumbai,Colaba,Juhu,2023-10-14 23:04:00,2023-10-14 23:10:00,2023-10-14 23:58:00,12.8,294,Completed,
T5363,D300,R2790,Mumbai,Juhu,Colaba,2023-10-02 06:29:00,2023-10-02 06:34:00,2023-10-02 07:06:00,8.9,255,Completed,
T5364,D275,R1797,Delhi,Rohini,Saket,2023-10-23 13:30:00,2023-10-23 13:40:00,2023-10-23 14:56:00,23.7,565,Completed,
T5365,D300,R4338,Mumbai,Bandra,Juhu,2023-10-27 06:08:00,2023-10-27 06:15:00,2023-10-27 07:42:00,24.8,591,Completed,
T5366,D333,R4793,Delhi,Saket,Vasant Kunj,2023-10-25 13:31:00,2023-10-25 13:34:00,2023-10-25 15:08:00,24.9,538,Completed,
T5367,D330,R2660,Delhi,Vasant Kunj,Dwarka,2023-10-07 23:19:00,2023-10-07 23:26:00,2023-10-08 00:19:00,20.1,443,Completed,
T5368,D304,R4953,Mumbai,Bandra,Colaba,2023-10-01 17:22:00,2023-10-01 17:28:00,2023-10-01 17:40:00,4.5,155,Completed,
T5369,D133,R1042,Bangalore,Koramangala,Jayanagar,2023-10-22 17:43:00,2023-10-22 17:55:00,2023-10-22 18:03:00,3.4,130,Completed,
T5370,D320,R1721,Mumbai,Andheri,Juhu,2023-10-01 16:40:00,2023-10-01 16:49:00,2023-10-01 17:34:00,15.3,297,Completed,
T5371,D127,R4704,Mumbai,Powai,Juhu,2023-10-05 11:05:00,2023-10-05 11:12:00,2023-10-05 11:41:00,9.4,212,Completed,
T5372,D299,R2838,Mumbai,Powai,Andheri,2023-10-08 03:48:00,2023-10-08 03:51:00,2023-10-08 04:42:00,15.7,364,Completed,
T5373,D311,R1617,Bangalore,Whitefield,Koramangala,2023-10-25 00:20:00,2023-10-25 00:24:00,2023-10-25 01:12:00,12.9,368,Completed,
T5374,D334,R4516,Mumbai,Juhu,Bandra,2023-10-01 15:34:00,2023-10-01 15:37:00,2023-10-01 16:02:00,9.7,227,Completed,
T5375,D242,R3828,Bangalore,Whitefield,Indiranagar,2023-10-04 07:38:00,2023-10-04 07:50:00,2023-10-04 08:40:00,14.7,273,Completed,
T5376,D250,R4314,Mumbai,Andheri,Colaba,2023-10-21 21:03:00,2023-10-21 21:12:00,2023-10-21 22:24:00,24.8,594,Completed,
T5377,D234,R1355,Delhi,Vasant Kunj,Saket,2023-10-04 13:10:00,2023-10-04 13:23:00,2023-10-04 13:39:00,6.0,152,Completed,
T5378,D142,R3735,Mumbai,Powai,Bandra,2023-10-04 12:26:00,,,0.0,0.0,Cancelled,Rider Cancelled
T5379,D217,R4073,Delhi,Vasant Kunj,Dwarka,2023-10-07 14:35:00,2023-10-07 14:49:00,2023-10-07 15:12:00,5.9,196,Completed,
T5380,D175,R4189,Mumbai,Powai,Andheri,2023-10-05 08:27:00,,,0.0,0.0,Cancelled,Driver Cancelled
T5381,D138,R4355,Bangalore,Koramangala,Whitefield,2023-10-26 03:55:00,2023-10-26 04:06:00,2023-10-26 04:52:00,15.9,371,Completed,
T5382,D334,R3905,Mumbai,Andheri,Powai,2023-10-05 10:47:00,2023-10-05 10:56:00,2023-10-05 11:42:00,15.6,385,Completed,
T5383,D270,R3284,Bangalore,Jayanagar,Indiranagar,2023-10-05 12:32:00,2023-10-05 12:35:00,2023-10-05 13:40:00,24.1,495,Completed,
T5384,D154,R3726,Delhi,Rohini,Connaught Place,2023-10-17 05:46:00,2023-10-17 05:49:00,2023-10-17 06:15:00,9.9,265,Completed,
T5385,D182,R1516,Bangalore,Jayanagar,Whitefield,2023-10-22 06:14:00,2023-10-22 06:20:00,2023-10-22 06:58:00,11.5,299,Completed,
T5386,D313,R3928,Delhi,Rohini,Saket,2023-10-12 03:46:00,2023-10-12 03:53:00,2023-10-12 05:18:00,22.7,514,Completed,
T5387,D180,R4996,Bangalore,Koramangala,Whitefield,2023-10-11 14:54:00,2023-10-11 15:08:00,2023-10-11 15:36:00,10.0,296,Completed,
T5388,D148,R2333,Bangalore,Koramangala,Indiranagar,2023-10-26 20:33:00,2023-10-26 20:44:00,2023-10-26 21:37:00,16.1,402,Completed,
T5389,D308,R1509,Delhi,Vasant Kunj,Rohini,2023-10-15 17:09:00,2023-10-15 17:13:00,2023-10-15 17:51:00,14.2,379,Completed,
T5390,D210,R4028,Mumbai,Juhu,Colaba,2023-10-12 06:11:00,2023-10-12 06:25:00,2023-10-12 06:41:00,4.9,150,Completed,
T5391,D309,R2702,Mumbai,Bandra,Colaba,2023-10-12 00:49:00,2023-10-12 00:53:00,2023-10-12 01:04:00,3.3,100,Completed,
T5392,D136,R2301,Mumbai,Andheri,Bandra,2023-10-18 22:35:00,2023-10-18 22:47:00,2023-10-18 23:43:00,20.9,414,Completed,
T5393,D315,R4606,Mumbai,Bandra,Colaba,2023-10-01 08:39:00,2023-10-01 08:45:00,2023-10-01 09:32:00,18.7,511,Completed,
T5394,D151,R1149,Delhi,Vasant Kunj,Dwarka,2023-10-24 10:10:00,,,0.0,0.0,Cancelled,Rider Cancelled
T5395,D174,R2996,Mumbai,Bandra,Andheri,2023-10-28 00:19:00,2023-10-28 00:25:00,2023-10-28 01:56:00,24.6,602,Completed,
T5396,D208,R1609,Mumbai,Colaba,Bandra,2023-10-14 01:31:00,2023-10-14 01:34:00,2023-10-14 01:44:00,3.8,118,Completed,
T5397,D138,R2437,Bangalore,Indiranagar,HSR Layout,2023-10-11 16:32:00,2023-10-11 16:41:00,2023-10-11 17:32:00,14.1,329,Completed,
T5398,D185,R2829,Bangalore,Koramangala,HSR Layout,2023-10-25 08:19:00,2023-10-25 08:30:00,2023-10-25 08:41:00,3.1,104,Completed,
T5399,D176,R4790,Delhi,Connaught Place,Vasant Kunj,2023-10-05 21:00:00,2023-10-05 21:02:00,2023-10-05 21:22:00,5.5,157,Completed,
T5400,D172,R2016,Bangalore,Jayanagar,HSR Layout,2023-10-21 11:03:00,2023-10-21 11:10:00,2023-10-21 11:30:00,6.1,174,Completed,
T5401,D119,R3729,Mumbai,Bandra,Powai,2023-10-15 13:59:00,2023-10-15 14:14:00,2023-10-15 14:34:00,7.4,225,Completed,
T5402,D268,R2108,Delhi,Connaught Place,Saket,2023-10-24 02:28:00,2023-10-24 02:30:00,2023-10-24 03:26:00,18.7,456,Completed,
T5403,D142,R4176,Mumbai,Powai,Colaba,2023-10-03 01:41:00,2023-10-03 01:43:00,2023-10-03 02:38:00,19.0,443,Completed,
T5404,D138,R4620,Bangalore,Whitefield,Jayanagar,2023-10-04 11:56:00,2023-10-04 12:05:00,2023-10-04 12:24:00,5.0,141,Completed,
T5405,D257,R2676,Delhi,Saket,Rohini,2023-10-17 10:53:00,2023-10-17 10:56:00,2023-10-17 11:54:00,15.3,378,Completed,
T5406,D334,R4328,Mumbai,Andheri,Colaba,2023-10-08 07:59:00,2023-10-08 08:11:00,2023-10-08 08:24:00,4.8,124,Completed,
T5407,D115,R3101,Bangalore,Koramangala,HSR Layout,2023-10-05 13:23:00,2023-10-05 13:25:00,2023-10-05 14:05:00,11.2,281,Completed,
T5408,D146,R4766,Delhi,Vasant Kunj,Rohini,2023-10-06 15:19:00,2023-10-06 15:27:00,2023-10-06 16:05:00,9.9,275,Completed,
T5409,D213,R1256,Mumbai,Colaba,Andheri,2023-10-19 09:29:00,2023-10-19 09:38:00,2023-10-19 09:52:00,5.6,168,Completed,
T5410,D230,R3903,Bangalore,Whitefield,HSR Layout,2023-10-17 18:47:00,2023-10-17 18:52:00,2023-10-17 19:25:00,13.0,337,Completed,
T5411,D329,R4849,Delhi,Rohini,Connaught Place,2023-10-29 14:17:00,2023-10-29 14:24:00,2023-10-29 15:11:00,18.6,336,Completed,
T5412,D182,R4916,Bangalore,Whitefield,HSR Layout,2023-10-20 20:00:00,2023-10-20 20:13:00,2023-10-20 20:55:00,13.4,347,Completed,
T5413,D151,R4615,Delhi,Vasant Kunj,Rohini,2023-10-29 17:06:00,,,0.0,0.0,Cancelled,Rider Cancelled
T5414,D240,R2111,Bangalore,Jayanagar,Indiranagar,2023-10-29 02:38:00,2023-10-29 02:46:00,2023-10-29 03:03:00,7.0,183,Completed,
T5415,D179,R1192,Bangalore,Indiranagar,HSR Layout,2023-10-18 20:56:00,2023-10-18 21:02:00,2023-10-18 21:11:00,3.4,115,Completed,
T5416,D311,R2641,Bangalore,Koramangala,Jayanagar,2023-10-12 01:31:00,2023-10-12 01:44:00,2023-10-12 02:28:00,17.0,313,Completed,
T5417,D260,R3214,Mumbai,Juhu,Colaba,2023-10-30 23:47:00,2023-10-30 23:51:00,2023-10-31 00:17:00,7.1,200,Completed,
T5418,D209,R1700,Bangalore,HSR Layout,Koramangala,2023-10-07 09:24:00,2023-10-07 09:37:00,2023-10-07 10:25:00,13.6,377,Completed,
T5419,D182,R3300,Bangalore,HSR Layout,Koramangala,2023-10-30 22:18:00,2023-10-30 22:21:00,2023-10-30 23:16:00,15.5,316,Completed,
T5420,D349,R1717,Delhi,Saket,Connaught Place,2023-10-03 15:05:00,2023-10-03 15:20:00,2023-10-03 15:44:00,9.3,224,Completed,
T5421,D215,R4924,Delhi,Dwarka,Connaught Place,2023-10-27 06:11:00,2023-10-27 06:25:00,2023-10-27 07:22:00,21.4,577,Completed,
T5422,D181,R4643,Delhi,Vasant Kunj,Dwarka,2023-10-01 16:55:00,,,0.0,0.0,Cancelled,Payment Issue
T5423,D229,R2553,Delhi,Dwarka,Saket,2023-10-06 21:21:00,2023-10-06 21:27:00,2023-10-06 21:36:00,2.6,91,Completed,
T5424,D221,R1648,Bangalore,Jayanagar,Koramangala,2023-10-11 15:15:00,2023-10-11 15:25:00,2023-10-11 16:53:00,24.5,501,Completed,
T5425,D323,R3914,Bangalore,HSR Layout,Koramangala,2023-10-18 20:32:00,2023-10-18 20:44:00,2023-10-18 21:14:00,8.3,213,Completed,
T5426,D104,R4329,Delhi,Saket,Dwarka,2023-10-23 03:27:00,2023-10-23 03:37:00,2023-10-23 04:07:00,9.7,239,Completed,
T5427,D150,R3321,Mumbai,Bandra,Andheri,2023-10-12 08:49:00,2023-10-12 09:01:00,2023-10-12 10:10:00,20.9,551,Completed,
T5428,D295,R3818,Mumbai,Juhu,Colaba,2023-10-06 06:14:00,2023-10-06 06:28:00,2023-10-06 06:37:00,2.7,103,Completed,
T5429,D174,R3365,Mumbai,Colaba,Powai,2023-10-11 14:15:00,2023-10-11 14:17:00,2023-10-11 14:26:00,3.6,106,Completed,
T5430,D337,R4937,Delhi,Rohini,Saket,2023-10-29 21:08:00,2023-10-29 21:12:00,2023-10-29 21:56:00,12.4,320,Completed,
T5431,D272,R4271,Bangalore,Indiranagar,HSR Layout,2023-10-03 12:39:00,2023-10-03 12:45:00,2023-10-03 13:49:00,20.8,485,Completed,
T5432,D280,R2672,Mumbai,Colaba,Bandra,2023-10-24 04:14:00,2023-10-24 04:18:00,2023-10-24 05:02:00,16.6,403,Completed,
T5433,D169,R1845,Delhi,Saket,Vasant Kunj,2023-10-03 09:48:00,2023-10-03 09:59:00,2023-10-03 11:13:00,23.4,613,Completed,
T5434,D235,R2922,Delhi,Dwarka,Vasant Kunj,2023-10-27 12:00:00,2023-10-27 12:03:00,2023-10-27 12:59:00,14.4,392,Completed,
T5435,D213,R3196,Mumbai,Powai,Juhu,2023-10-02 13:23:00,2023-10-02 13:25:00,2023-10-02 13:57:00,13.0,265,Completed,
T5436,D171,R1422,Delhi,Vasant Kunj,Dwarka,2023-10-10 22:07:00,2023-10-10 22:20:00,2023-10-10 23:25:00,23.0,524,Completed,
T5437,D277,R1869,Mumbai,Powai,Juhu,2023-10-28 20:44:00,2023-10-28 20:51:00,2023-10-28 21:07:00,4.8,128,Completed,
T5438,D110,R2806,Bangalore,Indiranagar,HSR Layout,2023-10-04 23:34:00,2023-10-04 23:39:00,2023-10-05 00:39:00,16.8,375,Completed,
T5439,D102,R2870,Bangalore,Koramangala,Whitefield,2023-10-13 17:20:00,,,0.0,0.0,Cancelled,Driver Cancelled
T5440,D107,R4311,Mumbai,Juhu,Andheri,2023-10-09 20:07:00,2023-10-09 20:14:00,2023-10-09 20:56:00,14.5,324,Completed,
T5441,D345,R3948,Bangalore,Koramangala,Whitefield,2023-10-06 12:49:00,2023-10-06 12:57:00,2023-10-06 14:21:00,24.5,442,Completed,
T5442,D124,R3477,Delhi,Saket,Dwarka,2023-10-01 19:51:00,2023-10-01 20:01:00,2023-10-01 20:13:00,3.2,108,Completed,
T5443,D336,R4265,Delhi,Connaught Place,Dwarka,2023-10-05 11:44:00,2023-10-05 11:58:00,2023-10-05 12:07:00,3.7,107,Completed,
T5444,D203,R2166,Mumbai,Colaba,Bandra,2023-10-05 16:23:00,2023-10-05 16:31:00,2023-10-05 16:55:00,7.4,190,Completed,
T5445,D231,R4980,Mumbai,Powai,Colaba,2023-10-04 07:36:00,2023-10-04 07:38:00,2023-10-04 07:54:00,5.9,181,Completed,
T5446,D286,R4903,Delhi,Saket,Dwarka,2023-10-26 01:46:00,2023-10-26 01:57:00,2023-10-26 02:50:00,21.1,462,Completed,
T5447,D194,R3358,Mumbai,Andheri,Colaba,2023-10-07 21:55:00,2023-10-07 22:05:00,2023-10-07 22:39:00,9.0,239,Completed,
T5448,D193,R3161,Mumbai,Bandra,Powai,2023-10-03 00:39:00,2023-10-03 00:54:00,2023-10-03 01:30:00,11.5,318,Completed,
T5449,D213,R1152,Mumbai,Juhu,Bandra,2023-10-04 01:54:00,2023-10-04 02:08:00,2023-10-04 03:09:00,18.8,386,Completed,
T5450,D272,R2758,Bangalore,Indiranagar,Jayanagar,2023-10-13 04:31:00,2023-10-13 04:37:00,2023-10-13 05:46:00,18.9,350,Completed,
T5451,D218,R4347,Mumbai,Juhu,Bandra,2023-10-25 19:11:00,2023-10-25 19:15:00,2023-10-25 19:48:00,12.3,273,Completed,
T5452,D335,R4197,Delhi,Connaught Place,Saket,2023-10-17 06:15:00,2023-10-17 06:18:00,2023-10-17 06:49:00,11.1,239,Completed,
T5453,D212,R3164,Bangalore,Jayanagar,HSR Layout,2023-10-16 10:35:00,2023-10-16 10:45:00,2023-10-16 11:49:00,20.8,516,Completed,
T5454,D319,R1766,Mumbai,Powai,Juhu,2023-10-22 08:34:00,2023-10-22 08:48:00,2023-10-22 09:31:00,12.7,341,Completed,
T5455,D305,R2557,Delhi,Rohini,Vasant Kunj,2023-10-20 20:55:00,2023-10-20 21:04:00,2023-10-20 21:32:00,9.4,238,Completed,
T5456,D247,R3287,Bangalore,Jayanagar,Whitefield,2023-10-04 20:22:00,2023-10-04 20:29:00,2023-10-04 21:51:00,21.3,551,Completed,
T5457,D238,R2789,Delhi,Saket,Dwarka,2023-10-07 10:52:00,2023-10-07 10:57:00,2023-10-07 11:45:00,17.1,415,Completed,
T5458,D129,R4134,Delhi,Rohini,Vasant Kunj,2023-10-14 07:08:00,2023-10-14 07:13:00,2023-10-14 08:12:00,17.1,329,Completed,
T5459,D330,R2144,Delhi,Saket,Dwarka,2023-10-21 14:19:00,2023-10-21 14:27:00,2023-10-21 14:34:00,3.0,97,Completed,
T5460,D326,R1415,Mumbai,Juhu,Powai,2023-10-23 14:24:00,2023-10-23 14:36:00,2023-10-23 15:19:00,14.1,353,Completed,
T5461,D333,R1146,Delhi,Dwarka,Saket,2023-10-04 09:15:00,,,0.0,0.0,Cancelled,Driver Not Found
T5462,D307,R2908,Mumbai,Juhu,Powai,2023-10-13 01:54:00,,,0.0,0.0,Cancelled,Driver Cancelled
T5463,D342,R2390,Delhi,Vasant Kunj,Connaught Place,2023-10-25 01:21:00,2023-10-25 01:26:00,2023-10-25 01:48:00,8.8,230,Completed,
T5464,D345,R3864,Bangalore,HSR Layout,Jayanagar,2023-10-07 17:36:00,2023-10-07 17:42:00,2023-10-07 18:23:00,14.9,383,Completed,
T5465,D195,R2435,Delhi,Connaught Place,Dwarka,2023-10-08 15:31:00,2023-10-08 15:37:00,2023-10-08 16:20:00,12.8,328,Completed,
T5466,D158,R2513,Bangalore,Jayanagar,Whitefield,2023-10-01 02:06:00,2023-10-01 02:15:00,2023-10-01 03:43:00,25.0,495,Completed,
T5467,D111,R2591,Delhi,Dwarka,Vasant Kunj,2023-10-19 07:59:00,2023-10-19 08:10:00,2023-10-19 08:29:00,5.2,153,Completed,
T5468,D223,R1295,Delhi,Connaught Place,Vasant Kunj,2023-10-22 18:49:00,2023-10-22 18:51:00,2023-10-22 19:10:00,7.0,174,Completed,
T5469,D262,R3032,Delhi,Dwarka,Rohini,2023-10-16 20:33:00,2023-10-16 20:44:00,2023-10-16 21:05:00,7.8,177,Completed,
T5470,D227,R2816,Mumbai,Colaba,Juhu,2023-10-15 17:13:00,2023-10-15 17:16:00,2023-10-15 17:27:00,4.2,148,Completed,
T5471,D350,R2600,Delhi,Connaught Place,Vasant Kunj,2023-10-25 10:39:00,2023-10-25 10:46:00,2023-10-25 11:34:00,16.8,324,Completed,
T5472,D263,R4390,Delhi,Dwarka,Connaught Place,2023-10-09 01:56:00,2023-10-09 02:04:00,2023-10-09 02:13:00,3.5,129,Completed,
T5473,D160,R2949,Delhi,Rohini,Dwarka,2023-10-27 15:35:00,2023-10-27 15:37:00,2023-10-27 16:08:00,8.1,215,Completed,
T5474,D239,R1532,Delhi,Connaught Place,Rohini,2023-10-21 16:49:00,2023-10-21 16:52:00,2023-10-21 18:07:00,19.9,387,Completed,
T5475,D269,R1238,Mumbai,Juhu,Colaba,2023-10-06 01:23:00,2023-10-06 01:27:00,2023-10-06 02:10:00,13.2,358,Completed,
T5476,D105,R2631,Bangalore,HSR Layout,Indiranagar,2023-10-02 01:41:00,2023-10-02 01:51:00,2023-10-02 02:00:00,2.5,103,Completed,
T5477,D173,R1127,Mumbai,Bandra,Juhu,2023-10-13 17:33:00,2023-10-13 17:41:00,2023-10-13 18:01:00,5.4,145,Completed,
T5478,D186,R3258,Delhi,Saket,Dwarka,2023-10-15 09:06:00,2023-10-15 09:18:00,2023-10-15 09:33:00,4.1,132,Completed,
T5479,D198,R4646,Delhi,Rohini,Saket,2023-10-14 03:44:00,2023-10-14 03:58:00,2023-10-14 04:32:00,10.6,210,Completed,
T5480,D148,R4919,Bangalore,Indiranagar,HSR Layout,2023-10-26 20:24:00,2023-10-26 20:33:00,2023-10-26 21:12:00,10.7,290,Completed,
T5481,D333,R2628,Delhi,Saket,Connaught Place,2023-10-25 23:45:00,2023-10-25 23:56:00,2023-10-26 01:10:00,21.3,420,Completed,
T5482,D187,R4924,Bangalore,Koramangala,HSR Layout,2023-10-07 08:03:00,2023-10-07 08:09:00,2023-10-07 08:36:00,7.7,195,Completed,
T5483,D222,R3384,Bangalore,Indiranagar,Koramangala,2023-10-27 08:56:00,,,0.0,0.0,Cancelled,Driver Cancelled
T5484,D200,R2822,Mumbai,Juhu,Colaba,2023-10-05 11:41:00,2023-10-05 11:54:00,2023-10-05 12:39:00,12.4,326,Completed,
T5485,D339,R4134,Bangalore,Koramangala,Whitefield,2023-10-04 14:13:00,2023-10-04 14:23:00,2023-10-04 15:35:00,23.8,599,Completed,
T5486,D225,R2515,Mumbai,Colaba,Bandra,2023-10-17 23:00:00,2023-10-17 23:02:00,2023-10-17 23:13:00,3.1,123,Completed,
T5487,D271,R1044,Delhi,Rohini,Vasant Kunj,2023-10-30 10:15:00,,,0.0,0.0,Cancelled,Driver Not Found
T5488,D208,R4063,Mumbai,Juhu,Colaba,2023-10-14 15:25:00,2023-10-14 15:40:00,2023-10-14 17:00:00,20.4,460,Completed,
T5489,D157,R3562,Bangalore,HSR Layout,Jayanagar,2023-10-13 22:44:00,2023-10-13 22:54:00,2023-10-13 23:44:00,17.5,417,Completed,
T5490,D260,R1403,Mumbai,Bandra,Andheri,2023-10-28 10:06:00,2023-10-28 10:08:00,2023-10-28 11:11:00,19.8,362,Completed,
T5491,D250,R3068,Mumbai,Andheri,Colaba,2023-10-02 00:43:00,2023-10-02 00:58:00,2023-10-02 01:28:00,7.7,216,Completed,
T5492,D224,R3664,Mumbai,Bandra,Powai,2023-10-28 08:36:00,2023-10-28 08:43:00,2023-10-28 09:32:00,14.3,336,Completed,
T5493,D223,R2997,Delhi,Saket,Connaught Place,2023-10-19 04:59:00,2023-10-19 05:06:00,2023-10-19 06:04:00,15.3,375,Completed,
T5494,D320,R3336,Mumbai,Powai,Juhu,2023-10-23 10:05:00,2023-10-23 10:19:00,2023-10-23 11:31:00,24.8,477,Completed,
T5495,D201,R4205,Delhi,Vasant Kunj,Rohini,2023-10-28 16:34:00,2023-10-28 16:42:00,2023-10-28 17:23:00,13.7,309,Completed,
T5496,D228,R1154,Mumbai,Bandra,Andheri,2023-10-12 00:30:00,2023-10-12 00:42:00,2023-10-12 01:51:00,23.9,517,Completed,
T5497,D252,R1510,Bangalore,HSR Layout,Jayanagar,2023-10-27 13:46:00,2023-10-27 13:53:00,2023-10-27 14:27:00,8.9,262,Completed,
T5498,D317,R1708,Delhi,Vasant Kunj,Connaught Place,2023-10-26 15:37:00,2023-10-26 15:46:00,2023-10-26 16:23:00,10.2,212,Completed,
T5499,D208,R3275,Mumbai,Powai,Bandra,2023-10-16 05:47:00,2023-10-16 05:53:00,2023-10-16 06:01:00,3.4,107,Completed,
T5500,D348,R2474,Mumbai,Andheri,Bandra,2023-10-09 15:58:00,2023-10-09 16:08:00,2023-10-09 16:50:00,13.0,259,Completed,
